seed,disable_age,treatment_mean_convention_strength,baseline_mean_convention_strength,difference_mean_convention_strength,treatment_replacement_rate,baseline_replacement_rate,difference_replacement_rate,treatment_mean_speed,baseline_mean_speed,difference_mean_speed
20260901,1,0.9566666666666668,0.9545833333333332,0.002083333333333548,0.030508333333333332,0.024275,0.00623333333333333,2.979375,2.9739583333333335,0.005416666666666625
20260901,2,0.9637500000000003,0.9545833333333332,0.0091666666666671,0.023958333333333335,0.024275,-0.0003166666666666665,2.9795833333333333,2.9739583333333335,0.005624999999999769
20260901,3,0.9604166666666668,0.9545833333333332,0.005833333333333579,0.023841666666666667,0.024275,-0.0004333333333333342,2.9802083333333336,2.9739583333333335,0.006250000000000089
20260901,4,0.9658333333333335,0.9545833333333332,0.011250000000000315,0.022825,0.024275,-0.00145,2.9825,2.9739583333333335,0.008541666666666448
20260901,5,0.9604166666666669,0.9545833333333332,0.00583333333333369,0.022291666666666668,0.024275,-0.0019833333333333335,2.9825000000000004,2.9739583333333335,0.008541666666666892
20260901,6,0.9654166666666668,0.9545833333333332,0.010833333333333584,0.024191666666666667,0.024275,-8.333333333333456e-5,2.9791666666666665,2.9739583333333335,0.005208333333333037
20260901,7,0.9666666666666668,0.9545833333333332,0.012083333333333557,0.02265,0.024275,-0.0016250000000000014,2.9804166666666667,2.9739583333333335,0.006458333333333233
20260901,8,0.96125,0.9545833333333332,0.006666666666666821,0.022933333333333333,0.024275,-0.001341666666666668,2.983125,2.9739583333333335,0.009166666666666323
20260901,9,0.9670833333333333,0.9545833333333332,0.012500000000000067,0.023158333333333333,0.024275,-0.0011166666666666686,2.9839583333333333,2.9739583333333335,0.009999999999999787
20260901,10,0.9616666666666666,0.9545833333333332,0.00708333333333333,0.023816666666666667,0.024275,-0.0004583333333333349,2.9706249999999996,2.9739583333333335,-0.0033333333333338544
20260901,11,0.9670833333333334,0.9545833333333332,0.012500000000000178,0.02235,0.024275,-0.001925000000000003,2.9870833333333335,2.9739583333333335,0.013125000000000053
20260901,12,0.9570833333333335,0.9545833333333332,0.0025000000000002798,0.023875,0.024275,-0.00040000000000000105,2.978958333333334,2.9739583333333335,0.0050000000000003375
20260901,13,0.9525,0.9545833333333332,-0.002083333333333215,0.025141666666666666,0.024275,0.0008666666666666649,2.9816666666666665,2.9739583333333335,0.007708333333332984
20260901,14,0.9604166666666668,0.9545833333333332,0.005833333333333579,0.022216666666666666,0.024275,-0.0020583333333333356,2.9818749999999996,2.9739583333333335,0.007916666666666128
20260901,15,0.9683333333333334,0.9545833333333332,0.013750000000000151,0.024666666666666667,0.024275,0.00039166666666666516,2.9852083333333335,2.9739583333333335,0.011249999999999982
20260901,16,0.9637500000000001,0.9545833333333332,0.009166666666666878,0.024833333333333332,0.024275,0.0005583333333333308,2.9850000000000003,2.9739583333333335,0.011041666666666838
20260901,17,0.9525000000000002,0.9545833333333332,-0.002083333333332993,0.026025,0.024275,0.001749999999999998,2.9760416666666663,2.9739583333333335,0.002083333333332771
20260901,18,0.9674999999999999,0.9545833333333332,0.012916666666666687,0.022683333333333333,0.024275,-0.0015916666666666683,2.982291666666667,2.9739583333333335,0.008333333333333304
20260901,19,0.9637499999999999,0.9545833333333332,0.009166666666666656,0.023716666666666667,0.024275,-0.0005583333333333343,2.981875,2.9739583333333335,0.007916666666666572
20260901,20,0.9654166666666668,0.9545833333333332,0.010833333333333584,0.024975,0.024275,0.0006999999999999992,2.98375,2.9739583333333335,0.009791666666666643
20260901,21,0.9625,0.9545833333333332,0.007916666666666794,0.023458333333333335,0.024275,-0.0008166666666666669,2.9835416666666665,2.9739583333333335,0.009583333333333055
20260901,22,0.9662500000000002,0.9545833333333332,0.011666666666666936,0.0238,0.024275,-0.00047499999999999973,2.9816666666666665,2.9739583333333335,0.007708333333332984
20260901,23,0.9533333333333331,0.9545833333333332,-0.0012500000000000844,0.023658333333333333,0.024275,-0.0006166666666666681,2.9785416666666666,2.9739583333333335,0.004583333333333162
20260901,24,0.9600000000000002,0.9545833333333332,0.005416666666666958,0.022033333333333332,0.024275,-0.0022416666666666696,2.981875,2.9739583333333335,0.007916666666666572
20260901,25,0.9620833333333335,0.9545833333333332,0.007500000000000284,0.02585,0.024275,0.001575,2.9775,2.9739583333333335,0.003541666666666554
20260901,26,0.9591666666666667,0.9545833333333332,0.004583333333333495,0.026733333333333335,0.024275,0.002458333333333333,2.9768749999999997,2.9739583333333335,0.0029166666666662344
20260901,27,0.9566666666666664,0.9545833333333332,0.002083333333333215,0.026266666666666667,0.024275,0.001991666666666666,2.9854166666666666,2.9739583333333335,0.011458333333333126
20260901,28,0.9645833333333333,0.9545833333333332,0.01000000000000012,0.024033333333333334,0.024275,-0.0002416666666666678,2.9804166666666663,2.9739583333333335,0.006458333333332789
20260901,29,0.9629166666666669,0.9545833333333332,0.008333333333333637,0.024091666666666667,0.024275,-0.00018333333333333396,2.9795833333333333,2.9739583333333335,0.005624999999999769
20260901,30,0.9591666666666667,0.9545833333333332,0.004583333333333495,0.025475,0.024275,0.0011999999999999997,2.982291666666667,2.9739583333333335,0.008333333333333304
20260901,31,0.9683333333333334,0.9545833333333332,0.013750000000000151,0.02345,0.024275,-0.0008250000000000028,2.986041666666667,2.9739583333333335,0.012083333333333446
20260901,32,0.9625,0.9545833333333332,0.007916666666666794,0.025083333333333332,0.024275,0.000808333333333331,2.979791666666667,2.9739583333333335,0.005833333333333357
20260901,33,0.9650000000000001,0.9545833333333332,0.010416666666666852,0.025508333333333334,0.024275,0.0012333333333333328,2.977291666666667,2.9739583333333335,0.0033333333333334103
20260901,34,0.9691666666666668,0.9545833333333332,0.014583333333333615,0.022475,0.024275,-0.001800000000000003,2.9810416666666666,2.9739583333333335,0.007083333333333108
20260901,35,0.9541666666666668,0.9545833333333332,-0.00041666666666639873,0.02555,0.024275,0.0012749999999999984,2.9825000000000004,2.9739583333333335,0.008541666666666892
20260901,36,0.9558333333333333,0.9545833333333332,0.0012500000000000844,0.026491666666666667,0.024275,0.0022166666666666654,2.9820833333333336,2.9739583333333335,0.00812500000000016
20260901,37,0.9650000000000002,0.9545833333333332,0.010416666666666963,0.023525,0.024275,-0.0007500000000000007,2.97875,2.9739583333333335,0.0047916666666663055
20260901,38,0.9550000000000003,0.9545833333333332,0.00041666666666706487,0.02395,0.024275,-0.00032500000000000237,2.9781250000000004,2.9739583333333335,0.004166666666666874
20260901,39,0.9579166666666665,0.9545833333333332,0.0033333333333332993,0.023716666666666667,0.024275,-0.0005583333333333343,2.9822916666666663,2.9739583333333335,0.00833333333333286
20260901,40,0.9650000000000002,0.9545833333333332,0.010416666666666963,0.024083333333333335,0.024275,-0.00019166666666666637,2.975833333333333,2.9739583333333335,0.001874999999999627
20260901,41,0.9591666666666668,0.9545833333333332,0.004583333333333606,0.023566666666666666,0.024275,-0.0007083333333333351,2.978958333333334,2.9739583333333335,0.0050000000000003375
20260901,42,0.9650000000000001,0.9545833333333332,0.010416666666666852,0.024608333333333333,0.024275,0.0003333333333333313,2.98375,2.9739583333333335,0.009791666666666643
20260901,43,0.9620833333333335,0.9545833333333332,0.007500000000000284,0.024558333333333335,0.024275,0.00028333333333333335,2.9827083333333326,2.9739583333333335,0.008749999999999147
20260901,44,0.9645833333333333,0.9545833333333332,0.01000000000000012,0.024575,0.024275,0.0002999999999999982,2.9854166666666666,2.9739583333333335,0.011458333333333126
20260901,45,0.95875,0.9545833333333332,0.004166666666666763,0.026608333333333335,0.024275,0.002333333333333333,2.9760416666666663,2.9739583333333335,0.002083333333332771
20260901,46,0.9670833333333333,0.9545833333333332,0.012500000000000067,0.026341666666666666,0.024275,0.0020666666666666646,2.9812499999999997,2.9739583333333335,0.007291666666666252
20260901,47,0.9679166666666668,0.9545833333333332,0.01333333333333353,0.023325,0.024275,-0.0009500000000000029,2.981666666666667,2.9739583333333335,0.007708333333333428
20260901,48,0.9583333333333333,0.9545833333333332,0.003750000000000031,0.0241,0.024275,-0.00017500000000000154,2.9831250000000002,2.9739583333333335,0.009166666666666767
20260901,49,0.9616666666666669,0.9545833333333332,0.0070833333333336634,0.02695,0.024275,0.0026750000000000003,2.979375,2.9739583333333335,0.005416666666666625
20260901,50,0.9554166666666669,0.9545833333333332,0.0008333333333336856,0.027483333333333332,0.024275,0.0032083333333333304,2.9791666666666665,2.9739583333333335,0.005208333333333037
20260902,1,0.9529166666666666,0.9616666666666666,-0.008749999999999925,0.030958333333333334,0.0287,0.0022583333333333344,2.9795833333333333,2.9781250000000004,0.0014583333333328952
20260902,2,0.9633333333333333,0.9616666666666666,0.0016666666666667052,0.0232,0.0287,-0.005500000000000001,2.9854166666666666,2.9781250000000004,0.007291666666666252
20260902,3,0.9604166666666666,0.9616666666666666,-0.0012499999999999734,0.02325,0.0287,-0.00545,2.978333333333334,2.9781250000000004,0.00020833333333358794
20260902,4,0.9600000000000002,0.9616666666666666,-0.001666666666666372,0.024558333333333335,0.0287,-0.004141666666666665,2.9787500000000002,2.9781250000000004,0.0006249999999998757
20260902,5,0.9666666666666668,0.9616666666666666,0.0050000000000002265,0.024883333333333334,0.0287,-0.003816666666666666,2.9860416666666665,2.9781250000000004,0.007916666666666128
20260902,6,0.9604166666666666,0.9616666666666666,-0.0012499999999999734,0.023525,0.0287,-0.005174999999999999,2.9781250000000004,2.9781250000000004,0.0
20260902,7,0.96125,0.9616666666666666,-0.00041666666666650976,0.023608333333333332,0.0287,-0.005091666666666668,2.9793749999999997,2.9781250000000004,0.0012499999999993072
20260902,8,0.9691666666666666,0.9616666666666666,0.007500000000000062,0.022458333333333334,0.0287,-0.006241666666666666,2.9795833333333337,2.9781250000000004,0.0014583333333333393
20260902,9,0.9620833333333335,0.9616666666666666,0.00041666666666695384,0.024641666666666666,0.0287,-0.004058333333333334,2.9793749999999997,2.9781250000000004,0.0012499999999993072
20260902,10,0.9683333333333334,0.9616666666666666,0.006666666666666821,0.024416666666666666,0.0287,-0.0042833333333333334,2.9762500000000003,2.9781250000000004,-0.001875000000000071
20260902,11,0.9670833333333333,0.9616666666666666,0.005416666666666736,0.023283333333333333,0.0287,-0.005416666666666667,2.98125,2.9781250000000004,0.0031249999999998224
20260902,12,0.9595833333333333,0.9616666666666666,-0.002083333333333215,0.025491666666666666,0.0287,-0.003208333333333334,2.981875,2.9781250000000004,0.003749999999999698
20260902,13,0.9604166666666668,0.9616666666666666,-0.0012499999999997513,0.024525,0.0287,-0.004174999999999998,2.984375,2.9781250000000004,0.006249999999999645
20260902,14,0.9650000000000001,0.9616666666666666,0.0033333333333335213,0.023666666666666666,0.0287,-0.005033333333333334,2.981875,2.9781250000000004,0.003749999999999698
20260902,15,0.9512500000000003,0.9616666666666666,-0.010416666666666297,0.024708333333333332,0.0287,-0.003991666666666668,2.9827083333333335,2.9781250000000004,0.004583333333333162
20260902,16,0.9637499999999999,0.9616666666666666,0.002083333333333326,0.024058333333333334,0.0287,-0.0046416666666666655,2.980625,2.9781250000000004,0.0024999999999995026
20260902,17,0.9625000000000001,0.9616666666666666,0.0008333333333335746,0.025833333333333333,0.0287,-0.0028666666666666667,2.979791666666667,2.9781250000000004,0.0016666666666664831
20260902,18,0.9700000000000001,0.9616666666666666,0.008333333333333526,0.024141666666666665,0.0287,-0.004558333333333334,2.9816666666666665,2.9781250000000004,0.00354166666666611
20260902,19,0.9620833333333334,0.9616666666666666,0.0004166666666668428,0.025208333333333333,0.0287,-0.0034916666666666672,2.9777083333333336,2.9781250000000004,-0.0004166666666667318
20260902,20,0.9595833333333335,0.9616666666666666,-0.002083333333333104,0.024683333333333335,0.0287,-0.004016666666666665,2.977291666666667,2.9781250000000004,-0.0008333333333334636
20260902,21,0.9662500000000002,0.9616666666666666,0.004583333333333606,0.02345,0.0287,-0.005250000000000001,2.9814583333333333,2.9781250000000004,0.0033333333333329662
20260902,22,0.9629166666666666,0.9616666666666666,0.0012500000000000844,0.024416666666666666,0.0287,-0.0042833333333333334,2.985,2.9781250000000004,0.00687499999999952
20260902,23,0.9683333333333334,0.9616666666666666,0.006666666666666821,0.024041666666666666,0.0287,-0.004658333333333334,2.9787500000000007,2.9781250000000004,0.0006250000000003197
20260902,24,0.9654166666666668,0.9616666666666666,0.003750000000000253,0.024708333333333332,0.0287,-0.003991666666666668,2.9833333333333334,2.9781250000000004,0.005208333333333037
20260902,25,0.9554166666666669,0.9616666666666666,-0.006249999999999645,0.0257,0.0287,-0.002999999999999999,2.9814583333333333,2.9781250000000004,0.0033333333333329662
20260902,26,0.97,0.9616666666666666,0.008333333333333415,0.024875,0.0287,-0.0038249999999999985,2.976875,2.9781250000000004,-0.0012500000000001954
20260902,27,0.9708333333333334,0.9616666666666666,0.009166666666666878,0.025225,0.0287,-0.003474999999999999,2.986666666666667,2.9781250000000004,0.008541666666666448
20260902,28,0.9679166666666668,0.9616666666666666,0.0062500000000002,0.024766666666666666,0.0287,-0.003933333333333334,2.984583333333333,2.9781250000000004,0.006458333333332789
20260902,29,0.9612499999999999,0.9616666666666666,-0.0004166666666666208,0.025291666666666667,0.0287,-0.0034083333333333327,2.9833333333333334,2.9781250000000004,0.005208333333333037
20260902,30,0.9533333333333337,0.9616666666666666,-0.00833333333333286,0.025525,0.0287,-0.0031750000000000007,2.9852083333333335,2.9781250000000004,0.007083333333333108
20260902,31,0.9650000000000002,0.9616666666666666,0.0033333333333336324,0.0239,0.0287,-0.004799999999999999,2.9833333333333334,2.9781250000000004,0.005208333333333037
20260902,32,0.9608333333333332,0.9616666666666666,-0.0008333333333333526,0.0242,0.0287,-0.0045000000000000005,2.9785416666666666,2.9781250000000004,0.0004166666666662877
20260902,33,0.9608333333333334,0.9616666666666666,-0.0008333333333331305,0.025966666666666666,0.0287,-0.002733333333333334,2.9745833333333334,2.9781250000000004,-0.0035416666666669983
20260902,34,0.9633333333333336,0.9616666666666666,0.0016666666666670382,0.026025,0.0287,-0.0026750000000000003,2.9775,2.9781250000000004,-0.0006250000000003197
20260902,35,0.9591666666666667,0.9616666666666666,-0.0024999999999998357,0.024741666666666665,0.0287,-0.0039583333333333345,2.9820833333333328,2.9781250000000004,0.003958333333332398
20260902,36,0.9591666666666665,0.9616666666666666,-0.0025000000000000577,0.0259,0.0287,-0.0028000000000000004,2.9799999999999995,2.9781250000000004,0.0018749999999991829
20260902,37,0.9595833333333331,0.9616666666666666,-0.002083333333333437,0.024983333333333333,0.0287,-0.0037166666666666667,2.9814583333333338,2.9781250000000004,0.0033333333333334103
20260902,38,0.9579166666666667,0.9616666666666666,-0.003749999999999809,0.02415,0.0287,-0.0045499999999999985,2.9820833333333336,2.9781250000000004,0.003958333333333286
20260902,39,0.9620833333333335,0.9616666666666666,0.00041666666666695384,0.025308333333333332,0.0287,-0.003391666666666668,2.978958333333333,2.9781250000000004,0.0008333333333325754
20260902,40,0.9604166666666666,0.9616666666666666,-0.0012499999999999734,0.02555,0.0287,-0.00315,2.9810416666666666,2.9781250000000004,0.0029166666666662344
20260902,41,0.9616666666666667,0.9616666666666666,1.1102230246251565e-16,0.024183333333333334,0.0287,-0.004516666666666665,2.9783333333333335,2.9781250000000004,0.00020833333333314386
20260902,42,0.9587499999999999,0.9616666666666666,-0.0029166666666666785,0.024808333333333335,0.0287,-0.003891666666666665,2.98125,2.9781250000000004,0.0031249999999998224
20260902,43,0.9625000000000001,0.9616666666666666,0.0008333333333335746,0.02395,0.0287,-0.004750000000000001,2.975833333333333,2.9781250000000004,-0.002291666666667247
20260902,44,0.9566666666666668,0.9616666666666666,-0.004999999999999782,0.027,0.0287,-0.0017000000000000001,2.9768749999999993,2.9781250000000004,-0.0012500000000010836
20260902,45,0.9579166666666667,0.9616666666666666,-0.003749999999999809,0.025808333333333332,0.0287,-0.0028916666666666674,2.9779166666666663,2.9781250000000004,-0.00020833333333403203
20260902,46,0.9625,0.9616666666666666,0.0008333333333334636,0.024925,0.0287,-0.0037750000000000006,2.98,2.9781250000000004,0.001874999999999627
20260902,47,0.96125,0.9616666666666666,-0.00041666666666650976,0.025041666666666667,0.0287,-0.003658333333333333,2.9818750000000005,2.9781250000000004,0.003750000000000142
20260902,48,0.9579166666666665,0.9616666666666666,-0.003750000000000031,0.023341666666666667,0.0287,-0.005358333333333333,2.985416666666667,2.9781250000000004,0.007291666666666696
20260902,49,0.9608333333333337,0.9616666666666666,-0.0008333333333329085,0.026875,0.0287,-0.0018250000000000002,2.98,2.9781250000000004,0.001874999999999627
20260902,50,0.9616666666666667,0.9616666666666666,1.1102230246251565e-16,0.025441666666666668,0.0287,-0.003258333333333332,2.9750000000000005,2.9781250000000004,-0.0031249999999998224
20260903,1,0.9525,0.9650000000000001,-0.012500000000000067,0.028316666666666667,0.024433333333333335,0.0038833333333333324,2.9770833333333333,2.9779166666666663,-0.0008333333333330195
20260903,2,0.9683333333333334,0.9650000000000001,0.0033333333333332993,0.022583333333333334,0.024433333333333335,-0.001850000000000001,2.9843749999999996,2.9779166666666663,0.006458333333333233
20260903,3,0.969166666666667,0.9650000000000001,0.004166666666666874,0.022708333333333334,0.024433333333333335,-0.0017250000000000008,2.984583333333333,2.9779166666666663,0.006666666666666821
20260903,4,0.9637499999999999,0.9650000000000001,-0.0012500000000001954,0.021358333333333333,0.024433333333333335,-0.0030750000000000013,2.97625,2.9779166666666663,-0.0016666666666664831
20260903,5,0.9674999999999999,0.9650000000000001,0.0024999999999998357,0.022508333333333335,0.024433333333333335,-0.0019249999999999996,2.985625,2.9779166666666663,0.007708333333333872
20260903,6,0.9633333333333335,0.9650000000000001,-0.0016666666666665941,0.0248,0.024433333333333335,0.00036666666666666445,2.9856249999999998,2.9779166666666663,0.007708333333333428
20260903,7,0.9641666666666667,0.9650000000000001,-0.0008333333333333526,0.023691666666666666,0.024433333333333335,-0.0007416666666666683,2.980833333333334,2.9779166666666663,0.0029166666666675667
20260903,8,0.9675,0.9650000000000001,0.0024999999999999467,0.021458333333333333,0.024433333333333335,-0.002975000000000002,2.980833333333334,2.9779166666666663,0.0029166666666675667
20260903,9,0.9583333333333333,0.9650000000000001,-0.006666666666666821,0.023483333333333332,0.024433333333333335,-0.0009500000000000029,2.981666666666667,2.9779166666666663,0.003750000000000586
20260903,10,0.9662500000000002,0.9650000000000001,0.0012500000000000844,0.023608333333333332,0.024433333333333335,-0.0008250000000000028,2.9797916666666664,2.9779166666666663,0.001875000000000071
20260903,11,0.9604166666666666,0.9650000000000001,-0.004583333333333495,0.024041666666666666,0.024433333333333335,-0.00039166666666666863,2.9827083333333335,2.9779166666666663,0.004791666666667194
20260903,12,0.9550000000000003,0.9650000000000001,-0.009999999999999787,0.024258333333333333,0.024433333333333335,-0.00017500000000000154,2.9795833333333333,2.9779166666666663,0.0016666666666669272
20260903,13,0.9625,0.9650000000000001,-0.0025000000000000577,0.02420833333333333,0.024433333333333335,-0.00022500000000000298,2.9831250000000002,2.9779166666666663,0.0052083333333339255
20260903,14,0.9591666666666668,0.9650000000000001,-0.005833333333333246,0.024225,0.024433333333333335,-0.00020833333333333467,2.9775,2.9779166666666663,-0.0004166666666662877
20260903,15,0.9612500000000003,0.9650000000000001,-0.003749999999999809,0.023691666666666666,0.024433333333333335,-0.0007416666666666683,2.9845833333333336,2.9779166666666663,0.006666666666667265
20260903,16,0.9629166666666669,0.9650000000000001,-0.002083333333333215,0.024583333333333332,0.024433333333333335,0.00014999999999999736,2.9854166666666666,2.9779166666666663,0.007500000000000284
20260903,17,0.9575000000000001,0.9650000000000001,-0.007499999999999951,0.025633333333333334,0.024433333333333335,0.0011999999999999997,2.977708333333333,2.9779166666666663,-0.00020833333333314386
20260903,18,0.9575000000000001,0.9650000000000001,-0.007499999999999951,0.025283333333333335,0.024433333333333335,0.0008500000000000001,2.977708333333333,2.9779166666666663,-0.00020833333333314386
20260903,19,0.9608333333333334,0.9650000000000001,-0.004166666666666652,0.025108333333333333,0.024433333333333335,0.0006749999999999985,2.98875,2.9779166666666663,0.010833333333333695
20260903,20,0.9616666666666669,0.9650000000000001,-0.0033333333333331883,0.023808333333333334,0.024433333333333335,-0.0006250000000000006,2.9862500000000005,2.9779166666666663,0.008333333333334192
20260903,21,0.9616666666666667,0.9650000000000001,-0.0033333333333334103,0.025033333333333335,0.024433333333333335,0.0005999999999999998,2.9810416666666666,2.9779166666666663,0.0031250000000002665
20260903,22,0.9616666666666669,0.9650000000000001,-0.0033333333333331883,0.024433333333333335,0.024433333333333335,0.0,2.9785416666666666,2.9779166666666663,0.0006250000000003197
20260903,23,0.9633333333333335,0.9650000000000001,-0.0016666666666665941,0.023108333333333335,0.024433333333333335,-0.0013249999999999998,2.982708333333334,2.9779166666666663,0.004791666666667638
20260903,24,0.9591666666666667,0.9650000000000001,-0.005833333333333357,0.024258333333333333,0.024433333333333335,-0.00017500000000000154,2.982916666666667,2.9779166666666663,0.005000000000000782
20260903,25,0.9595833333333335,0.9650000000000001,-0.005416666666666625,0.025041666666666667,0.024433333333333335,0.0006083333333333323,2.982083333333333,2.9779166666666663,0.004166666666666874
20260903,26,0.9549999999999998,0.9650000000000001,-0.010000000000000231,0.025333333333333333,0.024433333333333335,0.000899999999999998,2.977708333333333,2.9779166666666663,-0.00020833333333314386
20260903,27,0.9616666666666669,0.9650000000000001,-0.0033333333333331883,0.026083333333333333,0.024433333333333335,0.0016499999999999987,2.980833333333334,2.9779166666666663,0.0029166666666675667
20260903,28,0.9650000000000001,0.9650000000000001,0.0,0.023566666666666666,0.024433333333333335,-0.0008666666666666684,2.983958333333333,2.9779166666666663,0.006041666666666501
20260903,29,0.9579166666666665,0.9650000000000001,-0.007083333333333552,0.024275,0.024433333333333335,-0.00015833333333333324,2.9835416666666665,2.9779166666666663,0.005625000000000213
20260903,30,0.9591666666666668,0.9650000000000001,-0.005833333333333246,0.024675,0.024433333333333335,0.00024166666666666434,2.983333333333333,2.9779166666666663,0.005416666666666625
20260903,31,0.9520833333333336,0.9650000000000001,-0.012916666666666465,0.025358333333333333,0.024433333333333335,0.0009249999999999987,2.9762500000000003,2.9779166666666663,-0.001666666666666039
20260903,32,0.9724999999999999,0.9650000000000001,0.00749999999999984,0.023758333333333333,0.024433333333333335,-0.000675000000000002,2.9835416666666665,2.9779166666666663,0.005625000000000213
20260903,33,0.9650000000000001,0.9650000000000001,0.0,0.023191666666666666,0.024433333333333335,-0.0012416666666666687,2.980208333333333,2.9779166666666663,0.002291666666666803
20260903,34,0.9533333333333335,0.9650000000000001,-0.011666666666666603,0.025266666666666666,0.024433333333333335,0.0008333333333333318,2.9806250000000003,2.9779166666666663,0.0027083333333339787
20260903,35,0.9579166666666664,0.9650000000000001,-0.0070833333333336634,0.02435,0.024433333333333335,-8.333333333333456e-5,2.9818749999999996,2.9779166666666663,0.003958333333333286
20260903,36,0.9533333333333331,0.9650000000000001,-0.011666666666666936,0.026391666666666667,0.024433333333333335,0.0019583333333333328,2.9775,2.9779166666666663,-0.0004166666666662877
20260903,37,0.9708333333333335,0.9650000000000001,0.005833333333333468,0.024341666666666668,0.024433333333333335,-9.166666666666698e-5,2.9839583333333337,2.9779166666666663,0.006041666666667389
20260903,38,0.966666666666667,0.9650000000000001,0.0016666666666669272,0.025875,0.024433333333333335,0.001441666666666664,2.9814583333333333,2.9779166666666663,0.0035416666666669983
20260903,39,0.9595833333333333,0.9650000000000001,-0.005416666666666736,0.024566666666666667,0.024433333333333335,0.00013333333333333253,2.975625,2.9779166666666663,-0.0022916666666663588
20260903,40,0.9579166666666665,0.9650000000000001,-0.007083333333333552,0.023233333333333335,0.024433333333333335,-0.0011999999999999997,2.979166666666667,2.9779166666666663,0.0012500000000006395
20260903,41,0.9641666666666667,0.9650000000000001,-0.0008333333333333526,0.023125,0.024433333333333335,-0.001308333333333335,2.9829166666666667,2.9779166666666663,0.0050000000000003375
20260903,42,0.9595833333333337,0.9650000000000001,-0.005416666666666403,0.024608333333333333,0.024433333333333335,0.00017499999999999807,2.9854166666666666,2.9779166666666663,0.007500000000000284
20260903,43,0.9575000000000001,0.9650000000000001,-0.007499999999999951,0.027166666666666665,0.024433333333333335,0.0027333333333333307,2.979791666666667,2.9779166666666663,0.0018750000000005151
20260903,44,0.9616666666666667,0.9650000000000001,-0.0033333333333334103,0.025266666666666666,0.024433333333333335,0.0008333333333333318,2.9814583333333333,2.9779166666666663,0.0035416666666669983
20260903,45,0.9633333333333333,0.9650000000000001,-0.0016666666666668162,0.024175,0.024433333333333335,-0.0002583333333333361,2.9837499999999997,2.9779166666666663,0.005833333333333357
20260903,46,0.9633333333333335,0.9650000000000001,-0.0016666666666665941,0.025358333333333333,0.024433333333333335,0.0009249999999999987,2.979166666666667,2.9779166666666663,0.0012500000000006395
20260903,47,0.9608333333333332,0.9650000000000001,-0.004166666666666874,0.0248,0.024433333333333335,0.00036666666666666445,2.9775,2.9779166666666663,-0.0004166666666662877
20260903,48,0.96125,0.9650000000000001,-0.003750000000000031,0.024166666666666666,0.024433333333333335,-0.0002666666666666685,2.97625,2.9779166666666663,-0.0016666666666664831
20260903,49,0.9633333333333336,0.9650000000000001,-0.0016666666666664831,0.024133333333333333,0.024433333333333335,-0.00030000000000000165,2.978125,2.9779166666666663,0.00020833333333358794
20260903,50,0.9516666666666665,0.9650000000000001,-0.01333333333333353,0.0257,0.024433333333333335,0.001266666666666666,2.9800000000000004,2.9779166666666663,0.002083333333334103
20260904,1,0.9562499999999998,0.9695833333333335,-0.013333333333333641,0.029741666666666666,0.025191666666666668,0.0045499999999999985,2.986458333333333,2.9779166666666668,0.008541666666666448
20260904,2,0.9691666666666668,0.9695833333333335,-0.0004166666666666208,0.022325,0.025191666666666668,-0.0028666666666666667,2.9854166666666666,2.9779166666666668,0.00749999999999984
20260904,3,0.96125,0.9695833333333335,-0.008333333333333415,0.023391666666666668,0.025191666666666668,-0.0017999999999999995,2.980625,2.9779166666666668,0.0027083333333330906
20260904,4,0.9620833333333332,0.9695833333333335,-0.007500000000000284,0.023025,0.025191666666666668,-0.0021666666666666674,2.982916666666667,2.9779166666666668,0.0050000000000003375
20260904,5,0.9658333333333333,0.9695833333333335,-0.003750000000000142,0.024,0.025191666666666668,-0.0011916666666666673,2.975416666666667,2.9779166666666668,-0.0024999999999999467
20260904,6,0.9674999999999999,0.9695833333333335,-0.002083333333333548,0.021733333333333334,0.025191666666666668,-0.003458333333333334,2.983958333333333,2.9779166666666668,0.006041666666666057
20260904,7,0.9700000000000001,0.9695833333333335,0.0004166666666666208,0.024141666666666665,0.025191666666666668,-0.0010500000000000023,2.9827083333333335,2.9779166666666668,0.0047916666666667496
20260904,8,0.9620833333333335,0.9695833333333335,-0.007499999999999951,0.023166666666666665,0.025191666666666668,-0.0020250000000000025,2.985,2.9779166666666668,0.007083333333333108
20260904,9,0.9541666666666668,0.9695833333333335,-0.015416666666666634,0.023391666666666668,0.025191666666666668,-0.0017999999999999995,2.9783333333333335,2.9779166666666668,0.0004166666666667318
20260904,10,0.9616666666666669,0.9695833333333335,-0.007916666666666572,0.023025,0.025191666666666668,-0.0021666666666666674,2.980625,2.9779166666666668,0.0027083333333330906
20260904,11,0.9662500000000002,0.9695833333333335,-0.0033333333333332993,0.022508333333333335,0.025191666666666668,-0.0026833333333333327,2.983541666666667,2.9779166666666668,0.005625000000000213
20260904,12,0.9687500000000003,0.9695833333333335,-0.0008333333333331305,0.022916666666666665,0.025191666666666668,-0.0022750000000000027,2.985208333333333,2.9779166666666668,0.007291666666666252
20260904,13,0.9691666666666666,0.9695833333333335,-0.0004166666666668428,0.023391666666666668,0.025191666666666668,-0.0017999999999999995,2.981666666666667,2.9779166666666668,0.003750000000000142
20260904,14,0.9545833333333336,0.9695833333333335,-0.014999999999999902,0.024891666666666666,0.025191666666666668,-0.00030000000000000165,2.9827083333333335,2.9779166666666668,0.0047916666666667496
20260904,15,0.9708333333333334,0.9695833333333335,0.0012499999999999734,0.024275,0.025191666666666668,-0.0009166666666666663,2.9837499999999997,2.9779166666666668,0.005833333333332913
20260904,16,0.9683333333333334,0.9695833333333335,-0.0012500000000000844,0.022308333333333333,0.025191666666666668,-0.002883333333333335,2.9816666666666665,2.9779166666666668,0.003749999999999698
20260904,17,0.9691666666666666,0.9695833333333335,-0.0004166666666668428,0.024333333333333332,0.025191666666666668,-0.000858333333333336,2.984166666666667,2.9779166666666668,0.006250000000000089
20260904,18,0.9591666666666668,0.9695833333333335,-0.01041666666666663,0.024833333333333332,0.025191666666666668,-0.0003583333333333355,2.9812499999999993,2.9779166666666668,0.003333333333332522
20260904,19,0.9645833333333333,0.9695833333333335,-0.0050000000000001155,0.022841666666666666,0.025191666666666668,-0.0023500000000000014,2.9785416666666658,2.9779166666666668,0.0006249999999989875
20260904,20,0.9587500000000002,0.9695833333333335,-0.01083333333333325,0.022766666666666668,0.025191666666666668,-0.002425,2.9816666666666665,2.9779166666666668,0.003749999999999698
20260904,21,0.9683333333333332,0.9695833333333335,-0.0012500000000003064,0.023833333333333335,0.025191666666666668,-0.001358333333333333,2.9877083333333334,2.9779166666666668,0.009791666666666643
20260904,22,0.9654166666666667,0.9695833333333335,-0.004166666666666763,0.022791666666666665,0.025191666666666668,-0.002400000000000003,2.9839583333333333,2.9779166666666668,0.006041666666666501
20260904,23,0.966666666666667,0.9695833333333335,-0.0029166666666664565,0.02435,0.025191666666666668,-0.0008416666666666676,2.978333333333333,2.9779166666666668,0.0004166666666662877
20260904,24,0.9600000000000003,0.9695833333333335,-0.009583333333333166,0.023391666666666668,0.025191666666666668,-0.0017999999999999995,2.9833333333333334,2.9779166666666668,0.005416666666666625
20260904,25,0.9579166666666667,0.9695833333333335,-0.011666666666666714,0.024591666666666668,0.025191666666666668,-0.0005999999999999998,2.9795833333333333,2.9779166666666668,0.0016666666666664831
20260904,26,0.9608333333333334,0.9695833333333335,-0.008750000000000036,0.02315,0.025191666666666668,-0.0020416666666666673,2.9816666666666665,2.9779166666666668,0.003749999999999698
20260904,27,0.9558333333333335,0.9695833333333335,-0.013749999999999929,0.024308333333333335,0.025191666666666668,-0.0008833333333333332,2.975416666666667,2.9779166666666668,-0.0024999999999999467
20260904,28,0.96125,0.9695833333333335,-0.008333333333333415,0.023625,0.025191666666666668,-0.0015666666666666676,2.9795833333333333,2.9779166666666668,0.0016666666666664831
20260904,29,0.9725000000000004,0.9695833333333335,0.0029166666666669006,0.022883333333333332,0.025191666666666668,-0.002308333333333336,2.984166666666667,2.9779166666666668,0.006250000000000089
20260904,30,0.9650000000000001,0.9695833333333335,-0.004583333333333384,0.023,0.025191666666666668,-0.002191666666666668,2.979375,2.9779166666666668,0.0014583333333333393
20260904,31,0.9658333333333335,0.9695833333333335,-0.00374999999999992,0.023091666666666667,0.025191666666666668,-0.002100000000000001,2.98,2.9779166666666668,0.002083333333333215
20260904,32,0.9575000000000001,0.9695833333333335,-0.012083333333333335,0.024283333333333334,0.025191666666666668,-0.0009083333333333339,2.9770833333333337,2.9779166666666668,-0.0008333333333330195
20260904,33,0.96125,0.9695833333333335,-0.008333333333333415,0.02475,0.025191666666666668,-0.0004416666666666666,2.9810416666666666,2.9779166666666668,0.0031249999999998224
20260904,34,0.9583333333333336,0.9695833333333335,-0.011249999999999871,0.022983333333333335,0.025191666666666668,-0.002208333333333333,2.9862499999999996,2.9779166666666668,0.00833333333333286
20260904,35,0.9587500000000002,0.9695833333333335,-0.01083333333333325,0.023733333333333332,0.025191666666666668,-0.0014583333333333358,2.9872916666666667,2.9779166666666668,0.009374999999999911
20260904,36,0.9554166666666669,0.9695833333333335,-0.01416666666666655,0.028275,0.025191666666666668,0.0030833333333333338,2.974375,2.9779166666666668,-0.003541666666666554
20260904,37,0.9595833333333333,0.9695833333333335,-0.01000000000000012,0.024625,0.025191666666666668,-0.0005666666666666667,2.98125,2.9779166666666668,0.0033333333333334103
20260904,38,0.9629166666666669,0.9695833333333335,-0.006666666666666599,0.023208333333333334,0.025191666666666668,-0.0019833333333333335,2.9827083333333335,2.9779166666666668,0.0047916666666667496
20260904,39,0.9570833333333335,0.9695833333333335,-0.012499999999999956,0.025516666666666667,0.025191666666666668,0.0003249999999999989,2.9814583333333333,2.9779166666666668,0.003541666666666554
20260904,40,0.9504166666666667,0.9695833333333335,-0.019166666666666776,0.024866666666666665,0.025191666666666668,-0.00032500000000000237,2.981875,2.9779166666666668,0.003958333333333286
20260904,41,0.9525000000000002,0.9695833333333335,-0.017083333333333228,0.023825,0.025191666666666668,-0.0013666666666666688,2.9795833333333333,2.9779166666666668,0.0016666666666664831
20260904,42,0.9533333333333335,0.9695833333333335,-0.016249999999999987,0.026241666666666667,0.025191666666666668,0.0010499999999999989,2.976666666666667,2.9779166666666668,-0.0012499999999997513
20260904,43,0.9512499999999999,0.9695833333333335,-0.018333333333333535,0.023908333333333334,0.025191666666666668,-0.0012833333333333342,2.978958333333333,2.9779166666666668,0.0010416666666661634
20260904,44,0.9679166666666669,0.9695833333333335,-0.0016666666666665941,0.023683333333333334,0.025191666666666668,-0.0015083333333333337,2.9872916666666667,2.9779166666666668,0.009374999999999911
20260904,45,0.9662500000000002,0.9695833333333335,-0.0033333333333332993,0.025291666666666667,0.025191666666666668,9.99999999999994e-5,2.9775,2.9779166666666668,-0.0004166666666667318
20260904,46,0.9620833333333337,0.9695833333333335,-0.007499999999999729,0.023041666666666665,0.025191666666666668,-0.0021500000000000026,2.9841666666666664,2.9779166666666668,0.006249999999999645
20260904,47,0.9641666666666666,0.9695833333333335,-0.005416666666666847,0.023258333333333332,0.025191666666666668,-0.0019333333333333355,2.979375,2.9779166666666668,0.0014583333333333393
20260904,48,0.9608333333333334,0.9695833333333335,-0.008750000000000036,0.026158333333333332,0.025191666666666668,0.0009666666666666643,2.9818749999999996,2.9779166666666668,0.003958333333332842
20260904,49,0.9525,0.9695833333333335,-0.01708333333333345,0.024841666666666668,0.025191666666666668,-0.0003499999999999996,2.982083333333333,2.9779166666666668,0.00416666666666643
20260904,50,0.96,0.9695833333333335,-0.009583333333333499,0.025208333333333333,0.025191666666666668,1.666666666666483e-5,2.9770833333333337,2.9779166666666668,-0.0008333333333330195
20260905,1,0.95875,0.9637500000000001,-0.0050000000000001155,0.029858333333333334,0.024308333333333335,0.005549999999999999,2.9833333333333334,2.981875,0.0014583333333333393
20260905,2,0.9745833333333334,0.9637500000000001,0.01083333333333325,0.023025,0.024308333333333335,-0.0012833333333333342,2.9799999999999995,2.981875,-0.0018750000000005151
20260905,3,0.9595833333333331,0.9637500000000001,-0.004166666666666985,0.024441666666666667,0.024308333333333335,0.00013333333333333253,2.9789583333333334,2.981875,-0.0029166666666666785
20260905,4,0.9595833333333335,0.9637500000000001,-0.004166666666666652,0.025116666666666666,0.024308333333333335,0.000808333333333331,2.9833333333333334,2.981875,0.0014583333333333393
20260905,5,0.9625,0.9637500000000001,-0.0012500000000000844,0.024275,0.024308333333333335,-3.333333333333313e-5,2.9804166666666667,2.981875,-0.0014583333333333393
20260905,6,0.9616666666666666,0.9637500000000001,-0.002083333333333548,0.0244,0.024308333333333335,9.166666666666698e-5,2.986041666666667,2.981875,0.004166666666666874
20260905,7,0.9654166666666668,0.9637500000000001,0.0016666666666667052,0.023475,0.024308333333333335,-0.0008333333333333352,2.9835416666666665,2.981875,0.0016666666666664831
20260905,8,0.9633333333333333,0.9637500000000001,-0.0004166666666668428,0.024483333333333333,0.024308333333333335,0.00017499999999999807,2.9827083333333335,2.981875,0.0008333333333334636
20260905,9,0.9520833333333332,0.9637500000000001,-0.011666666666666936,0.024133333333333333,0.024308333333333335,-0.00017500000000000154,2.97875,2.981875,-0.0031250000000002665
20260905,10,0.9495833333333333,0.9637500000000001,-0.014166666666666772,0.025141666666666666,0.024308333333333335,0.0008333333333333318,2.986041666666667,2.981875,0.004166666666666874
20260905,11,0.9708333333333335,0.9637500000000001,0.007083333333333441,0.024658333333333334,0.024308333333333335,0.0003499999999999996,2.9806250000000003,2.981875,-0.0012499999999997513
20260905,12,0.9608333333333334,0.9637500000000001,-0.0029166666666666785,0.023591666666666667,0.024308333333333335,-0.0007166666666666675,2.9843749999999996,2.981875,0.0024999999999995026
20260905,13,0.9595833333333335,0.9637500000000001,-0.004166666666666652,0.023333333333333334,0.024308333333333335,-0.0009750000000000002,2.9833333333333334,2.981875,0.0014583333333333393
20260905,14,0.9616666666666666,0.9637500000000001,-0.002083333333333548,0.02525,0.024308333333333335,0.000941666666666667,2.9795833333333333,2.981875,-0.002291666666666803
20260905,15,0.9641666666666666,0.9637500000000001,0.00041666666666650976,0.023425,0.024308333333333335,-0.0008833333333333332,2.9816666666666665,2.981875,-0.00020833333333358794
20260905,16,0.9687500000000002,0.9637500000000001,0.0050000000000001155,0.022208333333333333,0.024308333333333335,-0.002100000000000001,2.9858333333333333,2.981875,0.003958333333333286
20260905,17,0.9645833333333338,0.9637500000000001,0.0008333333333336856,0.02395,0.024308333333333335,-0.0003583333333333355,2.98375,2.981875,0.001875000000000071
20260905,18,0.964166666666667,0.9637500000000001,0.0004166666666668428,0.023316666666666666,0.024308333333333335,-0.0009916666666666685,2.9845833333333336,2.981875,0.0027083333333335347
20260905,19,0.9612500000000003,0.9637500000000001,-0.0024999999999998357,0.023833333333333335,0.024308333333333335,-0.00047499999999999973,2.9833333333333334,2.981875,0.0014583333333333393
20260905,20,0.9579166666666667,0.9637500000000001,-0.005833333333333357,0.023225,0.024308333333333335,-0.0010833333333333355,2.979375,2.981875,-0.0024999999999999467
20260905,21,0.9620833333333334,0.9637500000000001,-0.0016666666666667052,0.02465,0.024308333333333335,0.00034166666666666373,2.9831250000000002,2.981875,0.0012500000000001954
20260905,22,0.9720833333333335,0.9637500000000001,0.008333333333333415,0.024433333333333335,0.024308333333333335,0.0001250000000000001,2.9812499999999997,2.981875,-0.0006250000000003197
20260905,23,0.9579166666666664,0.9637500000000001,-0.00583333333333369,0.024225,0.024308333333333335,-8.333333333333456e-5,2.9733333333333336,2.981875,-0.008541666666666448
20260905,24,0.9625,0.9637500000000001,-0.0012500000000000844,0.024425,0.024308333333333335,0.00011666666666666423,2.9831250000000002,2.981875,0.0012500000000001954
20260905,25,0.9604166666666666,0.9637500000000001,-0.0033333333333335213,0.025966666666666666,0.024308333333333335,0.001658333333333331,2.9785416666666666,2.981875,-0.0033333333333334103
20260905,26,0.9620833333333334,0.9637500000000001,-0.0016666666666667052,0.02485,0.024308333333333335,0.000541666666666666,2.977708333333333,2.981875,-0.004166666666666874
20260905,27,0.9712500000000002,0.9637500000000001,0.007500000000000062,0.024716666666666668,0.024308333333333335,0.00040833333333333346,2.983958333333333,2.981875,0.002083333333332771
20260905,28,0.9670833333333336,0.9637500000000001,0.0033333333333335213,0.024108333333333332,0.024308333333333335,-0.00020000000000000226,2.9845833333333327,2.981875,0.0027083333333326465
20260905,29,0.9550000000000003,0.9637500000000001,-0.008749999999999813,0.026333333333333334,0.024308333333333335,0.002024999999999999,2.97375,2.981875,-0.00812500000000016
20260905,30,0.9633333333333333,0.9637500000000001,-0.0004166666666668428,0.025033333333333335,0.024308333333333335,0.000725,2.981666666666667,2.981875,-0.00020833333333314386
20260905,31,0.9654166666666667,0.9637500000000001,0.0016666666666665941,0.024141666666666665,0.024308333333333335,-0.00016666666666666913,2.9810416666666666,2.981875,-0.0008333333333334636
20260905,32,0.9645833333333333,0.9637500000000001,0.0008333333333332416,0.023883333333333333,0.024308333333333335,-0.00042500000000000177,2.9797916666666664,2.981875,-0.002083333333333659
20260905,33,0.9624999999999998,0.9637500000000001,-0.0012500000000003064,0.0239,0.024308333333333335,-0.00040833333333333346,2.9852083333333335,2.981875,0.0033333333333334103
20260905,34,0.9662500000000002,0.9637500000000001,0.0025000000000000577,0.023283333333333333,0.024308333333333335,-0.0010250000000000016,2.9816666666666665,2.981875,-0.00020833333333358794
20260905,35,0.9608333333333337,0.9637500000000001,-0.0029166666666664565,0.023125,0.024308333333333335,-0.0011833333333333348,2.9781250000000004,2.981875,-0.003749999999999698
20260905,36,0.96125,0.9637500000000001,-0.0025000000000000577,0.02555,0.024308333333333335,0.0012416666666666652,2.9827083333333335,2.981875,0.0008333333333334636
20260905,37,0.9625000000000004,0.9637500000000001,-0.0012499999999997513,0.0245,0.024308333333333335,0.00019166666666666637,2.9814583333333333,2.981875,-0.0004166666666667318
20260905,38,0.9625,0.9637500000000001,-0.0012500000000000844,0.023558333333333334,0.024308333333333335,-0.0007500000000000007,2.977708333333333,2.981875,-0.004166666666666874
20260905,39,0.9675,0.9637500000000001,0.00374999999999992,0.02194166666666667,0.024308333333333335,-0.0023666666666666662,2.9879166666666666,2.981875,0.006041666666666501
20260905,40,0.964166666666667,0.9637500000000001,0.0004166666666668428,0.023333333333333334,0.024308333333333335,-0.0009750000000000002,2.9835416666666665,2.981875,0.0016666666666664831
20260905,41,0.9658333333333333,0.9637500000000001,0.002083333333333215,0.025466666666666665,0.024308333333333335,0.0011583333333333307,2.9802083333333336,2.981875,-0.0016666666666664831
20260905,42,0.9600000000000002,0.9637500000000001,-0.00374999999999992,0.024691666666666667,0.024308333333333335,0.00038333333333333275,2.982916666666667,2.981875,0.0010416666666670515
20260905,43,0.9550000000000001,0.9637500000000001,-0.008750000000000036,0.024033333333333334,0.024308333333333335,-0.00027500000000000094,2.9770833333333333,2.981875,-0.0047916666666667496
20260905,44,0.9604166666666666,0.9637500000000001,-0.0033333333333335213,0.023975,0.024308333333333335,-0.0003333333333333348,2.974583333333333,2.981875,-0.00729166666666714
20260905,45,0.9483333333333333,0.9637500000000001,-0.015416666666666856,0.025641666666666667,0.024308333333333335,0.0013333333333333322,2.984583333333333,2.981875,0.0027083333333330906
20260905,46,0.9629166666666669,0.9637500000000001,-0.0008333333333332416,0.027641666666666665,0.024308333333333335,0.0033333333333333305,2.9816666666666665,2.981875,-0.00020833333333358794
20260905,47,0.9524999999999999,0.9637500000000001,-0.011250000000000204,0.025291666666666667,0.024308333333333335,0.0009833333333333326,2.980208333333333,2.981875,-0.0016666666666669272
20260905,48,0.9600000000000002,0.9637500000000001,-0.00374999999999992,0.025641666666666667,0.024308333333333335,0.0013333333333333322,2.9854166666666666,2.981875,0.003541666666666554
20260905,49,0.9608333333333332,0.9637500000000001,-0.0029166666666669006,0.024891666666666666,0.024308333333333335,0.0005833333333333315,2.981666666666667,2.981875,-0.00020833333333314386
20260905,50,0.9716666666666669,0.9637500000000001,0.007916666666666794,0.021525,0.024308333333333335,-0.0027833333333333356,2.98375,2.981875,0.001875000000000071
20260906,1,0.9529166666666669,0.9520833333333334,0.0008333333333334636,0.03155,0.026016666666666667,0.0055333333333333345,2.980833333333333,2.975625,0.005208333333333037
20260906,2,0.96875,0.9520833333333334,0.016666666666666607,0.022658333333333332,0.026016666666666667,-0.0033583333333333347,2.984166666666667,2.975625,0.008541666666666892
20260906,3,0.9724999999999999,0.9520833333333334,0.020416666666666528,0.022908333333333333,0.026016666666666667,-0.0031083333333333345,2.9833333333333334,2.975625,0.007708333333333428
20260906,4,0.9675,0.9520833333333334,0.015416666666666634,0.022016666666666667,0.026016666666666667,-0.004,2.985625,2.975625,0.010000000000000231
20260906,5,0.9633333333333333,0.9520833333333334,0.011249999999999871,0.02455,0.026016666666666667,-0.0014666666666666682,2.9804166666666667,2.975625,0.0047916666666667496
20260906,6,0.9616666666666667,0.9520833333333334,0.009583333333333277,0.02315,0.026016666666666667,-0.0028666666666666667,2.9785416666666666,2.975625,0.0029166666666666785
20260906,7,0.9633333333333335,0.9520833333333334,0.011250000000000093,0.022691666666666666,0.026016666666666667,-0.0033250000000000016,2.978541666666667,2.975625,0.0029166666666671226
20260906,8,0.9620833333333334,0.9520833333333334,0.010000000000000009,0.023816666666666667,0.026016666666666667,-0.0022000000000000006,2.979375,2.975625,0.003750000000000142
20260906,9,0.9654166666666668,0.9520833333333334,0.01333333333333342,0.023958333333333335,0.026016666666666667,-0.002058333333333332,2.9852083333333335,2.975625,0.009583333333333499
20260906,10,0.9712500000000001,0.9520833333333334,0.019166666666666665,0.022008333333333335,0.026016666666666667,-0.0040083333333333325,2.982916666666667,2.975625,0.00729166666666714
20260906,11,0.957916666666667,0.9520833333333334,0.005833333333333579,0.025058333333333332,0.026016666666666667,-0.0009583333333333353,2.975416666666667,2.975625,-0.00020833333333314386
20260906,12,0.9595833333333333,0.9520833333333334,0.007499999999999951,0.02405,0.026016666666666667,-0.0019666666666666686,2.9841666666666664,2.975625,0.008541666666666448
20260906,13,0.9625,0.9520833333333334,0.01041666666666663,0.023433333333333334,0.026016666666666667,-0.0025833333333333333,2.984791666666667,2.975625,0.009166666666667211
20260906,14,0.9754166666666668,0.9520833333333334,0.023333333333333428,0.02266666666666667,0.026016666666666667,-0.003349999999999999,2.9847916666666667,2.975625,0.009166666666666767
20260906,15,0.9666666666666668,0.9520833333333334,0.014583333333333393,0.025183333333333332,0.026016666666666667,-0.0008333333333333352,2.979375,2.975625,0.003750000000000142
20260906,16,0.9708333333333334,0.9520833333333334,0.018750000000000044,0.0229,0.026016666666666667,-0.003116666666666667,2.980416666666667,2.975625,0.004791666666667194
20260906,17,0.9620833333333334,0.9520833333333334,0.010000000000000009,0.0258,0.026016666666666667,-0.0002166666666666671,2.9750000000000005,2.975625,-0.0006249999999994316
20260906,18,0.9641666666666667,0.9520833333333334,0.012083333333333335,0.02365,0.026016666666666667,-0.0023666666666666662,2.9783333333333326,2.975625,0.0027083333333326465
20260906,19,0.95875,0.9520833333333334,0.006666666666666599,0.02335833333333333,0.026016666666666667,-0.0026583333333333355,2.982291666666667,2.975625,0.006666666666666821
20260906,20,0.9604166666666668,0.9520833333333334,0.008333333333333415,0.023858333333333332,0.026016666666666667,-0.002158333333333335,2.984583333333333,2.975625,0.00895833333333318
20260906,21,0.9633333333333335,0.9520833333333334,0.011250000000000093,0.023466666666666667,0.026016666666666667,-0.00255,2.9833333333333334,2.975625,0.007708333333333428
20260906,22,0.9712500000000001,0.9520833333333334,0.019166666666666665,0.023983333333333332,0.026016666666666667,-0.002033333333333335,2.9808333333333334,2.975625,0.005208333333333481
20260906,23,0.9645833333333332,0.9520833333333334,0.012499999999999845,0.024141666666666665,0.026016666666666667,-0.0018750000000000017,2.9781250000000004,2.975625,0.002500000000000391
20260906,24,0.9595833333333335,0.9520833333333334,0.007500000000000062,0.024908333333333334,0.026016666666666667,-0.0011083333333333327,2.9822916666666672,2.975625,0.006666666666667265
20260906,25,0.9666666666666665,0.9520833333333334,0.01458333333333306,0.0264,0.026016666666666667,0.00038333333333333275,2.9816666666666665,2.975625,0.006041666666666501
20260906,26,0.9570833333333331,0.9520833333333334,0.004999999999999671,0.023416666666666665,0.026016666666666667,-0.0026000000000000016,2.9816666666666665,2.975625,0.006041666666666501
20260906,27,0.9695833333333337,0.9520833333333334,0.017500000000000293,0.024025,0.026016666666666667,-0.001991666666666666,2.9835416666666665,2.975625,0.007916666666666572
20260906,28,0.9650000000000001,0.9520833333333334,0.012916666666666687,0.024866666666666665,0.026016666666666667,-0.0011500000000000017,2.9847916666666667,2.975625,0.009166666666666767
20260906,29,0.9645833333333332,0.9520833333333334,0.012499999999999845,0.024125,0.026016666666666667,-0.0018916666666666665,2.9808333333333334,2.975625,0.005208333333333481
20260906,30,0.9645833333333333,0.9520833333333334,0.012499999999999956,0.023716666666666667,0.026016666666666667,-0.0023,2.9839583333333333,2.975625,0.008333333333333304
20260906,31,0.9604166666666668,0.9520833333333334,0.008333333333333415,0.02475,0.026016666666666667,-0.001266666666666666,2.9879166666666666,2.975625,0.01229166666666659
20260906,32,0.9633333333333335,0.9520833333333334,0.011250000000000093,0.025833333333333333,0.026016666666666667,-0.00018333333333333396,2.979375,2.975625,0.003750000000000142
20260906,33,0.9679166666666671,0.9520833333333334,0.0158333333333337,0.024716666666666668,0.026016666666666667,-0.001299999999999999,2.984583333333333,2.975625,0.00895833333333318
20260906,34,0.9629166666666666,0.9520833333333334,0.01083333333333325,0.025375,0.026016666666666667,-0.0006416666666666654,2.9775,2.975625,0.001875000000000071
20260906,35,0.9591666666666668,0.9520833333333334,0.007083333333333441,0.025275,0.026016666666666667,-0.0007416666666666683,2.9812499999999997,2.975625,0.005624999999999769
20260906,36,0.9508333333333334,0.9520833333333334,-0.0012499999999999734,0.024175,0.026016666666666667,-0.0018416666666666685,2.9752083333333337,2.975625,-0.0004166666666662877
20260906,37,0.9541666666666668,0.9520833333333334,0.002083333333333437,0.025116666666666666,0.026016666666666667,-0.0009000000000000015,2.979166666666667,2.975625,0.0035416666666669983
20260906,38,0.95875,0.9520833333333334,0.006666666666666599,0.024441666666666667,0.026016666666666667,-0.001575,2.9797916666666664,2.975625,0.00416666666666643
20260906,39,0.9683333333333335,0.9520833333333334,0.016250000000000098,0.025266666666666666,0.026016666666666667,-0.0007500000000000007,2.9797916666666664,2.975625,0.00416666666666643
20260906,40,0.9579166666666665,0.9520833333333334,0.005833333333333135,0.025,0.026016666666666667,-0.0010166666666666657,2.9772916666666664,2.975625,0.0016666666666664831
20260906,41,0.9587499999999997,0.9520833333333334,0.0066666666666662655,0.024283333333333334,0.026016666666666667,-0.0017333333333333333,2.9883333333333333,2.975625,0.012708333333333321
20260906,42,0.9620833333333334,0.9520833333333334,0.010000000000000009,0.023566666666666666,0.026016666666666667,-0.002450000000000001,2.9847916666666663,2.975625,0.009166666666666323
20260906,43,0.9620833333333334,0.9520833333333334,0.010000000000000009,0.025483333333333334,0.026016666666666667,-0.0005333333333333336,2.9747916666666665,2.975625,-0.0008333333333334636
20260906,44,0.9662499999999999,0.9520833333333334,0.01416666666666655,0.0227,0.026016666666666667,-0.0033166666666666657,2.9799999999999995,2.975625,0.004374999999999574
20260906,45,0.9633333333333336,0.9520833333333334,0.011250000000000204,0.025041666666666667,0.026016666666666667,-0.0009750000000000002,2.985,2.975625,0.009374999999999911
20260906,46,0.9637500000000001,0.9520833333333334,0.011666666666666714,0.022883333333333332,0.026016666666666667,-0.003133333333333335,2.982916666666667,2.975625,0.00729166666666714
20260906,47,0.9566666666666667,0.9520833333333334,0.004583333333333273,0.023966666666666667,0.026016666666666667,-0.0020499999999999997,2.979791666666667,2.975625,0.004166666666666874
20260906,48,0.9620833333333334,0.9520833333333334,0.010000000000000009,0.023791666666666666,0.026016666666666667,-0.0022250000000000013,2.981875,2.975625,0.006250000000000089
20260906,49,0.957916666666667,0.9520833333333334,0.005833333333333579,0.026516666666666668,0.026016666666666667,0.0005000000000000004,2.976458333333334,2.975625,0.0008333333333339077
20260906,50,0.9633333333333333,0.9520833333333334,0.011249999999999871,0.0239,0.026016666666666667,-0.002116666666666666,2.9854166666666666,2.975625,0.009791666666666643
20260907,1,0.9579166666666667,0.9499999999999998,0.007916666666666905,0.030208333333333334,0.026641666666666668,0.003566666666666666,2.9827083333333335,2.9806249999999994,0.002083333333334103
20260907,2,0.9616666666666666,0.9499999999999998,0.011666666666666714,0.023675,0.026641666666666668,-0.002966666666666666,2.9864583333333328,2.9806249999999994,0.005833333333333357
20260907,3,0.9612500000000003,0.9499999999999998,0.011250000000000426,0.025308333333333332,0.026641666666666668,-0.0013333333333333357,2.9804166666666667,2.9806249999999994,-0.00020833333333269977
20260907,4,0.9620833333333334,0.9499999999999998,0.012083333333333557,0.024583333333333332,0.026641666666666668,-0.0020583333333333356,2.9758333333333336,2.9806249999999994,-0.004791666666665861
20260907,5,0.9529166666666666,0.9499999999999998,0.0029166666666667895,0.023875,0.026641666666666668,-0.0027666666666666673,2.9797916666666664,2.9806249999999994,-0.0008333333333330195
20260907,6,0.965416666666667,0.9499999999999998,0.01541666666666719,0.023283333333333333,0.026641666666666668,-0.0033583333333333347,2.98125,2.9806249999999994,0.0006250000000007638
20260907,7,0.9575000000000001,0.9499999999999998,0.007500000000000284,0.023166666666666665,0.026641666666666668,-0.0034750000000000024,2.9835416666666665,2.9806249999999994,0.0029166666666671226
20260907,8,0.9683333333333335,0.9499999999999998,0.018333333333333646,0.022525,0.026641666666666668,-0.004116666666666668,2.9770833333333337,2.9806249999999994,-0.003541666666665666
20260907,9,0.9604166666666668,0.9499999999999998,0.010416666666666963,0.023258333333333332,0.026641666666666668,-0.0033833333333333354,2.977708333333333,2.9806249999999994,-0.0029166666666662344
20260907,10,0.9683333333333335,0.9499999999999998,0.018333333333333646,0.024816666666666667,0.026641666666666668,-0.0018250000000000002,2.981666666666667,2.9806249999999994,0.0010416666666674956
20260907,11,0.9645833333333336,0.9499999999999998,0.014583333333333726,0.02255,0.026641666666666668,-0.004091666666666667,2.9847916666666667,2.9806249999999994,0.004166666666667318
20260907,12,0.9625000000000001,0.9499999999999998,0.012500000000000289,0.024733333333333333,0.026641666666666668,-0.0019083333333333348,2.9814583333333333,2.9806249999999994,0.0008333333333339077
20260907,13,0.9554166666666666,0.9499999999999998,0.005416666666666736,0.02493333333333333,0.026641666666666668,-0.001708333333333336,2.9845833333333336,2.9806249999999994,0.003958333333334174
20260907,14,0.9695833333333335,0.9499999999999998,0.01958333333333362,0.023616666666666668,0.026641666666666668,-0.003025,2.9835416666666665,2.9806249999999994,0.0029166666666671226
20260907,15,0.9600000000000002,0.9499999999999998,0.010000000000000342,0.024075,0.026641666666666668,-0.0025666666666666685,2.984375,2.9806249999999994,0.003750000000000586
20260907,16,0.9625,0.9499999999999998,0.012500000000000178,0.023958333333333335,0.026641666666666668,-0.0026833333333333327,2.982291666666667,2.9806249999999994,0.0016666666666673713
20260907,17,0.9675000000000005,0.9499999999999998,0.017500000000000626,0.0242,0.026641666666666668,-0.0024416666666666684,2.981875,2.9806249999999994,0.0012500000000006395
20260907,18,0.9654166666666667,0.9499999999999998,0.015416666666666856,0.023616666666666668,0.026641666666666668,-0.003025,2.9795833333333333,2.9806249999999994,-0.0010416666666661634
20260907,19,0.9712500000000001,0.9499999999999998,0.021250000000000213,0.022708333333333334,0.026641666666666668,-0.003933333333333334,2.9833333333333334,2.9806249999999994,0.0027083333333339787
20260907,20,0.9587499999999997,0.9499999999999998,0.008749999999999813,0.024808333333333335,0.026641666666666668,-0.0018333333333333326,2.9820833333333336,2.9806249999999994,0.0014583333333342274
20260907,21,0.96125,0.9499999999999998,0.011250000000000204,0.0249,0.026641666666666668,-0.0017416666666666691,2.9806250000000003,2.9806249999999994,8.881784197001252e-16
20260907,22,0.9704166666666669,0.9499999999999998,0.020416666666667083,0.024158333333333334,0.026641666666666668,-0.002483333333333334,2.986875,2.9806249999999994,0.006250000000000533
20260907,23,0.9608333333333332,0.9499999999999998,0.010833333333333361,0.024991666666666666,0.026641666666666668,-0.0016500000000000022,2.9806249999999994,2.9806249999999994,0.0
20260907,24,0.9629166666666669,0.9499999999999998,0.01291666666666702,0.023708333333333335,0.026641666666666668,-0.002933333333333333,2.981666666666667,2.9806249999999994,0.0010416666666674956
20260907,25,0.9625,0.9499999999999998,0.012500000000000178,0.02515,0.026641666666666668,-0.001491666666666669,2.974791666666666,2.9806249999999994,-0.005833333333333357
20260907,26,0.9666666666666668,0.9499999999999998,0.01666666666666694,0.024316666666666667,0.026641666666666668,-0.0023250000000000007,2.9760416666666667,2.9806249999999994,-0.0045833333333327175
20260907,27,0.9645833333333336,0.9499999999999998,0.014583333333333726,0.024466666666666668,0.026641666666666668,-0.002175,2.9854166666666666,2.9806249999999994,0.004791666666667194
20260907,28,0.9662500000000002,0.9499999999999998,0.01625000000000032,0.025791666666666668,0.026641666666666668,-0.0008500000000000001,2.979375,2.9806249999999994,-0.0012499999999993072
20260907,29,0.9637500000000001,0.9499999999999998,0.013750000000000262,0.024791666666666667,0.026641666666666668,-0.001850000000000001,2.9804166666666663,2.9806249999999994,-0.00020833333333314386
20260907,30,0.9683333333333334,0.9499999999999998,0.018333333333333535,0.0223,0.026641666666666668,-0.004341666666666667,2.98375,2.9806249999999994,0.0031250000000007105
20260907,31,0.9625,0.9499999999999998,0.012500000000000178,0.025258333333333334,0.026641666666666668,-0.0013833333333333336,2.9789583333333334,2.9806249999999994,-0.001666666666666039
20260907,32,0.95625,0.9499999999999998,0.0062500000000002,0.025358333333333333,0.026641666666666668,-0.0012833333333333342,2.9860416666666665,2.9806249999999994,0.005416666666667069
20260907,33,0.9579166666666667,0.9499999999999998,0.007916666666666905,0.025825,0.026641666666666668,-0.0008166666666666669,2.980416666666667,2.9806249999999994,-0.00020833333333225568
20260907,34,0.95875,0.9499999999999998,0.008750000000000147,0.023575,0.026641666666666668,-0.003066666666666669,2.9802083333333336,2.9806249999999994,-0.0004166666666658436
20260907,35,0.9658333333333335,0.9499999999999998,0.0158333333333337,0.024433333333333335,0.026641666666666668,-0.002208333333333333,2.9777083333333336,2.9806249999999994,-0.0029166666666657903
20260907,36,0.969166666666667,0.9499999999999998,0.01916666666666711,0.023366666666666668,0.026641666666666668,-0.003275,2.9858333333333333,2.9806249999999994,0.0052083333333339255
20260907,37,0.9654166666666667,0.9499999999999998,0.015416666666666856,0.0263,0.026641666666666668,-0.0003416666666666672,2.9779166666666668,2.9806249999999994,-0.0027083333333326465
20260907,38,0.9591666666666667,0.9499999999999998,0.009166666666666878,0.0244,0.026641666666666668,-0.002241666666666666,2.975833333333333,2.9806249999999994,-0.0047916666666663055
20260907,39,0.9641666666666666,0.9499999999999998,0.014166666666666772,0.023766666666666665,0.026641666666666668,-0.0028750000000000026,2.9795833333333333,2.9806249999999994,-0.0010416666666661634
20260907,40,0.9670833333333336,0.9499999999999998,0.017083333333333783,0.024891666666666666,0.026641666666666668,-0.0017500000000000016,2.98,2.9806249999999994,-0.0006249999999994316
20260907,41,0.9683333333333334,0.9499999999999998,0.018333333333333535,0.025483333333333334,0.026641666666666668,-0.0011583333333333341,2.982916666666667,2.9806249999999994,0.002291666666667691
20260907,42,0.9595833333333333,0.9499999999999998,0.009583333333333499,0.0249,0.026641666666666668,-0.0017416666666666691,2.981875,2.9806249999999994,0.0012500000000006395
20260907,43,0.9695833333333335,0.9499999999999998,0.01958333333333362,0.0231,0.026641666666666668,-0.0035416666666666687,2.9825000000000004,2.9806249999999994,0.0018750000000009592
20260907,44,0.964166666666667,0.9499999999999998,0.014166666666667105,0.024058333333333334,0.026641666666666668,-0.0025833333333333333,2.9854166666666666,2.9806249999999994,0.004791666666667194
20260907,45,0.9604166666666666,0.9499999999999998,0.01041666666666674,0.024441666666666667,0.026641666666666668,-0.0022000000000000006,2.9781249999999995,2.9806249999999994,-0.0024999999999999467
20260907,46,0.9570833333333333,0.9499999999999998,0.007083333333333441,0.02395,0.026641666666666668,-0.0026916666666666686,2.9799999999999995,2.9806249999999994,-0.0006249999999998757
20260907,47,0.9500000000000004,0.9499999999999998,5.551115123125783e-16,0.022708333333333334,0.026641666666666668,-0.003933333333333334,2.97375,2.9806249999999994,-0.00687499999999952
20260907,48,0.9591666666666665,0.9499999999999998,0.009166666666666656,0.024816666666666667,0.026641666666666668,-0.0018250000000000002,2.9808333333333334,2.9806249999999994,0.00020833333333403203
20260907,49,0.9733333333333334,0.9499999999999998,0.02333333333333354,0.02455,0.026641666666666668,-0.0020916666666666688,2.9825000000000004,2.9806249999999994,0.0018750000000009592
20260907,50,0.9608333333333337,0.9499999999999998,0.010833333333333806,0.023125,0.026641666666666668,-0.003516666666666668,2.9835416666666665,2.9806249999999994,0.0029166666666671226
20260908,1,0.9529166666666666,0.9533333333333334,-0.0004166666666667318,0.02811666666666667,0.023366666666666668,0.004750000000000001,2.9839583333333337,2.983125,0.0008333333333339077
20260908,2,0.9729166666666668,0.9533333333333334,0.019583333333333397,0.021308333333333332,0.023366666666666668,-0.0020583333333333356,2.9841666666666664,2.983125,0.0010416666666666075
20260908,3,0.9608333333333334,0.9533333333333334,0.007500000000000062,0.021808333333333332,0.023366666666666668,-0.0015583333333333352,2.9850000000000003,2.983125,0.0018750000000005151
20260908,4,0.9645833333333333,0.9533333333333334,0.011249999999999982,0.023716666666666667,0.023366666666666668,0.0003499999999999996,2.9839583333333333,2.983125,0.0008333333333334636
20260908,5,0.9725000000000001,0.9533333333333334,0.019166666666666776,0.021291666666666667,0.023366666666666668,-0.0020750000000000005,2.984166666666667,2.983125,0.0010416666666670515
20260908,6,0.9695833333333332,0.9533333333333334,0.016249999999999876,0.021133333333333334,0.023366666666666668,-0.0022333333333333337,2.9787500000000007,2.983125,-0.00437499999999913
20260908,7,0.9716666666666667,0.9533333333333334,0.018333333333333313,0.023616666666666668,0.023366666666666668,0.0002500000000000002,2.9862499999999996,2.983125,0.0031249999999998224
20260908,8,0.9662500000000002,0.9533333333333334,0.012916666666666798,0.022225,0.023366666666666668,-0.0011416666666666658,2.982291666666667,2.983125,-0.0008333333333330195
20260908,9,0.9658333333333335,0.9533333333333334,0.012500000000000178,0.021625,0.023366666666666668,-0.0017416666666666691,2.9743750000000007,2.983125,-0.008749999999999147
20260908,10,0.9604166666666666,0.9533333333333334,0.007083333333333219,0.024283333333333334,0.023366666666666668,0.0009166666666666663,2.97875,2.983125,-0.004375000000000018
20260908,11,0.9687500000000002,0.9533333333333334,0.015416666666666856,0.023116666666666667,0.023366666666666668,-0.0002500000000000002,2.979375,2.983125,-0.003749999999999698
20260908,12,0.964166666666667,0.9533333333333334,0.010833333333333584,0.022625,0.023366666666666668,-0.0007416666666666683,2.98,2.983125,-0.0031249999999998224
20260908,13,0.9658333333333337,0.9533333333333334,0.012500000000000289,0.025583333333333333,0.023366666666666668,0.0022166666666666654,2.9810416666666666,2.983125,-0.002083333333333215
20260908,14,0.9658333333333335,0.9533333333333334,0.012500000000000178,0.022075,0.023366666666666668,-0.0012916666666666667,2.97625,2.983125,-0.0068749999999999645
20260908,15,0.9608333333333334,0.9533333333333334,0.007500000000000062,0.023725,0.023366666666666668,0.00035833333333333203,2.982291666666667,2.983125,-0.0008333333333330195
20260908,16,0.9645833333333333,0.9533333333333334,0.011249999999999982,0.022766666666666668,0.023366666666666668,-0.0005999999999999998,2.985625,2.983125,0.002500000000000391
20260908,17,0.9704166666666667,0.9533333333333334,0.01708333333333334,0.024175,0.023366666666666668,0.000808333333333331,2.9789583333333334,2.983125,-0.00416666666666643
20260908,18,0.9616666666666669,0.9533333333333334,0.008333333333333526,0.021825,0.023366666666666668,-0.0015416666666666669,2.980833333333334,2.983125,-0.0022916666666659147
20260908,19,0.9658333333333335,0.9533333333333334,0.012500000000000178,0.023875,0.023366666666666668,0.0005083333333333329,2.984166666666667,2.983125,0.0010416666666670515
20260908,20,0.9625,0.9533333333333334,0.009166666666666656,0.023391666666666668,0.023366666666666668,2.5000000000000716e-5,2.98125,2.983125,-0.001874999999999627
20260908,21,0.96125,0.9533333333333334,0.007916666666666683,0.025016666666666666,0.023366666666666668,0.0016499999999999987,2.973958333333333,2.983125,-0.009166666666666767
20260908,22,0.9662499999999999,0.9533333333333334,0.012916666666666576,0.0239,0.023366666666666668,0.0005333333333333336,2.98375,2.983125,0.0006250000000003197
20260908,23,0.9650000000000001,0.9533333333333334,0.011666666666666714,0.023508333333333332,0.023366666666666668,0.00014166666666666494,2.9852083333333335,2.983125,0.002083333333333659
20260908,24,0.9670833333333334,0.9533333333333334,0.01375000000000004,0.022958333333333334,0.023366666666666668,-0.00040833333333333346,2.9789583333333334,2.983125,-0.00416666666666643
20260908,25,0.9716666666666665,0.9533333333333334,0.01833333333333309,0.021841666666666665,0.023366666666666668,-0.001525000000000002,2.9858333333333333,2.983125,0.0027083333333335347
20260908,26,0.9733333333333334,0.9533333333333334,0.020000000000000018,0.021225,0.023366666666666668,-0.0021416666666666667,2.9845833333333336,2.983125,0.0014583333333337833
20260908,27,0.9595833333333335,0.9533333333333334,0.006250000000000089,0.02385,0.023366666666666668,0.00048333333333333214,2.983958333333333,2.983125,0.0008333333333330195
20260908,28,0.9695833333333335,0.9533333333333334,0.016250000000000098,0.023008333333333332,0.023366666666666668,-0.0003583333333333355,2.981666666666667,2.983125,-0.0014583333333328952
20260908,29,0.9604166666666665,0.9533333333333334,0.007083333333333108,0.023741666666666668,0.023366666666666668,0.00037500000000000033,2.9850000000000003,2.983125,0.0018750000000005151
20260908,30,0.9629166666666666,0.9533333333333334,0.009583333333333277,0.024383333333333333,0.023366666666666668,0.0010166666666666657,2.982500000000001,2.983125,-0.0006249999999989875
20260908,31,0.96125,0.9533333333333334,0.007916666666666683,0.024025,0.023366666666666668,0.0006583333333333337,2.9816666666666665,2.983125,-0.0014583333333333393
20260908,32,0.9662500000000002,0.9533333333333334,0.012916666666666798,0.022083333333333333,0.023366666666666668,-0.0012833333333333342,2.9829166666666667,2.983125,-0.00020833333333314386
20260908,33,0.9670833333333334,0.9533333333333334,0.01375000000000004,0.024075,0.023366666666666668,0.0007083333333333316,2.9831250000000002,2.983125,4.440892098500626e-16
20260908,34,0.9658333333333333,0.9533333333333334,0.012499999999999956,0.022816666666666666,0.023366666666666668,-0.0005500000000000019,2.9804166666666663,2.983125,-0.0027083333333335347
20260908,35,0.9754166666666666,0.9533333333333334,0.022083333333333233,0.02465,0.023366666666666668,0.0012833333333333308,2.9833333333333334,2.983125,0.00020833333333358794
20260908,36,0.9683333333333335,0.9533333333333334,0.015000000000000124,0.022858333333333335,0.023366666666666668,-0.0005083333333333329,2.9797916666666664,2.983125,-0.0033333333333334103
20260908,37,0.9620833333333334,0.9533333333333334,0.008750000000000036,0.0238,0.023366666666666668,0.0004333333333333342,2.981875,2.983125,-0.0012499999999997513
20260908,38,0.9641666666666667,0.9533333333333334,0.010833333333333361,0.023258333333333332,0.023366666666666668,-0.00010833333333333528,2.9833333333333334,2.983125,0.00020833333333358794
20260908,39,0.9554166666666667,0.9533333333333334,0.002083333333333326,0.023683333333333334,0.023366666666666668,0.0003166666666666665,2.98,2.983125,-0.0031249999999998224
20260908,40,0.9537500000000001,0.9533333333333334,0.0004166666666667318,0.024808333333333335,0.023366666666666668,0.0014416666666666675,2.9816666666666665,2.983125,-0.0014583333333333393
20260908,41,0.9600000000000002,0.9533333333333334,0.006666666666666821,0.024341666666666668,0.023366666666666668,0.0009750000000000002,2.984583333333333,2.983125,0.0014583333333333393
20260908,42,0.9641666666666667,0.9533333333333334,0.010833333333333361,0.024041666666666666,0.023366666666666668,0.0006749999999999985,2.981041666666667,2.983125,-0.002083333333332771
20260908,43,0.95375,0.9533333333333334,0.0004166666666666208,0.0249,0.023366666666666668,0.001533333333333331,2.9783333333333335,2.983125,-0.0047916666666663055
20260908,44,0.9566666666666664,0.9533333333333334,0.0033333333333330772,0.021866666666666666,0.023366666666666668,-0.0015000000000000013,2.981875,2.983125,-0.0012499999999997513
20260908,45,0.956666666666667,0.9533333333333334,0.0033333333333336324,0.02263333333333333,0.023366666666666668,-0.0007333333333333358,2.9795833333333333,2.983125,-0.003541666666666554
20260908,46,0.9616666666666667,0.9533333333333334,0.008333333333333304,0.022958333333333334,0.023366666666666668,-0.00040833333333333346,2.9829166666666667,2.983125,-0.00020833333333314386
20260908,47,0.9670833333333336,0.9533333333333334,0.013750000000000262,0.023058333333333333,0.023366666666666668,-0.00030833333333333407,2.9820833333333328,2.983125,-0.0010416666666670515
20260908,48,0.9662500000000002,0.9533333333333334,0.012916666666666798,0.023291666666666665,0.023366666666666668,-7.500000000000215e-5,2.97625,2.983125,-0.0068749999999999645
20260908,49,0.9687500000000002,0.9533333333333334,0.015416666666666856,0.024783333333333334,0.023366666666666668,0.0014166666666666668,2.9856249999999998,2.983125,0.0024999999999999467
20260908,50,0.9579166666666665,0.9533333333333334,0.004583333333333162,0.024775,0.023366666666666668,0.0014083333333333309,2.9852083333333335,2.983125,0.002083333333333659
20260909,1,0.9625,0.9624999999999998,2.220446049250313e-16,0.029241666666666666,0.025025,0.004216666666666667,2.9872916666666667,2.977708333333333,0.009583333333333499
20260909,2,0.9654166666666667,0.9624999999999998,0.0029166666666669006,0.022483333333333334,0.025025,-0.0025416666666666643,2.983541666666667,2.977708333333333,0.005833333333333801
20260909,3,0.9687500000000002,0.9624999999999998,0.006250000000000422,0.021916666666666668,0.025025,-0.003108333333333331,2.9877083333333334,2.977708333333333,0.010000000000000231
20260909,4,0.966666666666667,0.9624999999999998,0.004166666666667207,0.023775,0.025025,-0.0012499999999999976,2.986458333333333,2.977708333333333,0.008750000000000036
20260909,5,0.9558333333333333,0.9624999999999998,-0.0066666666666664876,0.023383333333333332,0.025025,-0.0016416666666666663,2.9802083333333327,2.977708333333333,0.0024999999999995026
20260909,6,0.9654166666666667,0.9624999999999998,0.0029166666666669006,0.022175,0.025025,-0.0028499999999999984,2.988125,2.977708333333333,0.010416666666666963
20260909,7,0.9612499999999999,0.9624999999999998,-0.0012499999999998623,0.022433333333333333,0.025025,-0.0025916666666666657,2.984791666666667,2.977708333333333,0.0070833333333339965
20260909,8,0.96875,0.9624999999999998,0.0062500000000002,0.022016666666666667,0.025025,-0.0030083333333333316,2.9770833333333337,2.977708333333333,-0.0006249999999994316
20260909,9,0.9679166666666668,0.9624999999999998,0.005416666666666958,0.022533333333333332,0.025025,-0.0024916666666666663,2.9837499999999997,2.977708333333333,0.006041666666666501
20260909,10,0.9595833333333333,0.9624999999999998,-0.0029166666666664565,0.022125,0.025025,-0.0029,2.9850000000000003,2.977708333333333,0.00729166666666714
20260909,11,0.9633333333333336,0.9624999999999998,0.0008333333333337967,0.024416666666666666,0.025025,-0.0006083333333333323,2.9812499999999997,2.977708333333333,0.003541666666666554
20260909,12,0.9758333333333334,0.9624999999999998,0.013333333333333641,0.02155,0.025025,-0.003474999999999999,2.9839583333333333,2.977708333333333,0.006250000000000089
20260909,13,0.9595833333333333,0.9624999999999998,-0.0029166666666664565,0.023666666666666666,0.025025,-0.001358333333333333,2.9814583333333333,2.977708333333333,0.003750000000000142
20260909,14,0.9641666666666666,0.9624999999999998,0.0016666666666668162,0.02395,0.025025,-0.0010749999999999996,2.9825,2.977708333333333,0.0047916666666667496
20260909,15,0.9616666666666669,0.9624999999999998,-0.0008333333333329085,0.023183333333333334,0.025025,-0.001841666666666665,2.982916666666667,2.977708333333333,0.0052083333333339255
20260909,16,0.9575000000000001,0.9624999999999998,-0.004999999999999671,0.024166666666666666,0.025025,-0.0008583333333333325,2.9808333333333334,2.977708333333333,0.0031250000000002665
20260909,17,0.9675,0.9624999999999998,0.0050000000000002265,0.024816666666666667,0.025025,-0.0002083333333333312,2.983541666666667,2.977708333333333,0.005833333333333801
20260909,18,0.9674999999999999,0.9624999999999998,0.0050000000000001155,0.025516666666666667,0.025025,0.000491666666666668,2.9818749999999996,2.977708333333333,0.00416666666666643
20260909,19,0.9675000000000002,0.9624999999999998,0.0050000000000004485,0.0228,0.025025,-0.002224999999999998,2.9766666666666666,2.977708333333333,-0.0010416666666666075
20260909,20,0.9599999999999997,0.9624999999999998,-0.0025000000000000577,0.0223,0.025025,-0.0027249999999999983,2.977708333333333,2.977708333333333,0.0
20260909,21,0.9533333333333337,0.9624999999999998,-0.009166666666666101,0.023775,0.025025,-0.0012499999999999976,2.9797916666666664,2.977708333333333,0.002083333333333215
20260909,22,0.9700000000000001,0.9624999999999998,0.007500000000000284,0.022716666666666666,0.025025,-0.0023083333333333324,2.9833333333333334,2.977708333333333,0.005625000000000213
20260909,23,0.9579166666666667,0.9624999999999998,-0.004583333333333051,0.02420833333333333,0.025025,-0.0008166666666666669,2.98,2.977708333333333,0.002291666666666803
20260909,24,0.9616666666666667,0.9624999999999998,-0.0008333333333331305,0.0242,0.025025,-0.0008249999999999993,2.979375,2.977708333333333,0.0016666666666669272
20260909,25,0.9675000000000002,0.9624999999999998,0.0050000000000004485,0.023691666666666666,0.025025,-0.0013333333333333322,2.983541666666666,2.977708333333333,0.005833333333332913
20260909,26,0.9600000000000002,0.9624999999999998,-0.0024999999999996136,0.0233,0.025025,-0.0017249999999999974,2.9806250000000003,2.977708333333333,0.0029166666666671226
20260909,27,0.9629166666666669,0.9624999999999998,0.00041666666666706487,0.024841666666666668,0.025025,-0.0001833333333333305,2.9852083333333335,2.977708333333333,0.007500000000000284
20260909,28,0.9637500000000001,0.9624999999999998,0.0012500000000003064,0.021333333333333333,0.025025,-0.003691666666666666,2.9854166666666666,2.977708333333333,0.007708333333333428
20260909,29,0.9654166666666667,0.9624999999999998,0.0029166666666669006,0.022458333333333334,0.025025,-0.002566666666666665,2.9864583333333328,2.977708333333333,0.008749999999999591
20260909,30,0.9520833333333334,0.9624999999999998,-0.010416666666666408,0.024616666666666665,0.025025,-0.00040833333333333346,2.9845833333333336,2.977708333333333,0.0068750000000004086
20260909,31,0.9695833333333335,0.9624999999999998,0.0070833333333336634,0.023875,0.025025,-0.0011499999999999982,2.98125,2.977708333333333,0.0035416666666669983
20260909,32,0.9654166666666668,0.9624999999999998,0.0029166666666670116,0.022675,0.025025,-0.002349999999999998,2.9854166666666666,2.977708333333333,0.007708333333333428
20260909,33,0.9629166666666666,0.9624999999999998,0.0004166666666668428,0.02325,0.025025,-0.0017749999999999988,2.9799999999999995,2.977708333333333,0.0022916666666663588
20260909,34,0.9650000000000001,0.9624999999999998,0.0025000000000002798,0.024125,0.025025,-0.000899999999999998,2.9825000000000004,2.977708333333333,0.004791666666667194
20260909,35,0.9612499999999999,0.9624999999999998,-0.0012499999999998623,0.022775,0.025025,-0.0022499999999999985,2.979375,2.977708333333333,0.0016666666666669272
20260909,36,0.9633333333333336,0.9624999999999998,0.0008333333333337967,0.022783333333333333,0.025025,-0.002241666666666666,2.9789583333333334,2.977708333333333,0.0012500000000001954
20260909,37,0.9550000000000001,0.9624999999999998,-0.007499999999999729,0.022375,0.025025,-0.0026499999999999996,2.984375,2.977708333333333,0.006666666666666821
20260909,38,0.9604166666666668,0.9624999999999998,-0.002083333333332993,0.023391666666666668,0.025025,-0.0016333333333333304,2.9814583333333333,2.977708333333333,0.003750000000000142
20260909,39,0.964166666666667,0.9624999999999998,0.0016666666666671492,0.02445,0.025025,-0.0005749999999999991,2.974166666666666,2.977708333333333,-0.0035416666666669983
20260909,40,0.9566666666666667,0.9624999999999998,-0.005833333333333135,0.023725,0.025025,-0.001299999999999999,2.9804166666666667,2.977708333333333,0.0027083333333335347
20260909,41,0.9604166666666666,0.9624999999999998,-0.002083333333333215,0.025708333333333333,0.025025,0.0006833333333333344,2.9799999999999995,2.977708333333333,0.0022916666666663588
20260909,42,0.9637500000000003,0.9624999999999998,0.0012500000000005285,0.025608333333333334,0.025025,0.000583333333333335,2.9795833333333333,2.977708333333333,0.001875000000000071
20260909,43,0.9675000000000002,0.9624999999999998,0.0050000000000004485,0.025608333333333334,0.025025,0.000583333333333335,2.9825,2.977708333333333,0.0047916666666667496
20260909,44,0.9645833333333336,0.9624999999999998,0.00208333333333377,0.026316666666666665,0.025025,0.0012916666666666667,2.982916666666667,2.977708333333333,0.0052083333333339255
20260909,45,0.964166666666667,0.9624999999999998,0.0016666666666671492,0.024558333333333335,0.025025,-0.00046666666666666384,2.9829166666666667,2.977708333333333,0.005208333333333481
20260909,46,0.9670833333333334,0.9624999999999998,0.004583333333333606,0.022416666666666668,0.025025,-0.0026083333333333306,2.9804166666666663,2.977708333333333,0.0027083333333330906
20260909,47,0.9666666666666666,0.9624999999999998,0.004166666666666763,0.023083333333333334,0.025025,-0.0019416666666666645,2.9889583333333327,2.977708333333333,0.011249999999999538
20260909,48,0.9679166666666669,0.9624999999999998,0.005416666666667069,0.023966666666666667,0.025025,-0.0010583333333333313,2.98,2.977708333333333,0.002291666666666803
20260909,49,0.9662500000000002,0.9624999999999998,0.003750000000000364,0.024891666666666666,0.025025,-0.00013333333333333253,2.9850000000000003,2.977708333333333,0.00729166666666714
20260909,50,0.9550000000000003,0.9624999999999998,-0.007499999999999507,0.024891666666666666,0.025025,-0.00013333333333333253,2.9858333333333333,2.977708333333333,0.00812500000000016
20260910,1,0.9570833333333331,0.9633333333333335,-0.006250000000000422,0.030033333333333332,0.025758333333333334,0.0042749999999999976,2.983958333333333,2.981041666666667,0.0029166666666657903
20260910,2,0.9695833333333332,0.9633333333333335,0.006249999999999756,0.021541666666666667,0.025758333333333334,-0.004216666666666667,2.9852083333333335,2.981041666666667,0.00416666666666643
20260910,3,0.9729166666666664,0.9633333333333335,0.009583333333332944,0.023116666666666667,0.025758333333333334,-0.002641666666666667,2.984583333333333,2.981041666666667,0.00354166666666611
20260910,4,0.9729166666666667,0.9633333333333335,0.009583333333333166,0.023658333333333333,0.025758333333333334,-0.002100000000000001,2.986875,2.981041666666667,0.005833333333332913
20260910,5,0.9720833333333333,0.9633333333333335,0.008749999999999813,0.023608333333333332,0.025758333333333334,-0.0021500000000000026,2.985625,2.981041666666667,0.004583333333333162
20260910,6,0.9650000000000001,0.9633333333333335,0.0016666666666665941,0.023283333333333333,0.025758333333333334,-0.0024750000000000015,2.9741666666666666,2.981041666666667,-0.0068750000000004086
20260910,7,0.9641666666666667,0.9633333333333335,0.0008333333333332416,0.022741666666666667,0.025758333333333334,-0.0030166666666666675,2.9837499999999997,2.981041666666667,0.0027083333333326465
20260910,8,0.9679166666666669,0.9633333333333335,0.004583333333333384,0.023083333333333334,0.025758333333333334,-0.0026750000000000003,2.9820833333333328,2.981041666666667,0.0010416666666657193
20260910,9,0.9620833333333335,0.9633333333333335,-0.0012499999999999734,0.022308333333333333,0.025758333333333334,-0.0034500000000000017,2.9762499999999994,2.981041666666667,-0.004791666666667638
20260910,10,0.9583333333333334,0.9633333333333335,-0.0050000000000001155,0.024075,0.025758333333333334,-0.0016833333333333353,2.984583333333333,2.981041666666667,0.00354166666666611
20260910,11,0.9679166666666669,0.9633333333333335,0.004583333333333384,0.022691666666666666,0.025758333333333334,-0.003066666666666669,2.979791666666667,2.981041666666667,-0.0012500000000001954
20260910,12,0.969166666666667,0.9633333333333335,0.005833333333333468,0.023425,0.025758333333333334,-0.002333333333333333,2.983125,2.981041666666667,0.002083333333332771
20260910,13,0.9666666666666668,0.9633333333333335,0.0033333333333332993,0.024016666666666665,0.025758333333333334,-0.0017416666666666691,2.986666666666667,2.981041666666667,0.005624999999999769
20260910,14,0.9637499999999999,0.9633333333333335,0.00041666666666639873,0.024125,0.025758333333333334,-0.0016333333333333339,2.9779166666666668,2.981041666666667,-0.0031250000000002665
20260910,15,0.9683333333333334,0.9633333333333335,0.004999999999999893,0.025416666666666667,0.025758333333333334,-0.0003416666666666672,2.9804166666666667,2.981041666666667,-0.0006250000000003197
20260910,16,0.9687500000000002,0.9633333333333335,0.005416666666666736,0.023191666666666666,0.025758333333333334,-0.0025666666666666685,2.987083333333333,2.981041666666667,0.006041666666666057
20260910,17,0.9683333333333334,0.9633333333333335,0.004999999999999893,0.023658333333333333,0.025758333333333334,-0.002100000000000001,2.983125,2.981041666666667,0.002083333333332771
20260910,18,0.9575000000000002,0.9633333333333335,-0.005833333333333246,0.02425,0.025758333333333334,-0.0015083333333333337,2.9858333333333333,2.981041666666667,0.0047916666666663055
20260910,19,0.9595833333333337,0.9633333333333335,-0.003749999999999809,0.023625,0.025758333333333334,-0.0021333333333333343,2.984375,2.981041666666667,0.0033333333333329662
20260910,20,0.9654166666666668,0.9633333333333335,0.002083333333333326,0.023925,0.025758333333333334,-0.0018333333333333361,2.9847916666666667,2.981041666666667,0.003749999999999698
20260910,21,0.9633333333333335,0.9633333333333335,0.0,0.02515,0.025758333333333334,-0.0006083333333333357,2.980208333333333,2.981041666666667,-0.0008333333333339077
20260910,22,0.9683333333333335,0.9633333333333335,0.0050000000000000044,0.023991666666666668,0.025758333333333334,-0.0017666666666666664,2.9727083333333337,2.981041666666667,-0.008333333333333304
20260910,23,0.9670833333333333,0.9633333333333335,0.003749999999999809,0.023008333333333332,0.025758333333333334,-0.0027500000000000024,2.975625,2.981041666666667,-0.005416666666667069
20260910,24,0.9650000000000001,0.9633333333333335,0.0016666666666665941,0.024491666666666665,0.025758333333333334,-0.0012666666666666694,2.984375,2.981041666666667,0.0033333333333329662
20260910,25,0.9683333333333334,0.9633333333333335,0.004999999999999893,0.024683333333333335,0.025758333333333334,-0.0010749999999999996,2.9806250000000003,2.981041666666667,-0.0004166666666667318
20260910,26,0.9625000000000001,0.9633333333333335,-0.0008333333333333526,0.023283333333333333,0.025758333333333334,-0.0024750000000000015,2.9831250000000002,2.981041666666667,0.002083333333333215
20260910,27,0.9679166666666668,0.9633333333333335,0.004583333333333273,0.023725,0.025758333333333334,-0.002033333333333335,2.9781250000000004,2.981041666666667,-0.0029166666666666785
20260910,28,0.9600000000000002,0.9633333333333335,-0.0033333333333332993,0.024775,0.025758333333333334,-0.000983333333333336,2.98125,2.981041666666667,0.00020833333333314386
20260910,29,0.9625000000000001,0.9633333333333335,-0.0008333333333333526,0.025916666666666668,0.025758333333333334,0.00015833333333333324,2.97875,2.981041666666667,-0.002291666666667247
20260910,30,0.9595833333333335,0.9633333333333335,-0.003750000000000031,0.025025,0.025758333333333334,-0.0007333333333333358,2.9816666666666665,2.981041666666667,0.0006249999999994316
20260910,31,0.9666666666666666,0.9633333333333335,0.0033333333333330772,0.024008333333333333,0.025758333333333334,-0.0017500000000000016,2.9831250000000002,2.981041666666667,0.002083333333333215
20260910,32,0.9662499999999999,0.9633333333333335,0.0029166666666664565,0.023325,0.025758333333333334,-0.002433333333333336,2.9822916666666663,2.981041666666667,0.0012499999999993072
20260910,33,0.9620833333333335,0.9633333333333335,-0.0012499999999999734,0.023666666666666666,0.025758333333333334,-0.0020916666666666688,2.9797916666666664,2.981041666666667,-0.0012500000000006395
20260910,34,0.9658333333333335,0.9633333333333335,0.0025000000000000577,0.023925,0.025758333333333334,-0.0018333333333333361,2.9779166666666663,2.981041666666667,-0.0031250000000007105
20260910,35,0.9595833333333333,0.9633333333333335,-0.003750000000000142,0.023508333333333332,0.025758333333333334,-0.002250000000000002,2.9795833333333333,2.981041666666667,-0.0014583333333337833
20260910,36,0.9620833333333334,0.9633333333333335,-0.0012500000000000844,0.025066666666666668,0.025758333333333334,-0.0006916666666666668,2.982083333333333,2.981041666666667,0.0010416666666661634
20260910,37,0.9587500000000002,0.9633333333333335,-0.004583333333333273,0.024475,0.025758333333333334,-0.0012833333333333342,2.9775,2.981041666666667,-0.0035416666666669983
20260910,38,0.9566666666666664,0.9633333333333335,-0.006666666666667043,0.024741666666666665,0.025758333333333334,-0.0010166666666666692,2.9847916666666667,2.981041666666667,0.003749999999999698
20260910,39,0.9670833333333334,0.9633333333333335,0.00374999999999992,0.022725,0.025758333333333334,-0.003033333333333336,2.9833333333333334,2.981041666666667,0.0022916666666663588
20260910,40,0.95875,0.9633333333333335,-0.004583333333333495,0.024433333333333335,0.025758333333333334,-0.0013249999999999998,2.980625,2.981041666666667,-0.0004166666666671759
20260910,41,0.9629166666666669,0.9633333333333335,-0.0004166666666666208,0.025125,0.025758333333333334,-0.000633333333333333,2.9787500000000002,2.981041666666667,-0.002291666666666803
20260910,42,0.9616666666666667,0.9633333333333335,-0.0016666666666668162,0.023491666666666668,0.025758333333333334,-0.002266666666666667,2.9843750000000004,2.981041666666667,0.0033333333333334103
20260910,43,0.9550000000000001,0.9633333333333335,-0.008333333333333415,0.0237,0.025758333333333334,-0.0020583333333333356,2.9858333333333333,2.981041666666667,0.0047916666666663055
20260910,44,0.9675,0.9633333333333335,0.004166666666666541,0.022108333333333334,0.025758333333333334,-0.0036500000000000005,2.9802083333333336,2.981041666666667,-0.0008333333333334636
20260910,45,0.9550000000000001,0.9633333333333335,-0.008333333333333415,0.025033333333333335,0.025758333333333334,-0.000725,2.980625,2.981041666666667,-0.0004166666666671759
20260910,46,0.9654166666666668,0.9633333333333335,0.002083333333333326,0.024858333333333333,0.025758333333333334,-0.0009000000000000015,2.981041666666667,2.981041666666667,0.0
20260910,47,0.9650000000000001,0.9633333333333335,0.0016666666666665941,0.023491666666666668,0.025758333333333334,-0.002266666666666667,2.9839583333333333,2.981041666666667,0.0029166666666662344
20260910,48,0.9654166666666668,0.9633333333333335,0.002083333333333326,0.023208333333333334,0.025758333333333334,-0.00255,2.9841666666666664,2.981041666666667,0.0031249999999993783
20260910,49,0.9591666666666668,0.9633333333333335,-0.004166666666666652,0.024783333333333334,0.025758333333333334,-0.0009750000000000002,2.9820833333333336,2.981041666666667,0.0010416666666666075
20260910,50,0.9620833333333332,0.9633333333333335,-0.0012500000000003064,0.023991666666666668,0.025758333333333334,-0.0017666666666666664,2.981041666666667,2.981041666666667,0.0
20260911,1,0.9541666666666668,0.9637500000000001,-0.009583333333333277,0.03244166666666667,0.025875,0.006566666666666669,2.975833333333333,2.981875,-0.006041666666666945
20260911,2,0.9579166666666667,0.9637500000000001,-0.005833333333333357,0.023541666666666666,0.025875,-0.002333333333333333,2.9818749999999996,2.981875,-4.440892098500626e-16
20260911,3,0.9687500000000002,0.9637500000000001,0.0050000000000001155,0.022041666666666668,0.025875,-0.003833333333333331,2.9829166666666667,2.981875,0.0010416666666666075
20260911,4,0.9679166666666668,0.9637500000000001,0.004166666666666652,0.0226,0.025875,-0.003275,2.9814583333333333,2.981875,-0.0004166666666667318
20260911,5,0.9675,0.9637500000000001,0.00374999999999992,0.023316666666666666,0.025875,-0.0025583333333333326,2.984375,2.981875,0.0024999999999999467
20260911,6,0.964166666666667,0.9637500000000001,0.0004166666666668428,0.022958333333333334,0.025875,-0.0029166666666666646,2.98375,2.981875,0.001875000000000071
20260911,7,0.9691666666666668,0.9637500000000001,0.005416666666666736,0.023541666666666666,0.025875,-0.002333333333333333,2.981041666666667,2.981875,-0.0008333333333330195
20260911,8,0.9608333333333334,0.9637500000000001,-0.0029166666666666785,0.026183333333333333,0.025875,0.00030833333333333407,2.979375,2.981875,-0.0024999999999999467
20260911,9,0.9633333333333333,0.9637500000000001,-0.0004166666666668428,0.023183333333333334,0.025875,-0.002691666666666665,2.982916666666667,2.981875,0.0010416666666670515
20260911,10,0.9583333333333334,0.9637500000000001,-0.005416666666666736,0.024316666666666667,0.025875,-0.0015583333333333317,2.9816666666666665,2.981875,-0.00020833333333358794
20260911,11,0.9658333333333333,0.9637500000000001,0.002083333333333215,0.026108333333333334,0.025875,0.0002333333333333354,2.9764583333333334,2.981875,-0.005416666666666625
20260911,12,0.9524999999999999,0.9637500000000001,-0.011250000000000204,0.025866666666666666,0.025875,-8.333333333332416e-6,2.975,2.981875,-0.0068749999999999645
20260911,13,0.9658333333333333,0.9637500000000001,0.002083333333333215,0.022366666666666667,0.025875,-0.003508333333333332,2.98125,2.981875,-0.0006249999999998757
20260911,14,0.9637500000000001,0.9637500000000001,0.0,0.0241,0.025875,-0.0017749999999999988,2.9870833333333335,2.981875,0.005208333333333481
20260911,15,0.9633333333333335,0.9637500000000001,-0.0004166666666666208,0.023991666666666668,0.025875,-0.0018833333333333306,2.9775,2.981875,-0.004375000000000018
20260911,16,0.9525,0.9637500000000001,-0.011250000000000093,0.025833333333333333,0.025875,-4.166666666666555e-5,2.9758333333333336,2.981875,-0.006041666666666501
20260911,17,0.9633333333333335,0.9637500000000001,-0.0004166666666666208,0.025633333333333334,0.025875,-0.00024166666666666434,2.98125,2.981875,-0.0006249999999998757
20260911,18,0.95,0.9637500000000001,-0.013750000000000151,0.023375,0.025875,-0.0024999999999999988,2.9768749999999997,2.981875,-0.0050000000000003375
20260911,19,0.9591666666666665,0.9637500000000001,-0.004583333333333606,0.025225,0.025875,-0.0006499999999999978,2.975833333333333,2.981875,-0.006041666666666945
20260911,20,0.9666666666666668,0.9637500000000001,0.0029166666666666785,0.023241666666666667,0.025875,-0.0026333333333333313,2.979375,2.981875,-0.0024999999999999467
20260911,21,0.9608333333333337,0.9637500000000001,-0.0029166666666664565,0.025825,0.025875,-4.999999999999796e-5,2.9845833333333336,2.981875,0.0027083333333335347
20260911,22,0.9562500000000002,0.9637500000000001,-0.007499999999999951,0.027266666666666668,0.025875,0.0013916666666666695,2.979166666666667,2.981875,-0.0027083333333330906
20260911,23,0.9704166666666669,0.9637500000000001,0.006666666666666821,0.024175,0.025875,-0.0017000000000000001,2.9806250000000003,2.981875,-0.0012499999999997513
20260911,24,0.9595833333333333,0.9637500000000001,-0.004166666666666763,0.024825,0.025875,-0.0010499999999999989,2.9770833333333337,2.981875,-0.0047916666666663055
20260911,25,0.9687500000000002,0.9637500000000001,0.0050000000000001155,0.023641666666666665,0.025875,-0.0022333333333333337,2.9827083333333335,2.981875,0.0008333333333334636
20260911,26,0.9591666666666668,0.9637500000000001,-0.004583333333333273,0.025333333333333333,0.025875,-0.000541666666666666,2.975416666666667,2.981875,-0.006458333333333233
20260911,27,0.9654166666666668,0.9637500000000001,0.0016666666666667052,0.025675,0.025875,-0.0001999999999999988,2.981041666666667,2.981875,-0.0008333333333330195
20260911,28,0.9650000000000001,0.9637500000000001,0.0012499999999999734,0.025866666666666666,0.025875,-8.333333333332416e-6,2.9814583333333333,2.981875,-0.0004166666666667318
20260911,29,0.9616666666666666,0.9637500000000001,-0.002083333333333548,0.025791666666666668,0.025875,-8.33333333333311e-5,2.9802083333333336,2.981875,-0.0016666666666664831
20260911,30,0.9604166666666668,0.9637500000000001,-0.0033333333333332993,0.026558333333333333,0.025875,0.0006833333333333344,2.980833333333334,2.981875,-0.0010416666666661634
20260911,31,0.95375,0.9637500000000001,-0.01000000000000012,0.023958333333333335,0.025875,-0.0019166666666666637,2.9762500000000007,2.981875,-0.005624999999999325
20260911,32,0.9574999999999998,0.9637500000000001,-0.006250000000000311,0.025233333333333333,0.025875,-0.0006416666666666654,2.9789583333333334,2.981875,-0.0029166666666666785
20260911,33,0.9629166666666669,0.9637500000000001,-0.0008333333333332416,0.024341666666666668,0.025875,-0.001533333333333331,2.9860416666666665,2.981875,0.00416666666666643
20260911,34,0.9658333333333331,0.9637500000000001,0.002083333333332993,0.023175,0.025875,-0.0026999999999999975,2.9814583333333333,2.981875,-0.0004166666666667318
20260911,35,0.9620833333333335,0.9637500000000001,-0.0016666666666665941,0.024041666666666666,0.025875,-0.0018333333333333326,2.981666666666667,2.981875,-0.00020833333333314386
20260911,36,0.9616666666666669,0.9637500000000001,-0.002083333333333215,0.025266666666666666,0.025875,-0.0006083333333333323,2.9775,2.981875,-0.004375000000000018
20260911,37,0.9475000000000001,0.9637500000000001,-0.016249999999999987,0.025483333333333334,0.025875,-0.00039166666666666516,2.9720833333333334,2.981875,-0.009791666666666643
20260911,38,0.95,0.9637500000000001,-0.013750000000000151,0.02605,0.025875,0.00017500000000000154,2.9816666666666665,2.981875,-0.00020833333333358794
20260911,39,0.9650000000000001,0.9637500000000001,0.0012499999999999734,0.02775,0.025875,0.0018750000000000017,2.98125,2.981875,-0.0006249999999998757
20260911,40,0.9562500000000002,0.9637500000000001,-0.007499999999999951,0.025358333333333333,0.025875,-0.0005166666666666653,2.984375,2.981875,0.0024999999999999467
20260911,41,0.9620833333333332,0.9637500000000001,-0.0016666666666669272,0.025191666666666668,0.025875,-0.0006833333333333309,2.9808333333333334,2.981875,-0.0010416666666666075
20260911,42,0.9670833333333334,0.9637500000000001,0.0033333333333332993,0.025241666666666666,0.025875,-0.000633333333333333,2.984583333333333,2.981875,0.0027083333333330906
20260911,43,0.9666666666666668,0.9637500000000001,0.0029166666666666785,0.02645,0.025875,0.0005750000000000026,2.9825,2.981875,0.0006249999999998757
20260911,44,0.9658333333333333,0.9637500000000001,0.002083333333333215,0.025325,0.025875,-0.0005499999999999984,2.9856249999999998,2.981875,0.003749999999999698
20260911,45,0.9575000000000001,0.9637500000000001,-0.006249999999999978,0.026291666666666668,0.025875,0.00041666666666666935,2.9741666666666666,2.981875,-0.007708333333333428
20260911,46,0.9645833333333336,0.9637500000000001,0.0008333333333334636,0.026775,0.025875,0.0009000000000000015,2.9818749999999996,2.981875,-4.440892098500626e-16
20260911,47,0.9570833333333335,0.9637500000000001,-0.006666666666666599,0.024733333333333333,0.025875,-0.0011416666666666658,2.9847916666666663,2.981875,0.0029166666666662344
20260911,48,0.9583333333333334,0.9637500000000001,-0.005416666666666736,0.025266666666666666,0.025875,-0.0006083333333333323,2.9818749999999996,2.981875,-4.440892098500626e-16
20260911,49,0.9608333333333331,0.9637500000000001,-0.0029166666666670116,0.0264,0.025875,0.0005250000000000012,2.9806249999999994,2.981875,-0.0012500000000006395
20260911,50,0.9575000000000001,0.9637500000000001,-0.006249999999999978,0.02824166666666667,0.025875,0.0023666666666666697,2.9814583333333333,2.981875,-0.0004166666666667318
20260912,1,0.9491666666666667,0.9566666666666668,-0.007500000000000062,0.030633333333333332,0.027241666666666668,0.0033916666666666644,2.9845833333333336,2.98,0.004583333333333606
20260912,2,0.9625,0.9566666666666668,0.005833333333333246,0.021858333333333334,0.027241666666666668,-0.005383333333333334,2.978333333333333,2.98,-0.0016666666666669272
20260912,3,0.9662500000000002,0.9566666666666668,0.009583333333333388,0.023741666666666668,0.027241666666666668,-0.0034999999999999996,2.9810416666666666,2.98,0.0010416666666666075
20260912,4,0.9566666666666667,0.9566666666666668,-1.1102230246251565e-16,0.024175,0.027241666666666668,-0.003066666666666669,2.984166666666667,2.98,0.004166666666666874
20260912,5,0.9679166666666669,0.9566666666666668,0.011250000000000093,0.023458333333333335,0.027241666666666668,-0.003783333333333333,2.985625,2.98,0.005625000000000213
20260912,6,0.9654166666666665,0.9566666666666668,0.008749999999999702,0.022891666666666668,0.027241666666666668,-0.00435,2.9781249999999995,2.98,-0.0018750000000005151
20260912,7,0.96875,0.9566666666666668,0.012083333333333224,0.024425,0.027241666666666668,-0.0028166666666666687,2.982291666666667,2.98,0.002291666666666803
20260912,8,0.9704166666666667,0.9566666666666668,0.013749999999999929,0.022941666666666666,0.027241666666666668,-0.004300000000000002,2.9889583333333336,2.98,0.008958333333333623
20260912,9,0.9675000000000002,0.9566666666666668,0.010833333333333472,0.0235,0.027241666666666668,-0.0037416666666666674,2.9825000000000004,2.98,0.002500000000000391
20260912,10,0.9600000000000002,0.9566666666666668,0.0033333333333334103,0.025216666666666665,0.027241666666666668,-0.0020250000000000025,2.9777083333333336,2.98,-0.0022916666666663588
20260912,11,0.9658333333333333,0.9566666666666668,0.009166666666666545,0.025483333333333334,0.027241666666666668,-0.001758333333333334,2.982916666666667,2.98,0.0029166666666671226
20260912,12,0.9695833333333337,0.9566666666666668,0.01291666666666691,0.023775,0.027241666666666668,-0.0034666666666666665,2.9818749999999996,2.98,0.001874999999999627
20260912,13,0.9675,0.9566666666666668,0.01083333333333325,0.023033333333333333,0.027241666666666668,-0.004208333333333335,2.987083333333333,2.98,0.007083333333333108
20260912,14,0.9558333333333332,0.9566666666666668,-0.0008333333333335746,0.025825,0.027241666666666668,-0.0014166666666666668,2.9766666666666657,2.98,-0.0033333333333342985
20260912,15,0.9641666666666667,0.9566666666666668,0.007499999999999951,0.024591666666666668,0.027241666666666668,-0.0026499999999999996,2.981875,2.98,0.001875000000000071
20260912,16,0.9583333333333333,0.9566666666666668,0.0016666666666664831,0.026041666666666668,0.027241666666666668,-0.0011999999999999997,2.9768749999999997,2.98,-0.0031250000000002665
20260912,17,0.9529166666666666,0.9566666666666668,-0.003750000000000142,0.024283333333333334,0.027241666666666668,-0.0029583333333333336,2.9835416666666665,2.98,0.003541666666666554
20260912,18,0.9641666666666667,0.9566666666666668,0.007499999999999951,0.02525,0.027241666666666668,-0.001991666666666666,2.9762499999999994,2.98,-0.003750000000000586
20260912,19,0.9587499999999999,0.9566666666666668,0.002083333333333104,0.024191666666666667,0.027241666666666668,-0.0030500000000000006,2.98375,2.98,0.003750000000000142
20260912,20,0.9650000000000001,0.9566666666666668,0.008333333333333304,0.024366666666666665,0.027241666666666668,-0.0028750000000000026,2.980625,2.98,0.0006249999999998757
20260912,21,0.9504166666666668,0.9566666666666668,-0.006249999999999978,0.023525,0.027241666666666668,-0.0037166666666666667,2.9847916666666663,2.98,0.0047916666666663055
20260912,22,0.9583333333333336,0.9566666666666668,0.0016666666666668162,0.023733333333333332,0.027241666666666668,-0.0035083333333333355,2.9872916666666667,2.98,0.007291666666666696
20260912,23,0.9662499999999999,0.9566666666666668,0.009583333333333166,0.024316666666666667,0.027241666666666668,-0.0029250000000000005,2.9797916666666664,2.98,-0.00020833333333358794
20260912,24,0.9608333333333334,0.9566666666666668,0.004166666666666652,0.023066666666666666,0.027241666666666668,-0.004175000000000002,2.9749999999999996,2.98,-0.0050000000000003375
20260912,25,0.9625000000000001,0.9566666666666668,0.005833333333333357,0.024408333333333334,0.027241666666666668,-0.0028333333333333335,2.9839583333333333,2.98,0.003958333333333286
20260912,26,0.9633333333333335,0.9566666666666668,0.00666666666666671,0.02424166666666667,0.027241666666666668,-0.002999999999999999,2.9785416666666666,2.98,-0.0014583333333333393
20260912,27,0.9708333333333335,0.9566666666666668,0.014166666666666772,0.023375,0.027241666666666668,-0.0038666666666666676,2.9825,2.98,0.0024999999999999467
20260912,28,0.9625000000000001,0.9566666666666668,0.005833333333333357,0.023591666666666667,0.027241666666666668,-0.0036500000000000005,2.9852083333333335,2.98,0.005208333333333481
20260912,29,0.9583333333333336,0.9566666666666668,0.0016666666666668162,0.023866666666666668,0.027241666666666668,-0.0033749999999999995,2.9779166666666668,2.98,-0.002083333333333215
20260912,30,0.9637499999999998,0.9566666666666668,0.007083333333332997,0.02305,0.027241666666666668,-0.0041916666666666665,2.9814583333333333,2.98,0.0014583333333333393
20260912,31,0.9533333333333334,0.9566666666666668,-0.0033333333333334103,0.02495,0.027241666666666668,-0.0022916666666666675,2.985208333333333,2.98,0.005208333333333037
20260912,32,0.9591666666666668,0.9566666666666668,0.0025000000000000577,0.02495,0.027241666666666668,-0.0022916666666666675,2.9827083333333335,2.98,0.0027083333333335347
20260912,33,0.9637500000000001,0.9566666666666668,0.00708333333333333,0.02335833333333333,0.027241666666666668,-0.003883333333333336,2.9833333333333334,2.98,0.0033333333333334103
20260912,34,0.9675000000000002,0.9566666666666668,0.010833333333333472,0.024725,0.027241666666666668,-0.002516666666666667,2.982083333333333,2.98,0.002083333333333215
20260912,35,0.9645833333333336,0.9566666666666668,0.007916666666666794,0.02285,0.027241666666666668,-0.004391666666666669,2.9858333333333333,2.98,0.005833333333333357
20260912,36,0.9641666666666666,0.9566666666666668,0.00749999999999984,0.022825,0.027241666666666668,-0.004416666666666666,2.9804166666666667,2.98,0.0004166666666667318
20260912,37,0.9650000000000001,0.9566666666666668,0.008333333333333304,0.025016666666666666,0.027241666666666668,-0.0022250000000000013,2.986666666666667,2.98,0.006666666666666821
20260912,38,0.9608333333333332,0.9566666666666668,0.00416666666666643,0.023158333333333333,0.027241666666666668,-0.004083333333333335,2.9831250000000002,2.98,0.0031250000000002665
20260912,39,0.964166666666667,0.9566666666666668,0.007500000000000173,0.024308333333333335,0.027241666666666668,-0.002933333333333333,2.9854166666666666,2.98,0.005416666666666625
20260912,40,0.9591666666666665,0.9566666666666668,0.0024999999999997247,0.026083333333333333,0.027241666666666668,-0.0011583333333333341,2.977291666666667,2.98,-0.0027083333333330906
20260912,41,0.9579166666666667,0.9566666666666668,0.0012499999999999734,0.022733333333333335,0.027241666666666668,-0.004508333333333333,2.977291666666667,2.98,-0.0027083333333330906
20260912,42,0.9641666666666667,0.9566666666666668,0.007499999999999951,0.02335833333333333,0.027241666666666668,-0.003883333333333336,2.982291666666667,2.98,0.002291666666666803
20260912,43,0.9570833333333335,0.9566666666666668,0.0004166666666667318,0.024675,0.027241666666666668,-0.0025666666666666685,2.982083333333333,2.98,0.002083333333333215
20260912,44,0.9641666666666666,0.9566666666666668,0.00749999999999984,0.025291666666666667,0.027241666666666668,-0.0019500000000000003,2.9835416666666665,2.98,0.003541666666666554
20260912,45,0.9574999999999999,0.9566666666666668,0.0008333333333331305,0.024291666666666666,0.027241666666666668,-0.0029500000000000012,2.9785416666666666,2.98,-0.0014583333333333393
20260912,46,0.9579166666666667,0.9566666666666668,0.0012499999999999734,0.02420833333333333,0.027241666666666668,-0.003033333333333336,2.9814583333333333,2.98,0.0014583333333333393
20260912,47,0.9600000000000002,0.9566666666666668,0.0033333333333334103,0.024716666666666668,0.027241666666666668,-0.0025249999999999995,2.9779166666666668,2.98,-0.002083333333333215
20260912,48,0.9550000000000001,0.9566666666666668,-0.0016666666666667052,0.024083333333333335,0.027241666666666668,-0.0031583333333333324,2.980208333333334,2.98,0.00020833333333403203
20260912,49,0.9550000000000003,0.9566666666666668,-0.0016666666666664831,0.02581666666666667,0.027241666666666668,-0.0014249999999999992,2.9795833333333333,2.98,-0.0004166666666667318
20260912,50,0.9599999999999997,0.9566666666666668,0.0033333333333329662,0.025583333333333333,0.027241666666666668,-0.0016583333333333346,2.9852083333333335,2.98,0.005208333333333481
20260913,1,0.9591666666666667,0.9533333333333334,0.005833333333333357,0.027783333333333333,0.028108333333333332,-0.0003249999999999989,2.9833333333333334,2.9779166666666663,0.005416666666667069
20260913,2,0.9720833333333336,0.9533333333333334,0.018750000000000266,0.022833333333333334,0.028108333333333332,-0.0052749999999999984,2.975416666666667,2.9779166666666663,-0.0024999999999995026
20260913,3,0.96125,0.9533333333333334,0.007916666666666683,0.02435,0.028108333333333332,-0.0037583333333333323,2.984583333333333,2.9779166666666663,0.006666666666666821
20260913,4,0.9666666666666668,0.9533333333333334,0.01333333333333342,0.021691666666666668,0.028108333333333332,-0.006416666666666664,2.9760416666666663,2.9779166666666663,-0.001875000000000071
20260913,5,0.9683333333333334,0.9533333333333334,0.015000000000000013,0.021766666666666667,0.028108333333333332,-0.006341666666666666,2.9852083333333335,2.9779166666666663,0.00729166666666714
20260913,6,0.96875,0.9533333333333334,0.015416666666666634,0.022758333333333332,0.028108333333333332,-0.005350000000000001,2.9758333333333336,2.9779166666666663,-0.002083333333332771
20260913,7,0.964166666666667,0.9533333333333334,0.010833333333333584,0.02375,0.028108333333333332,-0.004358333333333332,2.984166666666667,2.9779166666666663,0.006250000000000533
20260913,8,0.9670833333333334,0.9533333333333334,0.01375000000000004,0.023983333333333332,0.028108333333333332,-0.004125,2.9760416666666663,2.9779166666666663,-0.001875000000000071
20260913,9,0.9725000000000004,0.9533333333333334,0.019166666666666998,0.024116666666666668,0.028108333333333332,-0.003991666666666664,2.9795833333333333,2.9779166666666663,0.0016666666666669272
20260913,10,0.9658333333333335,0.9533333333333334,0.012500000000000178,0.02345,0.028108333333333332,-0.004658333333333334,2.981875,2.9779166666666663,0.00395833333333373
20260913,11,0.9691666666666666,0.9533333333333334,0.015833333333333255,0.022933333333333333,0.028108333333333332,-0.005174999999999999,2.975833333333333,2.9779166666666663,-0.002083333333333215
20260913,12,0.9666666666666668,0.9533333333333334,0.01333333333333342,0.023208333333333334,0.028108333333333332,-0.004899999999999998,2.982291666666667,2.9779166666666663,0.004375000000000462
20260913,13,0.9654166666666668,0.9533333333333334,0.012083333333333446,0.022508333333333335,0.028108333333333332,-0.005599999999999997,2.9810416666666666,2.9779166666666663,0.0031250000000002665
20260913,14,0.9625000000000001,0.9533333333333334,0.009166666666666767,0.024091666666666667,0.028108333333333332,-0.004016666666666665,2.9752083333333332,2.9779166666666663,-0.0027083333333330906
20260913,15,0.9591666666666668,0.9533333333333334,0.005833333333333468,0.023458333333333335,0.028108333333333332,-0.004649999999999998,2.9843750000000004,2.9779166666666663,0.006458333333334121
20260913,16,0.9629166666666669,0.9533333333333334,0.009583333333333499,0.024275,0.028108333333333332,-0.003833333333333331,2.9779166666666663,2.9779166666666663,0.0
20260913,17,0.9654166666666668,0.9533333333333334,0.012083333333333446,0.024708333333333332,0.028108333333333332,-0.0034000000000000002,2.9816666666666665,2.9779166666666663,0.003750000000000142
20260913,18,0.9566666666666664,0.9533333333333334,0.0033333333333330772,0.025208333333333333,0.028108333333333332,-0.0029,2.982291666666667,2.9779166666666663,0.004375000000000462
20260913,19,0.9641666666666666,0.9533333333333334,0.01083333333333325,0.024475,0.028108333333333332,-0.003633333333333332,2.9770833333333333,2.9779166666666663,-0.0008333333333330195
20260913,20,0.9645833333333336,0.9533333333333334,0.011250000000000204,0.02515,0.028108333333333332,-0.0029583333333333336,2.980625,2.9779166666666663,0.0027083333333335347
20260913,21,0.9654166666666667,0.9533333333333334,0.012083333333333335,0.024,0.028108333333333332,-0.004108333333333332,2.9814583333333333,2.9779166666666663,0.0035416666666669983
20260913,22,0.9533333333333335,0.9533333333333334,1.1102230246251565e-16,0.025258333333333334,0.028108333333333332,-0.0028499999999999984,2.9806250000000003,2.9779166666666663,0.0027083333333339787
20260913,23,0.97,0.9533333333333334,0.016666666666666607,0.024433333333333335,0.028108333333333332,-0.0036749999999999977,2.982291666666667,2.9779166666666663,0.004375000000000462
20260913,24,0.9545833333333335,0.9533333333333334,0.0012500000000000844,0.024966666666666668,0.028108333333333332,-0.003141666666666664,2.982291666666667,2.9779166666666663,0.004375000000000462
20260913,25,0.9616666666666667,0.9533333333333334,0.008333333333333304,0.024608333333333333,0.028108333333333332,-0.0034999999999999996,2.9852083333333335,2.9779166666666663,0.00729166666666714
20260913,26,0.9733333333333334,0.9533333333333334,0.020000000000000018,0.022833333333333334,0.028108333333333332,-0.0052749999999999984,2.9831250000000002,2.9779166666666663,0.0052083333333339255
20260913,27,0.9587500000000002,0.9533333333333334,0.005416666666666847,0.024116666666666668,0.028108333333333332,-0.003991666666666664,2.98125,2.9779166666666663,0.0033333333333338544
20260913,28,0.9574999999999999,0.9533333333333334,0.004166666666666541,0.024191666666666667,0.028108333333333332,-0.0039166666666666655,2.9804166666666667,2.9779166666666663,0.002500000000000391
20260913,29,0.9645833333333336,0.9533333333333334,0.011250000000000204,0.023175,0.028108333333333332,-0.004933333333333331,2.982708333333333,2.9779166666666663,0.0047916666666667496
20260913,30,0.9658333333333335,0.9533333333333334,0.012500000000000178,0.023325,0.028108333333333332,-0.004783333333333334,2.9795833333333333,2.9779166666666663,0.0016666666666669272
20260913,31,0.9658333333333335,0.9533333333333334,0.012500000000000178,0.021891666666666667,0.028108333333333332,-0.0062166666666666655,2.980208333333333,2.9779166666666663,0.002291666666666803
20260913,32,0.9645833333333333,0.9533333333333334,0.011249999999999982,0.023083333333333334,0.028108333333333332,-0.005024999999999998,2.9833333333333334,2.9779166666666663,0.005416666666667069
20260913,33,0.9670833333333333,0.9533333333333334,0.013749999999999929,0.023616666666666668,0.028108333333333332,-0.004491666666666665,2.9891666666666667,2.9779166666666663,0.011250000000000426
20260913,34,0.9620833333333332,0.9533333333333334,0.008749999999999813,0.024716666666666668,0.028108333333333332,-0.0033916666666666644,2.9775,2.9779166666666663,-0.0004166666666662877
20260913,35,0.9583333333333336,0.9533333333333334,0.0050000000000002265,0.025341666666666665,0.028108333333333332,-0.0027666666666666673,2.9752083333333332,2.9779166666666663,-0.0027083333333330906
20260913,36,0.9637500000000001,0.9533333333333334,0.01041666666666674,0.024091666666666667,0.028108333333333332,-0.004016666666666665,2.9837499999999997,2.9779166666666663,0.005833333333333357
20260913,37,0.96875,0.9533333333333334,0.015416666666666634,0.024875,0.028108333333333332,-0.003233333333333331,2.9839583333333337,2.9779166666666663,0.006041666666667389
20260913,38,0.9716666666666667,0.9533333333333334,0.018333333333333313,0.0235,0.028108333333333332,-0.004608333333333332,2.982291666666667,2.9779166666666663,0.004375000000000462
20260913,39,0.9658333333333335,0.9533333333333334,0.012500000000000178,0.024975,0.028108333333333332,-0.0031333333333333317,2.9812499999999997,2.9779166666666663,0.0033333333333334103
20260913,40,0.9570833333333335,0.9533333333333334,0.003750000000000142,0.0248,0.028108333333333332,-0.0033083333333333333,2.9779166666666668,2.9779166666666663,4.440892098500626e-16
20260913,41,0.9545833333333332,0.9533333333333334,0.0012499999999998623,0.024133333333333333,0.028108333333333332,-0.003974999999999999,2.9789583333333334,2.9779166666666663,0.0010416666666670515
20260913,42,0.9616666666666667,0.9533333333333334,0.008333333333333304,0.025583333333333333,0.028108333333333332,-0.0025249999999999995,2.9837499999999997,2.9779166666666663,0.005833333333333357
20260913,43,0.9595833333333333,0.9533333333333334,0.006249999999999978,0.023366666666666668,0.028108333333333332,-0.004741666666666665,2.982916666666667,2.9779166666666663,0.005000000000000782
20260913,44,0.9537499999999998,0.9533333333333334,0.00041666666666639873,0.024641666666666666,0.028108333333333332,-0.0034666666666666665,2.9775,2.9779166666666663,-0.0004166666666662877
20260913,45,0.9625000000000001,0.9533333333333334,0.009166666666666767,0.024791666666666667,0.028108333333333332,-0.0033166666666666657,2.9831250000000002,2.9779166666666663,0.0052083333333339255
20260913,46,0.9608333333333334,0.9533333333333334,0.007500000000000062,0.024691666666666667,0.028108333333333332,-0.003416666666666665,2.9739583333333335,2.9779166666666663,-0.003958333333332842
20260913,47,0.9579166666666664,0.9533333333333334,0.004583333333333051,0.024166666666666666,0.028108333333333332,-0.003941666666666666,2.9816666666666665,2.9779166666666663,0.003750000000000142
20260913,48,0.9587500000000002,0.9533333333333334,0.005416666666666847,0.025933333333333333,0.028108333333333332,-0.002175,2.981458333333333,2.9779166666666663,0.003541666666666554
20260913,49,0.9700000000000003,0.9533333333333334,0.01666666666666694,0.024483333333333333,0.028108333333333332,-0.0036249999999999998,2.980625,2.9779166666666663,0.0027083333333335347
20260913,50,0.9641666666666667,0.9533333333333334,0.010833333333333361,0.02365,0.028108333333333332,-0.0044583333333333315,2.9814583333333333,2.9779166666666663,0.0035416666666669983
20260914,1,0.9483333333333335,0.9600000000000003,-0.011666666666666825,0.030725,0.026033333333333332,0.004691666666666667,2.9768749999999997,2.9787500000000002,-0.0018750000000005151
20260914,2,0.9616666666666666,0.9600000000000003,0.001666666666666261,0.022616666666666667,0.026033333333333332,-0.003416666666666665,2.9841666666666664,2.9787500000000002,0.005416666666666181
20260914,3,0.9637499999999999,0.9600000000000003,0.003749999999999587,0.022933333333333333,0.026033333333333332,-0.0030999999999999986,2.975625,2.9787500000000002,-0.0031250000000002665
20260914,4,0.964166666666667,0.9600000000000003,0.004166666666666652,0.023316666666666666,0.026033333333333332,-0.002716666666666666,2.98125,2.9787500000000002,0.0024999999999999467
20260914,5,0.9629166666666666,0.9600000000000003,0.0029166666666663454,0.024975,0.026033333333333332,-0.0010583333333333313,2.979375,2.9787500000000002,0.0006249999999998757
20260914,6,0.958333333333333,0.9600000000000003,-0.0016666666666672603,0.023508333333333332,0.026033333333333332,-0.0025249999999999995,2.98,2.9787500000000002,0.0012499999999997513
20260914,7,0.9595833333333335,0.9600000000000003,-0.0004166666666668428,0.023875,0.026033333333333332,-0.0021583333333333315,2.979166666666667,2.9787500000000002,0.0004166666666667318
20260914,8,0.9641666666666667,0.9600000000000003,0.00416666666666643,0.023291666666666665,0.026033333333333332,-0.0027416666666666666,2.9804166666666667,2.9787500000000002,0.0016666666666664831
20260914,9,0.9616666666666669,0.9600000000000003,0.0016666666666665941,0.023108333333333335,0.026033333333333332,-0.002924999999999997,2.9870833333333335,2.9787500000000002,0.008333333333333304
20260914,10,0.9641666666666664,0.9600000000000003,0.004166666666666097,0.025683333333333332,0.026033333333333332,-0.0003499999999999996,2.9839583333333333,2.9787500000000002,0.005208333333333037
20260914,11,0.9641666666666667,0.9600000000000003,0.00416666666666643,0.024575,0.026033333333333332,-0.0014583333333333323,2.9733333333333336,2.9787500000000002,-0.005416666666666625
20260914,12,0.9629166666666664,0.9600000000000003,0.0029166666666661234,0.022516666666666667,0.026033333333333332,-0.0035166666666666645,2.980833333333333,2.9787500000000002,0.002083333333332771
20260914,13,0.9604166666666666,0.9600000000000003,0.0004166666666662877,0.026641666666666668,0.026033333333333332,0.0006083333333333357,2.9877083333333334,2.9787500000000002,0.00895833333333318
20260914,14,0.9679166666666669,0.9600000000000003,0.007916666666666572,0.02255,0.026033333333333332,-0.0034833333333333313,2.9816666666666665,2.9787500000000002,0.0029166666666662344
20260914,15,0.9674999999999999,0.9600000000000003,0.007499999999999618,0.02335833333333333,0.026033333333333332,-0.0026750000000000003,2.9839583333333337,2.9787500000000002,0.005208333333333481
20260914,16,0.9575000000000001,0.9600000000000003,-0.0025000000000001688,0.022225,0.026033333333333332,-0.0038083333333333302,2.9856249999999998,2.9787500000000002,0.00687499999999952
20260914,17,0.9662500000000002,0.9600000000000003,0.006249999999999867,0.024833333333333332,0.026033333333333332,-0.0011999999999999997,2.985833333333333,2.9787500000000002,0.007083333333332664
20260914,18,0.9666666666666666,0.9600000000000003,0.0066666666666662655,0.023925,0.026033333333333332,-0.0021083333333333336,2.9816666666666665,2.9787500000000002,0.0029166666666662344
20260914,19,0.9604166666666666,0.9600000000000003,0.0004166666666662877,0.022658333333333332,0.026033333333333332,-0.0033749999999999995,2.9835416666666665,2.9787500000000002,0.0047916666666663055
20260914,20,0.9604166666666668,0.9600000000000003,0.00041666666666650976,0.02565,0.026033333333333332,-0.00038333333333333275,2.9768749999999997,2.9787500000000002,-0.0018750000000005151
20260914,21,0.9504166666666668,0.9600000000000003,-0.009583333333333499,0.024083333333333335,0.026033333333333332,-0.0019499999999999969,2.979791666666667,2.9787500000000002,0.0010416666666666075
20260914,22,0.9695833333333335,0.9600000000000003,0.009583333333333166,0.021666666666666667,0.026033333333333332,-0.0043666666666666645,2.9820833333333336,2.9787500000000002,0.0033333333333334103
20260914,23,0.9645833333333333,0.9600000000000003,0.004583333333333051,0.024408333333333334,0.026033333333333332,-0.001624999999999998,2.9716666666666667,2.9787500000000002,-0.007083333333333552
20260914,24,0.9637499999999999,0.9600000000000003,0.003749999999999587,0.024625,0.026033333333333332,-0.0014083333333333309,2.980416666666667,2.9787500000000002,0.0016666666666669272
20260914,25,0.9583333333333334,0.9600000000000003,-0.0016666666666669272,0.023566666666666666,0.026033333333333332,-0.0024666666666666656,2.984583333333333,2.9787500000000002,0.005833333333332913
20260914,26,0.9533333333333334,0.9600000000000003,-0.006666666666666932,0.025066666666666668,0.026033333333333332,-0.0009666666666666643,2.9779166666666663,2.9787500000000002,-0.0008333333333339077
20260914,27,0.9625000000000004,0.9600000000000003,0.0025000000000000577,0.0242,0.026033333333333332,-0.0018333333333333326,2.977708333333333,2.9787500000000002,-0.0010416666666670515
20260914,28,0.96,0.9600000000000003,-3.3306690738754696e-16,0.025233333333333333,0.026033333333333332,-0.0007999999999999986,2.9845833333333336,2.9787500000000002,0.005833333333333357
20260914,29,0.9633333333333333,0.9600000000000003,0.0033333333333329662,0.023716666666666667,0.026033333333333332,-0.002316666666666665,2.9825000000000004,2.9787500000000002,0.003750000000000142
20260914,30,0.9662500000000002,0.9600000000000003,0.006249999999999867,0.023841666666666667,0.026033333333333332,-0.0021916666666666647,2.98625,2.9787500000000002,0.00749999999999984
20260914,31,0.9670833333333334,0.9600000000000003,0.007083333333333108,0.02275,0.026033333333333332,-0.0032833333333333325,2.982083333333333,2.9787500000000002,0.0033333333333329662
20260914,32,0.9625000000000004,0.9600000000000003,0.0025000000000000577,0.025191666666666668,0.026033333333333332,-0.0008416666666666642,2.984583333333333,2.9787500000000002,0.005833333333332913
20260914,33,0.9633333333333335,0.9600000000000003,0.0033333333333331883,0.02465,0.026033333333333332,-0.0013833333333333336,2.9841666666666664,2.9787500000000002,0.005416666666666181
20260914,34,0.94375,0.9600000000000003,-0.01625000000000032,0.025116666666666666,0.026033333333333332,-0.0009166666666666663,2.9766666666666666,2.9787500000000002,-0.002083333333333659
20260914,35,0.9575000000000002,0.9600000000000003,-0.0025000000000000577,0.025175,0.026033333333333332,-0.0008583333333333325,2.9789583333333334,2.9787500000000002,0.00020833333333314386
20260914,36,0.9570833333333333,0.9600000000000003,-0.0029166666666670116,0.025016666666666666,0.026033333333333332,-0.0010166666666666657,2.9856249999999998,2.9787500000000002,0.00687499999999952
20260914,37,0.9545833333333332,0.9600000000000003,-0.005416666666667069,0.023366666666666668,0.026033333333333332,-0.0026666666666666644,2.9814583333333333,2.9787500000000002,0.0027083333333330906
20260914,38,0.9583333333333333,0.9600000000000003,-0.0016666666666670382,0.025075,0.026033333333333332,-0.0009583333333333319,2.981041666666667,2.9787500000000002,0.002291666666666803
20260914,39,0.9529166666666665,0.9600000000000003,-0.0070833333333337745,0.026583333333333334,0.026033333333333332,0.0005500000000000019,2.98,2.9787500000000002,0.0012499999999997513
20260914,40,0.9654166666666667,0.9600000000000003,0.005416666666666403,0.024025,0.026033333333333332,-0.0020083333333333307,2.981875,2.9787500000000002,0.0031249999999998224
20260914,41,0.9608333333333334,0.9600000000000003,0.0008333333333331305,0.02545,0.026033333333333332,-0.0005833333333333315,2.98,2.9787500000000002,0.0012499999999997513
20260914,42,0.9641666666666667,0.9600000000000003,0.00416666666666643,0.025558333333333332,0.026033333333333332,-0.00047499999999999973,2.9841666666666664,2.9787500000000002,0.005416666666666181
20260914,43,0.957916666666667,0.9600000000000003,-0.002083333333333326,0.025225,0.026033333333333332,-0.000808333333333331,2.9793749999999997,2.9787500000000002,0.0006249999999994316
20260914,44,0.9608333333333334,0.9600000000000003,0.0008333333333331305,0.025358333333333333,0.026033333333333332,-0.0006749999999999985,2.9827083333333335,2.9787500000000002,0.003958333333333286
20260914,45,0.9637500000000003,0.9600000000000003,0.003750000000000031,0.023783333333333333,0.026033333333333332,-0.0022499999999999985,2.9766666666666666,2.9787500000000002,-0.002083333333333659
20260914,46,0.9529166666666665,0.9600000000000003,-0.0070833333333337745,0.025025,0.026033333333333332,-0.0010083333333333333,2.9806250000000003,2.9787500000000002,0.001875000000000071
20260914,47,0.9600000000000003,0.9600000000000003,0.0,0.024991666666666666,0.026033333333333332,-0.0010416666666666664,2.9856249999999998,2.9787500000000002,0.00687499999999952
20260914,48,0.9662499999999999,0.9600000000000003,0.006249999999999645,0.022133333333333335,0.026033333333333332,-0.0038999999999999972,2.9837500000000006,2.9787500000000002,0.0050000000000003375
20260914,49,0.9733333333333334,0.9600000000000003,0.013333333333333086,0.023508333333333332,0.026033333333333332,-0.0025249999999999995,2.9818749999999996,2.9787500000000002,0.0031249999999993783
20260914,50,0.9574999999999999,0.9600000000000003,-0.002500000000000391,0.024233333333333332,0.026033333333333332,-0.0017999999999999995,2.984583333333333,2.9787500000000002,0.005833333333332913
20260915,1,0.9520833333333334,0.9541666666666668,-0.002083333333333437,0.03115,0.027166666666666665,0.003983333333333335,2.9779166666666668,2.9752083333333332,0.0027083333333335347
20260915,2,0.9741666666666668,0.9541666666666668,0.020000000000000018,0.022216666666666666,0.027166666666666665,-0.0049499999999999995,2.9870833333333335,2.9752083333333332,0.011875000000000302
20260915,3,0.9679166666666665,0.9541666666666668,0.013749999999999707,0.021908333333333332,0.027166666666666665,-0.005258333333333334,2.982291666666667,2.9752083333333332,0.007083333333333552
20260915,4,0.9591666666666665,0.9541666666666668,0.004999999999999671,0.024916666666666667,0.027166666666666665,-0.0022499999999999985,2.9804166666666667,2.9752083333333332,0.005208333333333481
20260915,5,0.9616666666666666,0.9541666666666668,0.007499999999999729,0.024091666666666667,0.027166666666666665,-0.003074999999999998,2.9833333333333334,2.9752083333333332,0.00812500000000016
20260915,6,0.96875,0.9541666666666668,0.01458333333333317,0.02415,0.027166666666666665,-0.003016666666666664,2.983125,2.9752083333333332,0.007916666666666572
20260915,7,0.9683333333333334,0.9541666666666668,0.01416666666666655,0.023366666666666668,0.027166666666666665,-0.003799999999999998,2.9870833333333335,2.9752083333333332,0.011875000000000302
20260915,8,0.9629166666666669,0.9541666666666668,0.008750000000000036,0.02420833333333333,0.027166666666666665,-0.0029583333333333336,2.9779166666666668,2.9752083333333332,0.0027083333333335347
20260915,9,0.9670833333333334,0.9541666666666668,0.012916666666666576,0.023741666666666668,0.027166666666666665,-0.0034249999999999975,2.984166666666667,2.9752083333333332,0.008958333333333623
20260915,10,0.9620833333333335,0.9541666666666668,0.007916666666666683,0.024641666666666666,0.027166666666666665,-0.0025249999999999995,2.974375,2.9752083333333332,-0.0008333333333330195
20260915,11,0.96125,0.9541666666666668,0.007083333333333219,0.025775,0.027166666666666665,-0.001391666666666666,2.977708333333333,2.9752083333333332,0.0024999999999999467
20260915,12,0.9687500000000003,0.9541666666666668,0.014583333333333504,0.024691666666666667,0.027166666666666665,-0.002474999999999998,2.98625,2.9752083333333332,0.011041666666666838
20260915,13,0.9687500000000002,0.9541666666666668,0.014583333333333393,0.024425,0.027166666666666665,-0.0027416666666666666,2.981875,2.9752083333333332,0.006666666666666821
20260915,14,0.9625000000000001,0.9541666666666668,0.008333333333333304,0.02493333333333333,0.027166666666666665,-0.0022333333333333337,2.9770833333333337,2.9752083333333332,0.0018750000000005151
20260915,15,0.9662499999999999,0.9541666666666668,0.012083333333333113,0.023575,0.027166666666666665,-0.0035916666666666666,2.9825,2.9752083333333332,0.007291666666666696
20260915,16,0.9633333333333336,0.9541666666666668,0.009166666666666767,0.025141666666666666,0.027166666666666665,-0.002024999999999999,2.9802083333333336,2.9752083333333332,0.0050000000000003375
20260915,17,0.9520833333333334,0.9541666666666668,-0.002083333333333437,0.025941666666666665,0.027166666666666665,-0.0012250000000000004,2.9760416666666663,2.9752083333333332,0.0008333333333330195
20260915,18,0.9591666666666665,0.9541666666666668,0.004999999999999671,0.02565,0.027166666666666665,-0.0015166666666666662,2.9802083333333336,2.9752083333333332,0.0050000000000003375
20260915,19,0.9516666666666668,0.9541666666666668,-0.0025000000000000577,0.024366666666666665,0.027166666666666665,-0.0028000000000000004,2.9839583333333333,2.9752083333333332,0.008750000000000036
20260915,20,0.9612500000000004,0.9541666666666668,0.007083333333333552,0.0263,0.027166666666666665,-0.0008666666666666649,2.97875,2.9752083333333332,0.003541666666666554
20260915,21,0.96125,0.9541666666666668,0.007083333333333219,0.024891666666666666,0.027166666666666665,-0.0022749999999999992,2.9779166666666663,2.9752083333333332,0.0027083333333330906
20260915,22,0.9604166666666668,0.9541666666666668,0.006249999999999978,0.026233333333333334,0.027166666666666665,-0.0009333333333333312,2.979791666666667,2.9752083333333332,0.004583333333333606
20260915,23,0.9612499999999999,0.9541666666666668,0.007083333333333108,0.025575,0.027166666666666665,-0.0015916666666666648,2.9779166666666663,2.9752083333333332,0.0027083333333330906
20260915,24,0.9629166666666666,0.9541666666666668,0.008749999999999813,0.025616666666666666,0.027166666666666665,-0.0015499999999999993,2.9804166666666667,2.9752083333333332,0.005208333333333481
20260915,25,0.9558333333333332,0.9541666666666668,0.001666666666666372,0.025558333333333332,0.027166666666666665,-0.0016083333333333331,2.9818749999999996,2.9752083333333332,0.0066666666666663765
20260915,26,0.9687500000000002,0.9541666666666668,0.014583333333333393,0.02424166666666667,0.027166666666666665,-0.002924999999999997,2.9843750000000004,2.9752083333333332,0.009166666666667211
20260915,27,0.9637499999999999,0.9541666666666668,0.009583333333333055,0.024425,0.027166666666666665,-0.0027416666666666666,2.976666666666667,2.9752083333333332,0.0014583333333337833
20260915,28,0.9637500000000001,0.9541666666666668,0.009583333333333277,0.025966666666666666,0.027166666666666665,-0.0011999999999999997,2.9789583333333334,2.9752083333333332,0.003750000000000142
20260915,29,0.9508333333333333,0.9541666666666668,-0.0033333333333335213,0.025858333333333334,0.027166666666666665,-0.0013083333333333315,2.9818749999999996,2.9752083333333332,0.0066666666666663765
20260915,30,0.9483333333333333,0.9541666666666668,-0.005833333333333579,0.02515,0.027166666666666665,-0.0020166666666666666,2.9787500000000002,2.9752083333333332,0.0035416666666669983
20260915,31,0.9508333333333333,0.9541666666666668,-0.0033333333333335213,0.025108333333333333,0.027166666666666665,-0.002058333333333332,2.983958333333333,2.9752083333333332,0.008749999999999591
20260915,32,0.9558333333333335,0.9541666666666668,0.0016666666666667052,0.024225,0.027166666666666665,-0.0029416666666666653,2.979375,2.9752083333333332,0.004166666666666874
20260915,33,0.95875,0.9541666666666668,0.004583333333333162,0.026075,0.027166666666666665,-0.0010916666666666644,2.9804166666666663,2.9752083333333332,0.005208333333333037
20260915,34,0.9620833333333334,0.9541666666666668,0.007916666666666572,0.024341666666666668,0.027166666666666665,-0.0028249999999999977,2.981458333333333,2.9752083333333332,0.006249999999999645
20260915,35,0.9550000000000001,0.9541666666666668,0.0008333333333332416,0.025025,0.027166666666666665,-0.0021416666666666667,2.9802083333333336,2.9752083333333332,0.0050000000000003375
20260915,36,0.9566666666666668,0.9541666666666668,0.0024999999999999467,0.026525,0.027166666666666665,-0.0006416666666666654,2.9797916666666664,2.9752083333333332,0.004583333333333162
20260915,37,0.9545833333333335,0.9541666666666668,0.0004166666666666208,0.024225,0.027166666666666665,-0.0029416666666666653,2.981041666666667,2.9752083333333332,0.005833333333333801
20260915,38,0.9683333333333334,0.9541666666666668,0.01416666666666655,0.0231,0.027166666666666665,-0.004066666666666666,2.9847916666666667,2.9752083333333332,0.009583333333333499
20260915,39,0.9604166666666666,0.9541666666666668,0.006249999999999756,0.026275,0.027166666666666665,-0.0008916666666666656,2.9775,2.9752083333333332,0.002291666666666803
20260915,40,0.9637499999999999,0.9541666666666668,0.009583333333333055,0.02666666666666667,0.027166666666666665,-0.000499999999999997,2.98125,2.9752083333333332,0.006041666666666945
20260915,41,0.9533333333333334,0.9541666666666668,-0.0008333333333334636,0.025766666666666667,0.027166666666666665,-0.0013999999999999985,2.975416666666667,2.9752083333333332,0.00020833333333358794
20260915,42,0.95625,0.9541666666666668,0.002083333333333215,0.02495,0.027166666666666665,-0.0022166666666666654,2.9797916666666664,2.9752083333333332,0.004583333333333162
20260915,43,0.9595833333333337,0.9541666666666668,0.005416666666666847,0.0256,0.027166666666666665,-0.0015666666666666641,2.9852083333333335,2.9752083333333332,0.010000000000000231
20260915,44,0.96125,0.9541666666666668,0.007083333333333219,0.025075,0.027166666666666665,-0.0020916666666666653,2.9802083333333327,2.9752083333333332,0.004999999999999449
20260915,45,0.9500000000000002,0.9541666666666668,-0.004166666666666652,0.02735,0.027166666666666665,0.00018333333333333396,2.9822916666666663,2.9752083333333332,0.007083333333333108
20260915,46,0.9616666666666667,0.9541666666666668,0.00749999999999984,0.024308333333333335,0.027166666666666665,-0.002858333333333331,2.975,2.9752083333333332,-0.00020833333333314386
20260915,47,0.9624999999999998,0.9541666666666668,0.00833333333333297,0.026575,0.027166666666666665,-0.000591666666666664,2.979166666666667,2.9752083333333332,0.00395833333333373
20260915,48,0.958333333333333,0.9541666666666668,0.004166666666666208,0.024233333333333332,0.027166666666666665,-0.002933333333333333,2.9768749999999997,2.9752083333333332,0.0016666666666664831
20260915,49,0.9666666666666668,0.9541666666666668,0.012499999999999956,0.023225,0.027166666666666665,-0.003941666666666666,2.9822916666666663,2.9752083333333332,0.007083333333333108
20260915,50,0.9587500000000002,0.9541666666666668,0.004583333333333384,0.024133333333333333,0.027166666666666665,-0.0030333333333333323,2.9875,2.9752083333333332,0.01229166666666659
20260916,1,0.9512499999999999,0.9620833333333335,-0.010833333333333584,0.030866666666666667,0.025758333333333334,0.005108333333333333,2.976875,2.981041666666667,-0.004166666666666874
20260916,2,0.9712500000000002,0.9620833333333335,0.009166666666666656,0.02255,0.025758333333333334,-0.003208333333333334,2.9875,2.981041666666667,0.006458333333332789
20260916,3,0.9695833333333337,0.9620833333333335,0.007500000000000173,0.023633333333333333,0.025758333333333334,-0.002125000000000002,2.9877083333333334,2.981041666666667,0.0066666666666663765
20260916,4,0.9666666666666668,0.9620833333333335,0.004583333333333273,0.023325,0.025758333333333334,-0.002433333333333336,2.9841666666666664,2.981041666666667,0.0031249999999993783
20260916,5,0.9729166666666668,0.9620833333333335,0.01083333333333325,0.023783333333333333,0.025758333333333334,-0.001975000000000001,2.9804166666666667,2.981041666666667,-0.0006250000000003197
20260916,6,0.9620833333333335,0.9620833333333335,0.0,0.024658333333333334,0.025758333333333334,-0.0011000000000000003,2.98,2.981041666666667,-0.0010416666666670515
20260916,7,0.9649999999999999,0.9620833333333335,0.0029166666666663454,0.02385,0.025758333333333334,-0.0019083333333333348,2.9814583333333333,2.981041666666667,0.0004166666666662877
20260916,8,0.966666666666667,0.9620833333333335,0.004583333333333495,0.022983333333333335,0.025758333333333334,-0.0027749999999999997,2.979375,2.981041666666667,-0.0016666666666669272
20260916,9,0.9675,0.9620833333333335,0.005416666666666514,0.024,0.025758333333333334,-0.001758333333333334,2.979375,2.981041666666667,-0.0016666666666669272
20260916,10,0.9570833333333336,0.9620833333333335,-0.004999999999999893,0.024666666666666667,0.025758333333333334,-0.0010916666666666679,2.9785416666666666,2.981041666666667,-0.002500000000000391
20260916,11,0.95875,0.9620833333333335,-0.0033333333333335213,0.02535,0.025758333333333334,-0.00040833333333333346,2.984375,2.981041666666667,0.0033333333333329662
20260916,12,0.9616666666666667,0.9620833333333335,-0.0004166666666668428,0.023266666666666668,0.025758333333333334,-0.0024916666666666663,2.982083333333333,2.981041666666667,0.0010416666666661634
20260916,13,0.9591666666666665,0.9620833333333335,-0.0029166666666670116,0.023641666666666665,0.025758333333333334,-0.0021166666666666695,2.9835416666666665,2.981041666666667,0.0024999999999995026
20260916,14,0.9666666666666668,0.9620833333333335,0.004583333333333273,0.023691666666666666,0.025758333333333334,-0.002066666666666668,2.9872916666666667,2.981041666666667,0.006249999999999645
20260916,15,0.9554166666666666,0.9620833333333335,-0.006666666666666932,0.025941666666666665,0.025758333333333334,0.0001833333333333305,2.9814583333333333,2.981041666666667,0.0004166666666662877
20260916,16,0.9604166666666666,0.9620833333333335,-0.0016666666666669272,0.026566666666666666,0.025758333333333334,0.000808333333333331,2.9839583333333333,2.981041666666667,0.0029166666666662344
20260916,17,0.9675,0.9620833333333335,0.005416666666666514,0.023375,0.025758333333333334,-0.0023833333333333345,2.9860416666666665,2.981041666666667,0.004999999999999449
20260916,18,0.95625,0.9620833333333335,-0.005833333333333468,0.025866666666666666,0.025758333333333334,0.00010833333333333181,2.9814583333333333,2.981041666666667,0.0004166666666662877
20260916,19,0.9620833333333335,0.9620833333333335,0.0,0.022925,0.025758333333333334,-0.0028333333333333335,2.986458333333333,2.981041666666667,0.005416666666666181
20260916,20,0.9674999999999997,0.9620833333333335,0.005416666666666181,0.024891666666666666,0.025758333333333334,-0.0008666666666666684,2.9854166666666666,2.981041666666667,0.004374999999999574
20260916,21,0.9675000000000002,0.9620833333333335,0.005416666666666736,0.024216666666666668,0.025758333333333334,-0.0015416666666666669,2.984166666666667,2.981041666666667,0.0031249999999998224
20260916,22,0.9566666666666667,0.9620833333333335,-0.005416666666666847,0.022825,0.025758333333333334,-0.002933333333333333,2.9795833333333333,2.981041666666667,-0.0014583333333337833
20260916,23,0.9654166666666668,0.9620833333333335,0.0033333333333332993,0.02515,0.025758333333333334,-0.0006083333333333357,2.987083333333333,2.981041666666667,0.006041666666666057
20260916,24,0.9633333333333335,0.9620833333333335,0.0012499999999999734,0.023866666666666668,0.025758333333333334,-0.0018916666666666665,2.9802083333333327,2.981041666666667,-0.0008333333333343518
20260916,25,0.9670833333333334,0.9620833333333335,0.004999999999999893,0.025216666666666665,0.025758333333333334,-0.0005416666666666695,2.9804166666666663,2.981041666666667,-0.0006250000000007638
20260916,26,0.9625,0.9620833333333335,0.00041666666666650976,0.022916666666666665,0.025758333333333334,-0.0028416666666666694,2.9860416666666665,2.981041666666667,0.004999999999999449
20260916,27,0.9662500000000002,0.9620833333333335,0.004166666666666652,0.024108333333333332,0.025758333333333334,-0.0016500000000000022,2.9795833333333333,2.981041666666667,-0.0014583333333337833
20260916,28,0.9695833333333335,0.9620833333333335,0.007499999999999951,0.025433333333333332,0.025758333333333334,-0.00032500000000000237,2.9829166666666667,2.981041666666667,0.001874999999999627
20260916,29,0.9675,0.9620833333333335,0.005416666666666514,0.023508333333333332,0.025758333333333334,-0.002250000000000002,2.985833333333333,2.981041666666667,0.004791666666665861
20260916,30,0.95875,0.9620833333333335,-0.0033333333333335213,0.023841666666666667,0.025758333333333334,-0.0019166666666666672,2.985625,2.981041666666667,0.004583333333333162
20260916,31,0.9716666666666667,0.9620833333333335,0.009583333333333166,0.0246,0.025758333333333334,-0.0011583333333333341,2.977708333333333,2.981041666666667,-0.0033333333333338544
20260916,32,0.9679166666666669,0.9620833333333335,0.005833333333333357,0.023275,0.025758333333333334,-0.002483333333333334,2.984791666666667,2.981041666666667,0.003750000000000142
20260916,33,0.9600000000000002,0.9620833333333335,-0.002083333333333326,0.026375,0.025758333333333334,0.0006166666666666647,2.9747916666666665,2.981041666666667,-0.006250000000000533
20260916,34,0.9658333333333333,0.9620833333333335,0.003749999999999809,0.023683333333333334,0.025758333333333334,-0.0020750000000000005,2.9858333333333333,2.981041666666667,0.0047916666666663055
20260916,35,0.9637500000000003,0.9620833333333335,0.0016666666666668162,0.022941666666666666,0.025758333333333334,-0.0028166666666666687,2.9839583333333333,2.981041666666667,0.0029166666666662344
20260916,36,0.9616666666666667,0.9620833333333335,-0.0004166666666668428,0.027033333333333333,0.025758333333333334,0.0012749999999999984,2.985,2.981041666666667,0.003958333333332842
20260916,37,0.969166666666667,0.9620833333333335,0.007083333333333441,0.023583333333333335,0.025758333333333334,-0.002175,2.9825,2.981041666666667,0.0014583333333328952
20260916,38,0.9616666666666667,0.9620833333333335,-0.0004166666666668428,0.0247,0.025758333333333334,-0.0010583333333333347,2.9850000000000003,2.981041666666667,0.003958333333333286
20260916,39,0.9558333333333333,0.9620833333333335,-0.0062500000000002,0.026791666666666665,0.025758333333333334,0.0010333333333333306,2.9808333333333334,2.981041666666667,-0.00020833333333358794
20260916,40,0.9587500000000002,0.9620833333333335,-0.0033333333333332993,0.025875,0.025758333333333334,0.00011666666666666423,2.986458333333333,2.981041666666667,0.005416666666666181
20260916,41,0.9566666666666668,0.9620833333333335,-0.005416666666666736,0.025991666666666666,0.025758333333333334,0.00023333333333333192,2.9827083333333335,2.981041666666667,0.0016666666666664831
20260916,42,0.9570833333333333,0.9620833333333335,-0.0050000000000002265,0.023658333333333333,0.025758333333333334,-0.002100000000000001,2.977708333333333,2.981041666666667,-0.0033333333333338544
20260916,43,0.9625,0.9620833333333335,0.00041666666666650976,0.02505,0.025758333333333334,-0.0007083333333333351,2.9835416666666665,2.981041666666667,0.0024999999999995026
20260916,44,0.9654166666666668,0.9620833333333335,0.0033333333333332993,0.0248,0.025758333333333334,-0.0009583333333333353,2.979375,2.981041666666667,-0.0016666666666669272
20260916,45,0.9583333333333333,0.9620833333333335,-0.003750000000000253,0.022125,0.025758333333333334,-0.0036333333333333356,2.9804166666666667,2.981041666666667,-0.0006250000000003197
20260916,46,0.95875,0.9620833333333335,-0.0033333333333335213,0.022858333333333335,0.025758333333333334,-0.0029,2.981041666666667,2.981041666666667,0.0
20260916,47,0.95875,0.9620833333333335,-0.0033333333333335213,0.023858333333333332,0.025758333333333334,-0.0019000000000000024,2.9816666666666665,2.981041666666667,0.0006249999999994316
20260916,48,0.9633333333333333,0.9620833333333335,0.0012499999999997513,0.024225,0.025758333333333334,-0.0015333333333333345,2.9797916666666664,2.981041666666667,-0.0012500000000006395
20260916,49,0.9675000000000002,0.9620833333333335,0.005416666666666736,0.023133333333333332,0.025758333333333334,-0.0026250000000000023,2.9831250000000002,2.981041666666667,0.002083333333333215
20260916,50,0.9629166666666669,0.9620833333333335,0.0008333333333333526,0.024766666666666666,0.025758333333333334,-0.0009916666666666685,2.982291666666667,2.981041666666667,0.0012499999999997513
20260917,1,0.9591666666666667,0.9529166666666666,0.006250000000000089,0.030275,0.026241666666666667,0.004033333333333333,2.976458333333333,2.982083333333333,-0.005625000000000213
20260917,2,0.9716666666666667,0.9529166666666666,0.018750000000000044,0.022916666666666665,0.026241666666666667,-0.0033250000000000016,2.9816666666666665,2.982083333333333,-0.0004166666666667318
20260917,3,0.9700000000000003,0.9529166666666666,0.017083333333333672,0.02125,0.026241666666666667,-0.004991666666666665,2.9804166666666663,2.982083333333333,-0.0016666666666669272
20260917,4,0.9716666666666669,0.9529166666666666,0.018750000000000266,0.021491666666666666,0.026241666666666667,-0.004750000000000001,2.9835416666666665,2.982083333333333,0.0014583333333333393
20260917,5,0.9674999999999999,0.9529166666666666,0.014583333333333282,0.023175,0.026241666666666667,-0.0030666666666666655,2.9858333333333333,2.982083333333333,0.003750000000000142
20260917,6,0.9629166666666666,0.9529166666666666,0.010000000000000009,0.024283333333333334,0.026241666666666667,-0.0019583333333333328,2.9760416666666667,2.982083333333333,-0.006041666666666501
20260917,7,0.9658333333333335,0.9529166666666666,0.01291666666666691,0.022416666666666668,0.026241666666666667,-0.0038249999999999985,2.9847916666666667,2.982083333333333,0.0027083333333335347
20260917,8,0.9562500000000002,0.9529166666666666,0.0033333333333335213,0.023891666666666665,0.026241666666666667,-0.0023500000000000014,2.9779166666666663,2.982083333333333,-0.004166666666666874
20260917,9,0.9612500000000003,0.9529166666666666,0.008333333333333637,0.024908333333333334,0.026241666666666667,-0.0013333333333333322,2.982083333333333,2.982083333333333,0.0
20260917,10,0.9641666666666666,0.9529166666666666,0.011249999999999982,0.023266666666666668,0.026241666666666667,-0.0029749999999999985,2.974583333333334,2.982083333333333,-0.007499999999999396
20260917,11,0.9650000000000002,0.9529166666666666,0.012083333333333557,0.023941666666666667,0.026241666666666667,-0.0023,2.9827083333333335,2.982083333333333,0.0006250000000003197
20260917,12,0.9662499999999999,0.9529166666666666,0.013333333333333308,0.023,0.026241666666666667,-0.003241666666666667,2.982916666666666,2.982083333333333,0.0008333333333330195
20260917,13,0.9729166666666668,0.9529166666666666,0.02000000000000013,0.023983333333333332,0.026241666666666667,-0.0022583333333333344,2.982916666666667,2.982083333333333,0.0008333333333339077
20260917,14,0.9654166666666667,0.9529166666666666,0.012500000000000067,0.023316666666666666,0.026241666666666667,-0.0029250000000000005,2.9872916666666667,2.982083333333333,0.005208333333333481
20260917,15,0.9704166666666667,0.9529166666666666,0.01750000000000007,0.021541666666666667,0.026241666666666667,-0.004699999999999999,2.9808333333333334,2.982083333333333,-0.0012499999999997513
20260917,16,0.95875,0.9529166666666666,0.005833333333333357,0.024025,0.026241666666666667,-0.0022166666666666654,2.9795833333333333,2.982083333333333,-0.0024999999999999467
20260917,17,0.9700000000000001,0.9529166666666666,0.01708333333333345,0.022058333333333333,0.026241666666666667,-0.004183333333333334,2.9854166666666666,2.982083333333333,0.0033333333333334103
20260917,18,0.9683333333333335,0.9529166666666666,0.015416666666666856,0.021925,0.026241666666666667,-0.004316666666666667,2.9839583333333333,2.982083333333333,0.001875000000000071
20260917,19,0.9595833333333331,0.9529166666666666,0.0066666666666664876,0.026358333333333334,0.026241666666666667,0.0001166666666666677,2.9812499999999997,2.982083333333333,-0.0008333333333334636
20260917,20,0.9670833333333334,0.9529166666666666,0.014166666666666772,0.023675,0.026241666666666667,-0.002566666666666665,2.9862500000000005,2.982083333333333,0.004166666666667318
20260917,21,0.9620833333333334,0.9529166666666666,0.009166666666666767,0.022575,0.026241666666666667,-0.0036666666666666653,2.9831250000000002,2.982083333333333,0.0010416666666670515
20260917,22,0.9620833333333335,0.9529166666666666,0.009166666666666878,0.023883333333333333,0.026241666666666667,-0.002358333333333334,2.976875,2.982083333333333,-0.005208333333333037
20260917,23,0.96875,0.9529166666666666,0.015833333333333366,0.023016666666666668,0.026241666666666667,-0.0032249999999999987,2.9806250000000003,2.982083333333333,-0.0014583333333328952
20260917,24,0.96125,0.9529166666666666,0.008333333333333415,0.025166666666666667,0.026241666666666667,-0.0010749999999999996,2.978125,2.982083333333333,-0.003958333333333286
20260917,25,0.9620833333333334,0.9529166666666666,0.009166666666666767,0.023183333333333334,0.026241666666666667,-0.003058333333333333,2.982916666666667,2.982083333333333,0.0008333333333339077
20260917,26,0.9662500000000002,0.9529166666666666,0.01333333333333353,0.0247,0.026241666666666667,-0.0015416666666666669,2.9804166666666667,2.982083333333333,-0.0016666666666664831
20260917,27,0.9558333333333332,0.9529166666666666,0.0029166666666665675,0.023975,0.026241666666666667,-0.002266666666666667,2.975833333333333,2.982083333333333,-0.006250000000000089
20260917,28,0.9508333333333336,0.9529166666666666,-0.002083333333332993,0.025416666666666667,0.026241666666666667,-0.0008249999999999993,2.9908333333333332,2.982083333333333,0.008750000000000036
20260917,29,0.9675,0.9529166666666666,0.014583333333333393,0.024125,0.026241666666666667,-0.002116666666666666,2.985833333333333,2.982083333333333,0.003749999999999698
20260917,30,0.9675,0.9529166666666666,0.014583333333333393,0.024583333333333332,0.026241666666666667,-0.0016583333333333346,2.979375,2.982083333333333,-0.0027083333333330906
20260917,31,0.9704166666666666,0.9529166666666666,0.01749999999999996,0.023708333333333335,0.026241666666666667,-0.002533333333333332,2.9762499999999994,2.982083333333333,-0.005833333333333801
20260917,32,0.9629166666666666,0.9529166666666666,0.010000000000000009,0.025275,0.026241666666666667,-0.0009666666666666678,2.9839583333333333,2.982083333333333,0.001875000000000071
20260917,33,0.9645833333333333,0.9529166666666666,0.011666666666666714,0.02535,0.026241666666666667,-0.0008916666666666656,2.979791666666667,2.982083333333333,-0.0022916666666663588
20260917,34,0.9641666666666667,0.9529166666666666,0.011250000000000093,0.0249,0.026241666666666667,-0.001341666666666668,2.98125,2.982083333333333,-0.0008333333333330195
20260917,35,0.9525,0.9529166666666666,-0.0004166666666666208,0.024491666666666665,0.026241666666666667,-0.0017500000000000016,2.975416666666667,2.982083333333333,-0.0066666666666663765
20260917,36,0.9654166666666667,0.9529166666666666,0.012500000000000067,0.023591666666666667,0.026241666666666667,-0.0026499999999999996,2.9806250000000003,2.982083333333333,-0.0014583333333328952
20260917,37,0.9537500000000003,0.9529166666666666,0.0008333333333336856,0.025875,0.026241666666666667,-0.0003666666666666679,2.976666666666667,2.982083333333333,-0.005416666666666181
20260917,38,0.9629166666666666,0.9529166666666666,0.010000000000000009,0.023416666666666665,0.026241666666666667,-0.002825000000000001,2.983125,2.982083333333333,0.0010416666666666075
20260917,39,0.9608333333333334,0.9529166666666666,0.007916666666666794,0.024541666666666666,0.026241666666666667,-0.0017000000000000001,2.9847916666666667,2.982083333333333,0.0027083333333335347
20260917,40,0.9658333333333333,0.9529166666666666,0.012916666666666687,0.025141666666666666,0.026241666666666667,-0.0011000000000000003,2.977291666666667,2.982083333333333,-0.0047916666666663055
20260917,41,0.9645833333333332,0.9529166666666666,0.011666666666666603,0.024166666666666666,0.026241666666666667,-0.0020750000000000005,2.9802083333333336,2.982083333333333,-0.001874999999999627
20260917,42,0.9570833333333333,0.9529166666666666,0.004166666666666652,0.02485,0.026241666666666667,-0.001391666666666666,2.9808333333333334,2.982083333333333,-0.0012499999999997513
20260917,43,0.9687500000000002,0.9529166666666666,0.015833333333333588,0.023466666666666667,0.026241666666666667,-0.0027749999999999997,2.9833333333333334,2.982083333333333,0.0012500000000001954
20260917,44,0.95875,0.9529166666666666,0.005833333333333357,0.025408333333333335,0.026241666666666667,-0.0008333333333333318,2.9847916666666667,2.982083333333333,0.0027083333333335347
20260917,45,0.9579166666666664,0.9529166666666666,0.004999999999999782,0.024058333333333334,0.026241666666666667,-0.0021833333333333323,2.985208333333333,2.982083333333333,0.0031249999999998224
20260917,46,0.9549999999999998,0.9529166666666666,0.002083333333333215,0.024675,0.026241666666666667,-0.0015666666666666676,2.982083333333333,2.982083333333333,0.0
20260917,47,0.9675000000000002,0.9529166666666666,0.014583333333333615,0.02435,0.026241666666666667,-0.0018916666666666665,2.982083333333333,2.982083333333333,0.0
20260917,48,0.96125,0.9529166666666666,0.008333333333333415,0.021925,0.026241666666666667,-0.004316666666666667,2.9875,2.982083333333333,0.005416666666666625
20260917,49,0.9683333333333335,0.9529166666666666,0.015416666666666856,0.02455,0.026241666666666667,-0.0016916666666666677,2.9837499999999997,2.982083333333333,0.0016666666666664831
20260917,50,0.9566666666666667,0.9529166666666666,0.003750000000000031,0.025066666666666668,0.026241666666666667,-0.001174999999999999,2.9791666666666665,2.982083333333333,-0.0029166666666666785
20260918,1,0.9445833333333333,0.9504166666666668,-0.005833333333333468,0.028758333333333334,0.023341666666666667,0.005416666666666667,2.9764583333333325,2.9831250000000002,-0.006666666666667709
20260918,2,0.9724999999999999,0.9504166666666668,0.02208333333333312,0.0213,0.023341666666666667,-0.0020416666666666673,2.981041666666667,2.9831250000000002,-0.002083333333333215
20260918,3,0.9666666666666668,0.9504166666666668,0.016249999999999987,0.02345,0.023341666666666667,0.00010833333333333181,2.978958333333334,2.9831250000000002,-0.00416666666666643
20260918,4,0.9704166666666667,0.9504166666666668,0.019999999999999907,0.024225,0.023341666666666667,0.0008833333333333332,2.9864583333333337,2.9831250000000002,0.0033333333333334103
20260918,5,0.9579166666666665,0.9504166666666668,0.007499999999999729,0.022458333333333334,0.023341666666666667,-0.0008833333333333332,2.9795833333333333,2.9831250000000002,-0.0035416666666669983
20260918,6,0.9658333333333333,0.9504166666666668,0.015416666666666523,0.024908333333333334,0.023341666666666667,0.0015666666666666676,2.980416666666667,2.9831250000000002,-0.0027083333333330906
20260918,7,0.9658333333333335,0.9504166666666668,0.015416666666666745,0.0253,0.023341666666666667,0.0019583333333333328,2.9883333333333333,2.9831250000000002,0.005208333333333037
20260918,8,0.9608333333333332,0.9504166666666668,0.010416666666666408,0.023225,0.023341666666666667,-0.0001166666666666677,2.9856249999999998,2.9831250000000002,0.0024999999999995026
20260918,9,0.9549999999999998,0.9504166666666668,0.004583333333333051,0.023925,0.023341666666666667,0.0005833333333333315,2.9762500000000003,2.9831250000000002,-0.0068749999999999645
20260918,10,0.9729166666666668,0.9504166666666668,0.022499999999999964,0.025358333333333333,0.023341666666666667,0.0020166666666666666,2.982291666666667,2.9831250000000002,-0.0008333333333334636
20260918,11,0.9654166666666667,0.9504166666666668,0.014999999999999902,0.023325,0.023341666666666667,-1.66666666666683e-5,2.9783333333333335,2.9831250000000002,-0.0047916666666667496
20260918,12,0.9633333333333335,0.9504166666666668,0.012916666666666687,0.024191666666666667,0.023341666666666667,0.0008500000000000001,2.9870833333333335,2.9831250000000002,0.003958333333333286
20260918,13,0.9579166666666665,0.9504166666666668,0.007499999999999729,0.023925,0.023341666666666667,0.0005833333333333315,2.97125,2.9831250000000002,-0.011875000000000302
20260918,14,0.9662500000000002,0.9504166666666668,0.015833333333333366,0.02315,0.023341666666666667,-0.00019166666666666637,2.9812499999999997,2.9831250000000002,-0.0018750000000005151
20260918,15,0.9566666666666667,0.9504166666666668,0.006249999999999867,0.024483333333333333,0.023341666666666667,0.0011416666666666658,2.986458333333333,2.9831250000000002,0.0033333333333329662
20260918,16,0.9695833333333335,0.9504166666666668,0.019166666666666665,0.0236,0.023341666666666667,0.00025833333333333264,2.9866666666666664,2.9831250000000002,0.00354166666666611
20260918,17,0.9616666666666666,0.9504166666666668,0.01124999999999976,0.024333333333333332,0.023341666666666667,0.000991666666666665,2.975416666666667,2.9831250000000002,-0.007708333333333428
20260918,18,0.9633333333333336,0.9504166666666668,0.012916666666666798,0.024808333333333335,0.023341666666666667,0.0014666666666666682,2.9814583333333333,2.9831250000000002,-0.0016666666666669272
20260918,19,0.9674999999999999,0.9504166666666668,0.017083333333333117,0.024108333333333332,0.023341666666666667,0.0007666666666666655,2.9760416666666663,2.9831250000000002,-0.0070833333333339965
20260918,20,0.9658333333333335,0.9504166666666668,0.015416666666666745,0.023966666666666667,0.023341666666666667,0.0006250000000000006,2.982291666666667,2.9831250000000002,-0.0008333333333334636
20260918,21,0.9558333333333335,0.9504166666666668,0.005416666666666736,0.024833333333333332,0.023341666666666667,0.0014916666666666654,2.9764583333333334,2.9831250000000002,-0.006666666666666821
20260918,22,0.964166666666667,0.9504166666666668,0.013750000000000151,0.024791666666666667,0.023341666666666667,0.00145,2.9843750000000004,2.9831250000000002,0.0012500000000001954
20260918,23,0.9587499999999999,0.9504166666666668,0.008333333333333082,0.024941666666666668,0.023341666666666667,0.0016000000000000007,2.982916666666667,2.9831250000000002,-0.00020833333333314386
20260918,24,0.9591666666666667,0.9504166666666668,0.008749999999999925,0.021791666666666668,0.023341666666666667,-0.0015499999999999993,2.979375,2.9831250000000002,-0.003750000000000142
20260918,25,0.9545833333333332,0.9504166666666668,0.00416666666666643,0.026691666666666666,0.023341666666666667,0.003349999999999999,2.9779166666666663,2.9831250000000002,-0.0052083333333339255
20260918,26,0.9600000000000002,0.9504166666666668,0.009583333333333388,0.024391666666666666,0.023341666666666667,0.0010499999999999989,2.980208333333333,2.9831250000000002,-0.0029166666666671226
20260918,27,0.9674999999999999,0.9504166666666668,0.017083333333333117,0.024258333333333333,0.023341666666666667,0.0009166666666666663,2.9845833333333336,2.9831250000000002,0.0014583333333333393
20260918,28,0.9687500000000002,0.9504166666666668,0.018333333333333424,0.024816666666666667,0.023341666666666667,0.0014750000000000006,2.9893749999999994,2.9831250000000002,0.006249999999999201
20260918,29,0.9666666666666666,0.9504166666666668,0.016249999999999765,0.023166666666666665,0.023341666666666667,-0.00017500000000000154,2.982916666666667,2.9831250000000002,-0.00020833333333314386
20260918,30,0.9641666666666667,0.9504166666666668,0.013749999999999929,0.025225,0.023341666666666667,0.001883333333333334,2.9825000000000004,2.9831250000000002,-0.0006249999999998757
20260918,31,0.9583333333333334,0.9504166666666668,0.007916666666666572,0.02545,0.023341666666666667,0.0021083333333333336,2.972708333333333,2.9831250000000002,-0.010416666666667407
20260918,32,0.9670833333333333,0.9504166666666668,0.016666666666666496,0.023858333333333332,0.023341666666666667,0.0005166666666666653,2.9833333333333334,2.9831250000000002,0.00020833333333314386
20260918,33,0.9583333333333336,0.9504166666666668,0.007916666666666794,0.023691666666666666,0.023341666666666667,0.0003499999999999996,2.9825,2.9831250000000002,-0.0006250000000003197
20260918,34,0.96875,0.9504166666666668,0.0183333333333332,0.022441666666666665,0.023341666666666667,-0.0009000000000000015,2.9804166666666667,2.9831250000000002,-0.0027083333333335347
20260918,35,0.9695833333333332,0.9504166666666668,0.019166666666666443,0.024433333333333335,0.023341666666666667,0.0010916666666666679,2.9845833333333336,2.9831250000000002,0.0014583333333333393
20260918,36,0.9662500000000002,0.9504166666666668,0.015833333333333366,0.024816666666666667,0.023341666666666667,0.0014750000000000006,2.9845833333333336,2.9831250000000002,0.0014583333333333393
20260918,37,0.9587499999999999,0.9504166666666668,0.008333333333333082,0.02315,0.023341666666666667,-0.00019166666666666637,2.9802083333333336,2.9831250000000002,-0.0029166666666666785
20260918,38,0.9558333333333333,0.9504166666666668,0.005416666666666514,0.02495,0.023341666666666667,0.0016083333333333331,2.975625,2.9831250000000002,-0.007500000000000284
20260918,39,0.9595833333333335,0.9504166666666668,0.009166666666666656,0.02485,0.023341666666666667,0.0015083333333333337,2.978958333333334,2.9831250000000002,-0.00416666666666643
20260918,40,0.9591666666666668,0.9504166666666668,0.008750000000000036,0.0263,0.023341666666666667,0.0029583333333333336,2.9827083333333335,2.9831250000000002,-0.0004166666666667318
20260918,41,0.9708333333333334,0.9504166666666668,0.02041666666666664,0.025383333333333334,0.023341666666666667,0.0020416666666666673,2.9845833333333336,2.9831250000000002,0.0014583333333333393
20260918,42,0.9645833333333333,0.9504166666666668,0.01416666666666655,0.024041666666666666,0.023341666666666667,0.0006999999999999992,2.9814583333333333,2.9831250000000002,-0.0016666666666669272
20260918,43,0.9570833333333335,0.9504166666666668,0.00666666666666671,0.023825,0.023341666666666667,0.00048333333333333214,2.982291666666667,2.9831250000000002,-0.0008333333333334636
20260918,44,0.9608333333333332,0.9504166666666668,0.010416666666666408,0.024258333333333333,0.023341666666666667,0.0009166666666666663,2.977708333333333,2.9831250000000002,-0.005416666666667069
20260918,45,0.9629166666666669,0.9504166666666668,0.012500000000000067,0.023158333333333333,0.023341666666666667,-0.00018333333333333396,2.9789583333333334,2.9831250000000002,-0.004166666666666874
20260918,46,0.9620833333333335,0.9504166666666668,0.011666666666666714,0.024383333333333333,0.023341666666666667,0.0010416666666666664,2.9825000000000004,2.9831250000000002,-0.0006249999999998757
20260918,47,0.9591666666666668,0.9504166666666668,0.008750000000000036,0.025966666666666666,0.023341666666666667,0.002624999999999999,2.98375,2.9831250000000002,0.0006249999999998757
20260918,48,0.9679166666666669,0.9504166666666668,0.01750000000000007,0.025741666666666666,0.023341666666666667,0.0023999999999999994,2.9816666666666665,2.9831250000000002,-0.0014583333333337833
20260918,49,0.9579166666666665,0.9504166666666668,0.007499999999999729,0.024516666666666666,0.023341666666666667,0.001174999999999999,2.984375,2.9831250000000002,0.0012499999999997513
20260918,50,0.9641666666666667,0.9504166666666668,0.013749999999999929,0.024541666666666666,0.023341666666666667,0.0011999999999999997,2.9856249999999998,2.9831250000000002,0.0024999999999995026
20260919,1,0.9554166666666667,0.9658333333333333,-0.01041666666666663,0.030616666666666667,0.025266666666666666,0.005350000000000001,2.975625,2.9752083333333332,0.0004166666666667318
20260919,2,0.9658333333333333,0.9658333333333333,0.0,0.023791666666666666,0.025266666666666666,-0.0014750000000000006,2.982916666666667,2.9752083333333332,0.007708333333333872
20260919,3,0.9650000000000001,0.9658333333333333,-0.0008333333333332416,0.022925,0.025266666666666666,-0.0023416666666666655,2.986666666666667,2.9752083333333332,0.01145833333333357
20260919,4,0.9650000000000001,0.9658333333333333,-0.0008333333333332416,0.023816666666666667,0.025266666666666666,-0.00145,2.9820833333333328,2.9752083333333332,0.00687499999999952
20260919,5,0.9637500000000001,0.9658333333333333,-0.002083333333333215,0.023591666666666667,0.025266666666666666,-0.0016749999999999994,2.9814583333333333,2.9752083333333332,0.006250000000000089
20260919,6,0.9583333333333333,0.9658333333333333,-0.007500000000000062,0.022766666666666668,0.025266666666666666,-0.0024999999999999988,2.985,2.9752083333333332,0.009791666666666643
20260919,7,0.9658333333333335,0.9658333333333333,2.220446049250313e-16,0.022475,0.025266666666666666,-0.002791666666666668,2.978333333333333,2.9752083333333332,0.0031249999999998224
20260919,8,0.9675,0.9658333333333333,0.0016666666666667052,0.024808333333333335,0.025266666666666666,-0.00045833333333333143,2.987083333333333,2.9752083333333332,0.011874999999999858
20260919,9,0.9704166666666667,0.9658333333333333,0.004583333333333384,0.02420833333333333,0.025266666666666666,-0.0010583333333333347,2.9781249999999995,2.9752083333333332,0.0029166666666662344
20260919,10,0.9650000000000002,0.9658333333333333,-0.0008333333333331305,0.024525,0.025266666666666666,-0.0007416666666666648,2.982083333333333,2.9752083333333332,0.0068749999999999645
20260919,11,0.9620833333333334,0.9658333333333333,-0.00374999999999992,0.024541666666666666,0.025266666666666666,-0.000725,2.9802083333333336,2.9752083333333332,0.0050000000000003375
20260919,12,0.96125,0.9658333333333333,-0.004583333333333273,0.023633333333333333,0.025266666666666666,-0.0016333333333333339,2.978125,2.9752083333333332,0.0029166666666666785
20260919,13,0.9554166666666667,0.9658333333333333,-0.01041666666666663,0.025233333333333333,0.025266666666666666,-3.333333333333313e-5,2.9808333333333334,2.9752083333333332,0.005625000000000213
20260919,14,0.9662499999999999,0.9658333333333333,0.0004166666666666208,0.022416666666666668,0.025266666666666666,-0.0028499999999999984,2.987708333333333,2.9752083333333332,0.012499999999999734
20260919,15,0.9604166666666668,0.9658333333333333,-0.005416666666666514,0.024958333333333332,0.025266666666666666,-0.00030833333333333407,2.9850000000000003,2.9752083333333332,0.009791666666667087
20260919,16,0.9608333333333332,0.9658333333333333,-0.0050000000000001155,0.025358333333333333,0.025266666666666666,9.166666666666698e-5,2.978541666666666,2.9752083333333332,0.0033333333333329662
20260919,17,0.9700000000000001,0.9658333333333333,0.004166666666666763,0.023433333333333334,0.025266666666666666,-0.0018333333333333326,2.9835416666666665,2.9752083333333332,0.008333333333333304
20260919,18,0.9620833333333334,0.9658333333333333,-0.00374999999999992,0.024108333333333332,0.025266666666666666,-0.0011583333333333341,2.9833333333333334,2.9752083333333332,0.00812500000000016
20260919,19,0.9654166666666668,0.9658333333333333,-0.00041666666666650976,0.023575,0.025266666666666666,-0.0016916666666666677,2.9800000000000004,2.9752083333333332,0.004791666666667194
20260919,20,0.9704166666666667,0.9658333333333333,0.004583333333333384,0.023691666666666666,0.025266666666666666,-0.001575,2.9860416666666665,2.9752083333333332,0.01083333333333325
20260919,21,0.9654166666666667,0.9658333333333333,-0.0004166666666666208,0.0233,0.025266666666666666,-0.001966666666666665,2.979375,2.9752083333333332,0.004166666666666874
20260919,22,0.9541666666666666,0.9658333333333333,-0.011666666666666714,0.025483333333333334,0.025266666666666666,0.0002166666666666671,2.9797916666666664,2.9752083333333332,0.004583333333333162
20260919,23,0.9650000000000001,0.9658333333333333,-0.0008333333333332416,0.022625,0.025266666666666666,-0.002641666666666667,2.984791666666667,2.9752083333333332,0.009583333333333943
20260919,24,0.9608333333333337,0.9658333333333333,-0.004999999999999671,0.023758333333333333,0.025266666666666666,-0.0015083333333333337,2.9806250000000003,2.9752083333333332,0.005416666666667069
20260919,25,0.9620833333333334,0.9658333333333333,-0.00374999999999992,0.02424166666666667,0.025266666666666666,-0.0010249999999999981,2.9808333333333334,2.9752083333333332,0.005625000000000213
20260919,26,0.9545833333333335,0.9658333333333333,-0.011249999999999871,0.025058333333333332,0.025266666666666666,-0.00020833333333333467,2.985,2.9752083333333332,0.009791666666666643
20260919,27,0.9654166666666667,0.9658333333333333,-0.0004166666666666208,0.024183333333333334,0.025266666666666666,-0.001083333333333332,2.979166666666667,2.9752083333333332,0.00395833333333373
20260919,28,0.9683333333333334,0.9658333333333333,0.0025000000000000577,0.023908333333333334,0.025266666666666666,-0.001358333333333333,2.982916666666667,2.9752083333333332,0.007708333333333872
20260919,29,0.9625000000000001,0.9658333333333333,-0.0033333333333331883,0.022866666666666667,0.025266666666666666,-0.0023999999999999994,2.9825,2.9752083333333332,0.007291666666666696
20260919,30,0.9633333333333333,0.9658333333333333,-0.0025000000000000577,0.024358333333333333,0.025266666666666666,-0.0009083333333333339,2.98,2.9752083333333332,0.0047916666666667496
20260919,31,0.9691666666666668,0.9658333333333333,0.0033333333333335213,0.025083333333333332,0.025266666666666666,-0.00018333333333333396,2.9804166666666667,2.9752083333333332,0.005208333333333481
20260919,32,0.9641666666666666,0.9658333333333333,-0.0016666666666667052,0.025125,0.025266666666666666,-0.00014166666666666494,2.97875,2.9752083333333332,0.003541666666666554
20260919,33,0.9541666666666668,0.9658333333333333,-0.011666666666666492,0.024541666666666666,0.025266666666666666,-0.000725,2.9856249999999998,2.9752083333333332,0.010416666666666519
20260919,34,0.9525,0.9658333333333333,-0.013333333333333308,0.025341666666666665,0.025266666666666666,7.499999999999868e-5,2.9797916666666664,2.9752083333333332,0.004583333333333162
20260919,35,0.9587499999999999,0.9658333333333333,-0.007083333333333441,0.02665,0.025266666666666666,0.0013833333333333336,2.979375,2.9752083333333332,0.004166666666666874
20260919,36,0.9691666666666668,0.9658333333333333,0.0033333333333335213,0.025025,0.025266666666666666,-0.0002416666666666678,2.9833333333333334,2.9752083333333332,0.00812500000000016
20260919,37,0.9675000000000002,0.9658333333333333,0.0016666666666669272,0.023233333333333335,0.025266666666666666,-0.0020333333333333314,2.9816666666666665,2.9752083333333332,0.006458333333333233
20260919,38,0.9645833333333332,0.9658333333333333,-0.0012500000000000844,0.024158333333333334,0.025266666666666666,-0.0011083333333333327,2.977708333333333,2.9752083333333332,0.0024999999999999467
20260919,39,0.9620833333333335,0.9658333333333333,-0.003749999999999809,0.024333333333333332,0.025266666666666666,-0.0009333333333333346,2.9852083333333326,2.9752083333333332,0.009999999999999343
20260919,40,0.9725000000000001,0.9658333333333333,0.006666666666666821,0.025058333333333332,0.025266666666666666,-0.00020833333333333467,2.9810416666666666,2.9752083333333332,0.005833333333333357
20260919,41,0.9654166666666668,0.9658333333333333,-0.00041666666666650976,0.022775,0.025266666666666666,-0.0024916666666666663,2.9829166666666667,2.9752083333333332,0.007708333333333428
20260919,42,0.9758333333333334,0.9658333333333333,0.01000000000000012,0.024041666666666666,0.025266666666666666,-0.0012250000000000004,2.9850000000000003,2.9752083333333332,0.009791666666667087
20260919,43,0.9595833333333335,0.9658333333333333,-0.006249999999999867,0.025383333333333334,0.025266666666666666,0.0001166666666666677,2.9777083333333336,2.9752083333333332,0.002500000000000391
20260919,44,0.9662499999999999,0.9658333333333333,0.0004166666666666208,0.025233333333333333,0.025266666666666666,-3.333333333333313e-5,2.9825,2.9752083333333332,0.007291666666666696
20260919,45,0.9683333333333334,0.9658333333333333,0.0025000000000000577,0.025208333333333333,0.025266666666666666,-5.833333333333385e-5,2.978541666666666,2.9752083333333332,0.0033333333333329662
20260919,46,0.9662499999999999,0.9658333333333333,0.0004166666666666208,0.026133333333333335,0.025266666666666666,0.0008666666666666684,2.975625,2.9752083333333332,0.0004166666666667318
20260919,47,0.95625,0.9658333333333333,-0.009583333333333277,0.023858333333333332,0.025266666666666666,-0.0014083333333333344,2.983125,2.9752083333333332,0.007916666666666572
20260919,48,0.9666666666666666,0.9658333333333333,0.0008333333333332416,0.0241,0.025266666666666666,-0.0011666666666666665,2.9814583333333333,2.9752083333333332,0.006250000000000089
20260919,49,0.9587499999999999,0.9658333333333333,-0.007083333333333441,0.024083333333333335,0.025266666666666666,-0.0011833333333333314,2.9833333333333334,2.9752083333333332,0.00812500000000016
20260919,50,0.9654166666666667,0.9658333333333333,-0.0004166666666666208,0.023925,0.025266666666666666,-0.001341666666666668,2.984583333333333,2.9752083333333332,0.009374999999999911
20260920,1,0.9583333333333333,0.9700000000000001,-0.011666666666666825,0.028841666666666668,0.024925,0.003916666666666669,2.9850000000000003,2.9852083333333335,-0.00020833333333314386
20260920,2,0.9612499999999999,0.9700000000000001,-0.008750000000000147,0.022466666666666666,0.024925,-0.002458333333333333,2.9779166666666668,2.9852083333333335,-0.007291666666666696
20260920,3,0.9633333333333335,0.9700000000000001,-0.006666666666666599,0.023341666666666667,0.024925,-0.0015833333333333324,2.987708333333333,2.9852083333333335,0.0024999999999995026
20260920,4,0.972916666666667,0.9700000000000001,0.0029166666666669006,0.022066666666666665,0.024925,-0.0028583333333333343,2.9816666666666665,2.9852083333333335,-0.0035416666666669983
20260920,5,0.9679166666666669,0.9700000000000001,-0.002083333333333215,0.024341666666666668,0.024925,-0.0005833333333333315,2.983541666666666,2.9852083333333335,-0.0016666666666673713
20260920,6,0.9587500000000002,0.9700000000000001,-0.011249999999999871,0.023891666666666665,0.024925,-0.001033333333333334,2.98125,2.9852083333333335,-0.003958333333333286
20260920,7,0.9620833333333334,0.9700000000000001,-0.007916666666666683,0.022225,0.024925,-0.0026999999999999975,2.9797916666666664,2.9852083333333335,-0.005416666666667069
20260920,8,0.9666666666666668,0.9700000000000001,-0.0033333333333332993,0.023875,0.024925,-0.0010499999999999989,2.983541666666667,2.9852083333333335,-0.0016666666666664831
20260920,9,0.9587500000000002,0.9700000000000001,-0.011249999999999871,0.022166666666666668,0.024925,-0.0027583333333333314,2.98,2.9852083333333335,-0.005208333333333481
20260920,10,0.9679166666666668,0.9700000000000001,-0.002083333333333326,0.022575,0.024925,-0.002349999999999998,2.979791666666667,2.9852083333333335,-0.005416666666666625
20260920,11,0.9608333333333334,0.9700000000000001,-0.009166666666666656,0.025358333333333333,0.024925,0.0004333333333333342,2.9770833333333337,2.9852083333333335,-0.008124999999999716
20260920,12,0.9679166666666665,0.9700000000000001,-0.002083333333333548,0.022775,0.024925,-0.002149999999999999,2.9827083333333335,2.9852083333333335,-0.0024999999999999467
20260920,13,0.9637500000000001,0.9700000000000001,-0.006249999999999978,0.023466666666666667,0.024925,-0.0014583333333333323,2.980833333333334,2.9852083333333335,-0.004374999999999574
20260920,14,0.9691666666666666,0.9700000000000001,-0.0008333333333334636,0.023125,0.024925,-0.0017999999999999995,2.979791666666667,2.9852083333333335,-0.005416666666666625
20260920,15,0.9620833333333334,0.9700000000000001,-0.007916666666666683,0.024458333333333332,0.024925,-0.0004666666666666673,2.9843750000000004,2.9852083333333335,-0.0008333333333330195
20260920,16,0.9633333333333333,0.9700000000000001,-0.006666666666666821,0.025066666666666668,0.024925,0.0001416666666666684,2.979166666666667,2.9852083333333335,-0.006041666666666501
20260920,17,0.9625000000000001,0.9700000000000001,-0.007499999999999951,0.023541666666666666,0.024925,-0.0013833333333333336,2.9772916666666664,2.9852083333333335,-0.007916666666667016
20260920,18,0.9520833333333331,0.9700000000000001,-0.017916666666667025,0.026325,0.024925,0.001400000000000002,2.9814583333333333,2.9852083333333335,-0.003750000000000142
20260920,19,0.9641666666666667,0.9700000000000001,-0.005833333333333357,0.02365,0.024925,-0.0012749999999999984,2.9831250000000002,2.9852083333333335,-0.002083333333333215
20260920,20,0.9579166666666667,0.9700000000000001,-0.012083333333333335,0.025175,0.024925,0.0002500000000000002,2.9825000000000004,2.9852083333333335,-0.0027083333333330906
20260920,21,0.9566666666666668,0.9700000000000001,-0.013333333333333308,0.02595,0.024925,0.0010250000000000016,2.988541666666667,2.9852083333333335,0.0033333333333334103
20260920,22,0.96125,0.9700000000000001,-0.008750000000000036,0.025116666666666666,0.024925,0.00019166666666666637,2.9804166666666663,2.9852083333333335,-0.004791666666667194
20260920,23,0.9629166666666666,0.9700000000000001,-0.007083333333333441,0.026166666666666668,0.024925,0.0012416666666666687,2.981041666666667,2.9852083333333335,-0.00416666666666643
20260920,24,0.9666666666666668,0.9700000000000001,-0.0033333333333332993,0.024825,0.024925,-9.99999999999994e-5,2.9799999999999995,2.9852083333333335,-0.0052083333333339255
20260920,25,0.9608333333333334,0.9700000000000001,-0.009166666666666656,0.02445,0.024925,-0.00047499999999999973,2.975416666666667,2.9852083333333335,-0.009791666666666643
20260920,26,0.9587500000000002,0.9700000000000001,-0.011249999999999871,0.026341666666666666,0.024925,0.0014166666666666668,2.973125,2.9852083333333335,-0.012083333333333446
20260920,27,0.9691666666666668,0.9700000000000001,-0.0008333333333332416,0.023475,0.024925,-0.00145,2.9906250000000005,2.9852083333333335,0.005416666666667069
20260920,28,0.9641666666666667,0.9700000000000001,-0.005833333333333357,0.024425,0.024925,-0.0005000000000000004,2.984166666666667,2.9852083333333335,-0.0010416666666666075
20260920,29,0.9687500000000002,0.9700000000000001,-0.0012499999999998623,0.02415,0.024925,-0.0007749999999999979,2.9864583333333328,2.9852083333333335,0.0012499999999993072
20260920,30,0.9558333333333335,0.9700000000000001,-0.01416666666666655,0.025608333333333334,0.024925,0.0006833333333333344,2.9775,2.9852083333333335,-0.007708333333333428
20260920,31,0.9612500000000003,0.9700000000000001,-0.008749999999999813,0.024141666666666665,0.024925,-0.0007833333333333338,2.9827083333333335,2.9852083333333335,-0.0024999999999999467
20260920,32,0.9608333333333337,0.9700000000000001,-0.009166666666666434,0.02415,0.024925,-0.0007749999999999979,2.982291666666667,2.9852083333333335,-0.0029166666666666785
20260920,33,0.9687499999999998,0.9700000000000001,-0.0012500000000003064,0.022541666666666668,0.024925,-0.002383333333333331,2.9804166666666667,2.9852083333333335,-0.0047916666666667496
20260920,34,0.9529166666666669,0.9700000000000001,-0.017083333333333228,0.026275,0.024925,0.0013500000000000005,2.979166666666667,2.9852083333333335,-0.006041666666666501
20260920,35,0.9687500000000002,0.9700000000000001,-0.0012499999999998623,0.024975,0.024925,5.000000000000143e-5,2.981875,2.9852083333333335,-0.0033333333333334103
20260920,36,0.9633333333333336,0.9700000000000001,-0.0066666666666664876,0.02555,0.024925,0.0006250000000000006,2.9772916666666664,2.9852083333333335,-0.007916666666667016
20260920,37,0.9620833333333334,0.9700000000000001,-0.007916666666666683,0.024625,0.024925,-0.0002999999999999982,2.978541666666666,2.9852083333333335,-0.006666666666667265
20260920,38,0.9629166666666664,0.9700000000000001,-0.0070833333333336634,0.0251,0.024925,0.00017500000000000154,2.9868750000000004,2.9852083333333335,0.0016666666666669272
20260920,39,0.9533333333333334,0.9700000000000001,-0.01666666666666672,0.02535,0.024925,0.00042500000000000177,2.9816666666666665,2.9852083333333335,-0.0035416666666669983
20260920,40,0.9658333333333333,0.9700000000000001,-0.004166666666666763,0.023658333333333333,0.024925,-0.001266666666666666,2.978958333333334,2.9852083333333335,-0.006249999999999645
20260920,41,0.9529166666666666,0.9700000000000001,-0.01708333333333345,0.025983333333333334,0.024925,0.0010583333333333347,2.97375,2.9852083333333335,-0.01145833333333357
20260920,42,0.9612499999999999,0.9700000000000001,-0.008750000000000147,0.024633333333333333,0.024925,-0.00029166666666666577,2.9825000000000004,2.9852083333333335,-0.0027083333333330906
20260920,43,0.9641666666666667,0.9700000000000001,-0.005833333333333357,0.024133333333333333,0.024925,-0.0007916666666666662,2.980208333333333,2.9852083333333335,-0.0050000000000003375
20260920,44,0.9579166666666667,0.9700000000000001,-0.012083333333333335,0.025083333333333332,0.024925,0.00015833333333333324,2.983541666666667,2.9852083333333335,-0.0016666666666664831
20260920,45,0.9583333333333334,0.9700000000000001,-0.011666666666666714,0.024491666666666665,0.024925,-0.0004333333333333342,2.9775,2.9852083333333335,-0.007708333333333428
20260920,46,0.9708333333333334,0.9700000000000001,0.0008333333333333526,0.024408333333333334,0.024925,-0.0005166666666666653,2.9824999999999995,2.9852083333333335,-0.0027083333333339787
20260920,47,0.9670833333333334,0.9700000000000001,-0.0029166666666666785,0.0247,0.024925,-0.0002249999999999995,2.98375,2.9852083333333335,-0.0014583333333333393
20260920,48,0.9670833333333333,0.9700000000000001,-0.0029166666666667895,0.025591666666666665,0.024925,0.0006666666666666661,2.980833333333333,2.9852083333333335,-0.004375000000000462
20260920,49,0.9695833333333335,0.9700000000000001,-0.0004166666666666208,0.024675,0.024925,-0.0002500000000000002,2.986458333333333,2.9852083333333335,0.0012499999999997513
20260920,50,0.9529166666666666,0.9700000000000001,-0.01708333333333345,0.024133333333333333,0.024925,-0.0007916666666666662,2.973958333333333,2.9852083333333335,-0.011250000000000426
20260921,1,0.9520833333333336,0.9629166666666666,-0.010833333333333028,0.03165,0.025133333333333334,0.006516666666666664,2.971458333333333,2.979375,-0.007916666666667016
20260921,2,0.9637500000000001,0.9629166666666666,0.0008333333333334636,0.024425,0.025133333333333334,-0.0007083333333333351,2.9852083333333335,2.979375,0.005833333333333357
20260921,3,0.9666666666666668,0.9629166666666666,0.003750000000000142,0.022858333333333335,0.025133333333333334,-0.0022749999999999992,2.9852083333333335,2.979375,0.005833333333333357
20260921,4,0.9616666666666666,0.9629166666666666,-0.0012500000000000844,0.023141666666666668,0.025133333333333334,-0.001991666666666666,2.9795833333333333,2.979375,0.00020833333333314386
20260921,5,0.9695833333333332,0.9629166666666666,0.006666666666666599,0.025241666666666666,0.025133333333333334,0.00010833333333333181,2.9843749999999996,2.979375,0.004999999999999449
20260921,6,0.9604166666666668,0.9629166666666666,-0.0024999999999998357,0.02475,0.025133333333333334,-0.00038333333333333275,2.9833333333333334,2.979375,0.003958333333333286
20260921,7,0.9625000000000001,0.9629166666666666,-0.00041666666666650976,0.02185,0.025133333333333334,-0.0032833333333333325,2.985833333333333,2.979375,0.006458333333332789
20260921,8,0.9654166666666668,0.9629166666666666,0.0025000000000001688,0.022758333333333332,0.025133333333333334,-0.002375000000000002,2.984583333333333,2.979375,0.005208333333333037
20260921,9,0.9558333333333333,0.9629166666666666,-0.00708333333333333,0.024666666666666667,0.025133333333333334,-0.0004666666666666673,2.9779166666666668,2.979375,-0.0014583333333333393
20260921,10,0.9616666666666667,0.9629166666666666,-0.0012499999999999734,0.02495,0.025133333333333334,-0.00018333333333333396,2.978541666666667,2.979375,-0.0008333333333330195
20260921,11,0.9650000000000001,0.9629166666666666,0.002083333333333437,0.02295,0.025133333333333334,-0.0021833333333333323,2.9856249999999998,2.979375,0.006249999999999645
20260921,12,0.9637499999999999,0.9629166666666666,0.0008333333333332416,0.023808333333333334,0.025133333333333334,-0.0013249999999999998,2.982916666666667,2.979375,0.0035416666666669983
20260921,13,0.9620833333333334,0.9629166666666666,-0.0008333333333332416,0.024658333333333334,0.025133333333333334,-0.00047499999999999973,2.984166666666666,2.979375,0.004791666666665861
20260921,14,0.9608333333333332,0.9629166666666666,-0.002083333333333437,0.023616666666666668,0.025133333333333334,-0.0015166666666666662,2.9839583333333333,2.979375,0.004583333333333162
20260921,15,0.9620833333333337,0.9629166666666666,-0.0008333333333329085,0.025466666666666665,0.025133333333333334,0.0003333333333333313,2.9785416666666666,2.979375,-0.0008333333333334636
20260921,16,0.9574999999999998,0.9629166666666666,-0.005416666666666847,0.023675,0.025133333333333334,-0.0014583333333333323,2.979375,2.979375,0.0
20260921,17,0.9629166666666666,0.9629166666666666,0.0,0.027175,0.025133333333333334,0.0020416666666666673,2.980833333333334,2.979375,0.0014583333333337833
20260921,18,0.9675000000000002,0.9629166666666666,0.004583333333333606,0.023775,0.025133333333333334,-0.001358333333333333,2.9802083333333336,2.979375,0.0008333333333334636
20260921,19,0.9637500000000003,0.9629166666666666,0.0008333333333336856,0.026933333333333333,0.025133333333333334,0.0017999999999999995,2.9799999999999995,2.979375,0.0006249999999994316
20260921,20,0.9616666666666667,0.9629166666666666,-0.0012499999999999734,0.0257,0.025133333333333334,0.0005666666666666667,2.975833333333333,2.979375,-0.0035416666666669983
20260921,21,0.9683333333333334,0.9629166666666666,0.005416666666666736,0.024083333333333335,0.025133333333333334,-0.0010499999999999989,2.9841666666666673,2.979375,0.004791666666667194
20260921,22,0.9600000000000002,0.9629166666666666,-0.0029166666666664565,0.025033333333333335,0.025133333333333334,-9.99999999999994e-5,2.979375,2.979375,0.0
20260921,23,0.9591666666666667,0.9629166666666666,-0.00374999999999992,0.025566666666666668,0.025133333333333334,0.0004333333333333342,2.9797916666666664,2.979375,0.0004166666666662877
20260921,24,0.9645833333333332,0.9629166666666666,0.0016666666666665941,0.023866666666666668,0.025133333333333334,-0.001266666666666666,2.984166666666667,2.979375,0.0047916666666667496
20260921,25,0.9633333333333335,0.9629166666666666,0.0004166666666668428,0.025441666666666668,0.025133333333333334,0.00030833333333333407,2.9831250000000002,2.979375,0.003750000000000142
20260921,26,0.9654166666666668,0.9629166666666666,0.0025000000000001688,0.0257,0.025133333333333334,0.0005666666666666667,2.9833333333333334,2.979375,0.003958333333333286
20260921,27,0.9487499999999999,0.9629166666666666,-0.014166666666666772,0.027758333333333333,0.025133333333333334,0.002624999999999999,2.98125,2.979375,0.001875000000000071
20260921,28,0.9550000000000001,0.9629166666666666,-0.007916666666666572,0.023658333333333333,0.025133333333333334,-0.0014750000000000006,2.9806249999999994,2.979375,0.0012499999999993072
20260921,29,0.9570833333333333,0.9629166666666666,-0.005833333333333357,0.02615,0.025133333333333334,0.0010166666666666657,2.9785416666666666,2.979375,-0.0008333333333334636
20260921,30,0.96125,0.9629166666666666,-0.0016666666666665941,0.023983333333333332,0.025133333333333334,-0.0011500000000000017,2.9804166666666667,2.979375,0.0010416666666666075
20260921,31,0.95625,0.9629166666666666,-0.006666666666666599,0.02493333333333333,0.025133333333333334,-0.00020000000000000226,2.978125,2.979375,-0.0012500000000001954
20260921,32,0.95875,0.9629166666666666,-0.004166666666666652,0.024058333333333334,0.025133333333333334,-0.0010749999999999996,2.986666666666667,2.979375,0.007291666666666696
20260921,33,0.9658333333333335,0.9629166666666666,0.0029166666666669006,0.025333333333333333,0.025133333333333334,0.0001999999999999988,2.9852083333333335,2.979375,0.005833333333333357
20260921,34,0.9591666666666667,0.9629166666666666,-0.00374999999999992,0.025133333333333334,0.025133333333333334,0.0,2.9833333333333334,2.979375,0.003958333333333286
20260921,35,0.9512499999999997,0.9629166666666666,-0.011666666666666936,0.0279,0.025133333333333334,0.0027666666666666673,2.974583333333333,2.979375,-0.004791666666667194
20260921,36,0.9550000000000003,0.9629166666666666,-0.00791666666666635,0.025916666666666668,0.025133333333333334,0.0007833333333333338,2.983958333333333,2.979375,0.0045833333333327175
20260921,37,0.9566666666666667,0.9629166666666666,-0.006249999999999978,0.02565833333333333,0.025133333333333334,0.0005249999999999977,2.977083333333333,2.979375,-0.002291666666667247
20260921,38,0.9649999999999999,0.9629166666666666,0.002083333333333215,0.024383333333333333,0.025133333333333334,-0.0007500000000000007,2.9877083333333334,2.979375,0.008333333333333304
20260921,39,0.9566666666666668,0.9629166666666666,-0.006249999999999867,0.02475,0.025133333333333334,-0.00038333333333333275,2.982708333333333,2.979375,0.0033333333333329662
20260921,40,0.9545833333333336,0.9629166666666666,-0.008333333333333082,0.02565,0.025133333333333334,0.0005166666666666653,2.9760416666666663,2.979375,-0.0033333333333338544
20260921,41,0.9545833333333335,0.9629166666666666,-0.008333333333333193,0.022891666666666668,0.025133333333333334,-0.002241666666666666,2.9779166666666668,2.979375,-0.0014583333333333393
20260921,42,0.9566666666666668,0.9629166666666666,-0.006249999999999867,0.025575,0.025133333333333334,0.0004416666666666666,2.9814583333333333,2.979375,0.002083333333333215
20260921,43,0.9562499999999998,0.9629166666666666,-0.006666666666666821,0.025358333333333333,0.025133333333333334,0.0002249999999999995,2.9831250000000002,2.979375,0.003750000000000142
20260921,44,0.9695833333333337,0.9629166666666666,0.006666666666667043,0.025216666666666665,0.025133333333333334,8.33333333333311e-5,2.9797916666666664,2.979375,0.0004166666666662877
20260921,45,0.9674999999999999,0.9629166666666666,0.004583333333333273,0.024325,0.025133333333333334,-0.0008083333333333345,2.9762499999999994,2.979375,-0.0031250000000007105
20260921,46,0.9508333333333334,0.9629166666666666,-0.012083333333333224,0.02765,0.025133333333333334,0.002516666666666667,2.9797916666666664,2.979375,0.0004166666666662877
20260921,47,0.9608333333333332,0.9629166666666666,-0.002083333333333437,0.024991666666666666,0.025133333333333334,-0.0001416666666666684,2.9791666666666665,2.979375,-0.00020833333333358794
20260921,48,0.9625000000000001,0.9629166666666666,-0.00041666666666650976,0.025641666666666667,0.025133333333333334,0.0005083333333333329,2.9825,2.979375,0.0031249999999998224
20260921,49,0.9587499999999999,0.9629166666666666,-0.004166666666666763,0.025516666666666667,0.025133333333333334,0.00038333333333333275,2.97375,2.979375,-0.005625000000000213
20260921,50,0.9516666666666665,0.9629166666666666,-0.011250000000000093,0.025391666666666667,0.025133333333333334,0.00025833333333333264,2.9877083333333334,2.979375,0.008333333333333304
20260922,1,0.9575000000000001,0.95625,0.0012500000000000844,0.028391666666666666,0.024866666666666665,0.0035250000000000004,2.982916666666666,2.98375,-0.0008333333333339077
20260922,2,0.9766666666666666,0.95625,0.020416666666666528,0.021841666666666665,0.024866666666666665,-0.003025,2.990833333333333,2.98375,0.007083333333332664
20260922,3,0.9583333333333333,0.95625,0.002083333333333215,0.02215,0.024866666666666665,-0.002716666666666666,2.9825,2.98375,-0.0012500000000001954
20260922,4,0.9662499999999999,0.95625,0.009999999999999898,0.022958333333333334,0.024866666666666665,-0.0019083333333333313,2.9795833333333337,2.98375,-0.00416666666666643
20260922,5,0.9608333333333337,0.95625,0.004583333333333606,0.02215,0.024866666666666665,-0.002716666666666666,2.9850000000000003,2.98375,0.0012500000000001954
20260922,6,0.9570833333333336,0.95625,0.0008333333333335746,0.024483333333333333,0.024866666666666665,-0.00038333333333333275,2.9868750000000004,2.98375,0.0031250000000002665
20260922,7,0.9670833333333337,0.95625,0.010833333333333695,0.024408333333333334,0.024866666666666665,-0.00045833333333333143,2.9833333333333334,2.98375,-0.0004166666666667318
20260922,8,0.9654166666666668,0.95625,0.009166666666666767,0.023925,0.024866666666666665,-0.000941666666666667,2.9808333333333334,2.98375,-0.0029166666666666785
20260922,9,0.9600000000000002,0.95625,0.003750000000000142,0.023508333333333332,0.024866666666666665,-0.001358333333333333,2.975833333333333,2.98375,-0.007916666666667016
20260922,10,0.9591666666666667,0.95625,0.0029166666666666785,0.023941666666666667,0.024866666666666665,-0.0009249999999999987,2.9827083333333326,2.98375,-0.0010416666666674956
20260922,11,0.9645833333333333,0.95625,0.008333333333333304,0.023133333333333332,0.024866666666666665,-0.0017333333333333333,2.9829166666666667,2.98375,-0.0008333333333334636
20260922,12,0.9604166666666668,0.95625,0.004166666666666763,0.0255,0.024866666666666665,0.000633333333333333,2.9747916666666674,2.98375,-0.008958333333332735
20260922,13,0.95625,0.95625,0.0,0.024025,0.024866666666666665,-0.0008416666666666642,2.9783333333333335,2.98375,-0.005416666666666625
20260922,14,0.9583333333333334,0.95625,0.002083333333333326,0.023341666666666667,0.024866666666666665,-0.0015249999999999986,2.9783333333333335,2.98375,-0.005416666666666625
20260922,15,0.9562500000000002,0.95625,1.1102230246251565e-16,0.025516666666666667,0.024866666666666665,0.0006500000000000013,2.972916666666667,2.98375,-0.01083333333333325
20260922,16,0.9645833333333332,0.95625,0.008333333333333193,0.023333333333333334,0.024866666666666665,-0.001533333333333331,2.981041666666667,2.98375,-0.0027083333333330906
20260922,17,0.9604166666666666,0.95625,0.004166666666666541,0.022783333333333333,0.024866666666666665,-0.002083333333333333,2.983958333333333,2.98375,0.00020833333333269977
20260922,18,0.9683333333333334,0.95625,0.012083333333333335,0.021708333333333333,0.024866666666666665,-0.0031583333333333324,2.984791666666667,2.98375,0.0010416666666670515
20260922,19,0.9654166666666668,0.95625,0.009166666666666767,0.023683333333333334,0.024866666666666665,-0.0011833333333333314,2.9831250000000002,2.98375,-0.0006249999999998757
20260922,20,0.9604166666666668,0.95625,0.004166666666666763,0.0231,0.024866666666666665,-0.0017666666666666664,2.9822916666666663,2.98375,-0.0014583333333337833
20260922,21,0.9679166666666671,0.95625,0.011666666666667047,0.023091666666666667,0.024866666666666665,-0.0017749999999999988,2.983125,2.98375,-0.0006250000000003197
20260922,22,0.9712499999999998,0.95625,0.014999999999999791,0.023825,0.024866666666666665,-0.0010416666666666664,2.9779166666666668,2.98375,-0.005833333333333357
20260922,23,0.9629166666666666,0.95625,0.006666666666666599,0.023925,0.024866666666666665,-0.000941666666666667,2.9831250000000002,2.98375,-0.0006249999999998757
20260922,24,0.9633333333333335,0.95625,0.007083333333333441,0.022991666666666667,0.024866666666666665,-0.0018749999999999982,2.9775,2.98375,-0.006250000000000089
20260922,25,0.9733333333333334,0.95625,0.01708333333333334,0.025116666666666666,0.024866666666666665,0.0002500000000000002,2.984375,2.98375,0.0006249999999998757
20260922,26,0.9637500000000001,0.95625,0.007500000000000062,0.021341666666666665,0.024866666666666665,-0.0035250000000000004,2.9872916666666667,2.98375,0.003541666666666554
20260922,27,0.9625000000000001,0.95625,0.006250000000000089,0.025008333333333334,0.024866666666666665,0.0001416666666666684,2.988125,2.98375,0.004375000000000018
20260922,28,0.9595833333333333,0.95625,0.0033333333333332993,0.0244,0.024866666666666665,-0.00046666666666666384,2.9779166666666668,2.98375,-0.005833333333333357
20260922,29,0.9629166666666669,0.95625,0.006666666666666821,0.0234,0.024866666666666665,-0.0014666666666666647,2.9856249999999998,2.98375,0.001874999999999627
20260922,30,0.9504166666666668,0.95625,-0.005833333333333246,0.024183333333333334,0.024866666666666665,-0.0006833333333333309,2.979375,2.98375,-0.004375000000000018
20260922,31,0.9666666666666668,0.95625,0.01041666666666674,0.022958333333333334,0.024866666666666665,-0.0019083333333333313,2.979166666666667,2.98375,-0.004583333333333162
20260922,32,0.9579166666666667,0.95625,0.0016666666666667052,0.024616666666666665,0.024866666666666665,-0.0002500000000000002,2.979166666666667,2.98375,-0.004583333333333162
20260922,33,0.9604166666666668,0.95625,0.004166666666666763,0.025041666666666667,0.024866666666666665,0.00017500000000000154,2.9814583333333333,2.98375,-0.002291666666666803
20260922,34,0.9620833333333334,0.95625,0.005833333333333357,0.025475,0.024866666666666665,0.0006083333333333357,2.9785416666666666,2.98375,-0.005208333333333481
20260922,35,0.9549999999999997,0.95625,-0.0012500000000003064,0.024733333333333333,0.024866666666666665,-0.00013333333333333253,2.983958333333333,2.98375,0.00020833333333269977
20260922,36,0.9604166666666668,0.95625,0.004166666666666763,0.023875,0.024866666666666665,-0.000991666666666665,2.981875,2.98375,-0.001875000000000071
20260922,37,0.9616666666666667,0.95625,0.005416666666666625,0.022766666666666668,0.024866666666666665,-0.0020999999999999977,2.979791666666667,2.98375,-0.003958333333333286
20260922,38,0.9645833333333336,0.95625,0.008333333333333526,0.023675,0.024866666666666665,-0.0011916666666666638,2.9835416666666665,2.98375,-0.00020833333333358794
20260922,39,0.9583333333333336,0.95625,0.002083333333333548,0.023325,0.024866666666666665,-0.0015416666666666669,2.986041666666666,2.98375,0.0022916666666659147
20260922,40,0.9549999999999998,0.95625,-0.0012500000000001954,0.024466666666666668,0.024866666666666665,-0.0003999999999999976,2.9806250000000003,2.98375,-0.0031249999999998224
20260922,41,0.9670833333333336,0.95625,0.010833333333333584,0.02375,0.024866666666666665,-0.0011166666666666651,2.9837500000000006,2.98375,4.440892098500626e-16
20260922,42,0.9612499999999999,0.95625,0.004999999999999893,0.024758333333333334,0.024866666666666665,-0.00010833333333333181,2.986875,2.98375,0.0031249999999998224
20260922,43,0.9616666666666666,0.95625,0.005416666666666514,0.024783333333333334,0.024866666666666665,-8.33333333333311e-5,2.9839583333333333,2.98375,0.00020833333333314386
20260922,44,0.9587500000000002,0.95625,0.0025000000000001688,0.0266,0.024866666666666665,0.0017333333333333333,2.9835416666666665,2.98375,-0.00020833333333358794
20260922,45,0.9558333333333332,0.95625,-0.0004166666666668428,0.025183333333333332,0.024866666666666665,0.0003166666666666665,2.98125,2.98375,-0.0024999999999999467
20260922,46,0.9645833333333333,0.95625,0.008333333333333304,0.025483333333333334,0.024866666666666665,0.0006166666666666681,2.9841666666666664,2.98375,0.0004166666666662877
20260922,47,0.9566666666666668,0.95625,0.0004166666666667318,0.02205,0.024866666666666665,-0.0028166666666666652,2.979791666666667,2.98375,-0.003958333333333286
20260922,48,0.9654166666666667,0.95625,0.009166666666666656,0.023175,0.024866666666666665,-0.0016916666666666642,2.980833333333333,2.98375,-0.0029166666666671226
20260922,49,0.9704166666666666,0.95625,0.01416666666666655,0.024683333333333335,0.024866666666666665,-0.0001833333333333305,2.9856249999999998,2.98375,0.001874999999999627
20260922,50,0.9608333333333338,0.95625,0.004583333333333717,0.022833333333333334,0.024866666666666665,-0.0020333333333333314,2.9770833333333337,2.98375,-0.0066666666666663765
20260923,1,0.9575000000000001,0.9549999999999997,0.002500000000000391,0.030483333333333335,0.024758333333333334,0.005725000000000001,2.9802083333333336,2.9810416666666666,-0.0008333333333330195
20260923,2,0.9645833333333336,0.9549999999999997,0.009583333333333832,0.021191666666666668,0.024758333333333334,-0.003566666666666666,2.9839583333333333,2.9810416666666666,0.0029166666666666785
20260923,3,0.9654166666666667,0.9549999999999997,0.010416666666666963,0.022358333333333334,0.024758333333333334,-0.0023999999999999994,2.9854166666666666,2.9810416666666666,0.004375000000000018
20260923,4,0.9570833333333336,0.9549999999999997,0.002083333333333881,0.022616666666666667,0.024758333333333334,-0.0021416666666666667,2.982291666666667,2.9810416666666666,0.0012500000000001954
20260923,5,0.9675,0.9549999999999997,0.012500000000000289,0.02255,0.024758333333333334,-0.002208333333333333,2.9825,2.9810416666666666,0.0014583333333333393
20260923,6,0.9704166666666667,0.9549999999999997,0.015416666666666967,0.023875,0.024758333333333334,-0.0008833333333333332,2.9808333333333334,2.9810416666666666,-0.00020833333333314386
20260923,7,0.9595833333333335,0.9549999999999997,0.004583333333333717,0.026391666666666667,0.024758333333333334,0.0016333333333333339,2.9775,2.9810416666666666,-0.003541666666666554
20260923,8,0.9620833333333332,0.9549999999999997,0.007083333333333441,0.024825,0.024758333333333334,6.666666666666626e-5,2.9920833333333334,2.9810416666666666,0.011041666666666838
20260923,9,0.8345833333333331,0.9549999999999997,-0.12041666666666662,0.03169166666666667,0.024758333333333334,0.006933333333333333,2.98125,2.9810416666666666,0.00020833333333358794
20260923,10,0.9550000000000001,0.9549999999999997,3.3306690738754696e-16,0.023191666666666666,0.024758333333333334,-0.0015666666666666676,2.9837499999999997,2.9810416666666666,0.0027083333333330906
20260923,11,0.9612499999999999,0.9549999999999997,0.0062500000000002,0.024783333333333334,0.024758333333333334,2.5000000000000716e-5,2.977291666666667,2.9810416666666666,-0.003749999999999698
20260923,12,0.9554166666666669,0.9549999999999997,0.0004166666666671759,0.023083333333333334,0.024758333333333334,-0.0016749999999999994,2.979166666666667,2.9810416666666666,-0.001874999999999627
20260923,13,0.9604166666666666,0.9549999999999997,0.005416666666666847,0.025108333333333333,0.024758333333333334,0.0003499999999999996,2.9835416666666665,2.9810416666666666,0.0024999999999999467
20260923,14,0.9708333333333334,0.9549999999999997,0.0158333333333337,0.021933333333333332,0.024758333333333334,-0.002825000000000001,2.982083333333333,2.9810416666666666,0.0010416666666666075
20260923,15,0.9658333333333335,0.9549999999999997,0.010833333333333806,0.024716666666666668,0.024758333333333334,-4.166666666666555e-5,2.9781250000000004,2.9810416666666666,-0.0029166666666662344
20260923,16,0.9675000000000002,0.9549999999999997,0.01250000000000051,0.02178333333333333,0.024758333333333334,-0.002975000000000002,2.9845833333333336,2.9810416666666666,0.0035416666666669983
20260923,17,0.9620833333333335,0.9549999999999997,0.0070833333333337745,0.025075,0.024758333333333334,0.0003166666666666665,2.9831249999999994,2.9810416666666666,0.002083333333332771
20260923,18,0.9666666666666668,0.9549999999999997,0.011666666666667047,0.023816666666666667,0.024758333333333334,-0.000941666666666667,2.9793749999999997,2.9810416666666666,-0.0016666666666669272
20260923,19,0.9600000000000002,0.9549999999999997,0.0050000000000004485,0.024408333333333334,0.024758333333333334,-0.0003499999999999996,2.9825000000000004,2.9810416666666666,0.0014583333333337833
20260923,20,0.9675,0.9549999999999997,0.012500000000000289,0.023308333333333334,0.024758333333333334,-0.00145,2.9831250000000002,2.9810416666666666,0.002083333333333659
20260923,21,0.9529166666666669,0.9549999999999997,-0.002083333333332882,0.025766666666666667,0.024758333333333334,0.0010083333333333333,2.9779166666666663,2.9810416666666666,-0.0031250000000002665
20260923,22,0.9533333333333331,0.9549999999999997,-0.0016666666666665941,0.027325,0.024758333333333334,0.002566666666666665,2.9770833333333337,2.9810416666666666,-0.003958333333332842
20260923,23,0.9604166666666666,0.9549999999999997,0.005416666666666847,0.024066666666666667,0.024758333333333334,-0.0006916666666666668,2.9752083333333337,2.9810416666666666,-0.005833333333332913
20260923,24,0.9604166666666668,0.9549999999999997,0.005416666666667069,0.025258333333333334,0.024758333333333334,0.0005000000000000004,2.9812499999999997,2.9810416666666666,0.00020833333333314386
20260923,25,0.9608333333333334,0.9549999999999997,0.00583333333333369,0.023441666666666666,0.024758333333333334,-0.0013166666666666674,2.9795833333333337,2.9810416666666666,-0.0014583333333328952
20260923,26,0.9633333333333333,0.9549999999999997,0.008333333333333526,0.023983333333333332,0.024758333333333334,-0.0007750000000000014,2.980208333333333,2.9810416666666666,-0.0008333333333334636
20260923,27,0.9704166666666669,0.9549999999999997,0.01541666666666719,0.0246,0.024758333333333334,-0.00015833333333333324,2.979375,2.9810416666666666,-0.0016666666666664831
20260923,28,0.9662500000000002,0.9549999999999997,0.011250000000000426,0.024975,0.024758333333333334,0.0002166666666666671,2.9789583333333334,2.9810416666666666,-0.002083333333333215
20260923,29,0.9691666666666665,0.9549999999999997,0.014166666666666772,0.024008333333333333,0.024758333333333334,-0.0007500000000000007,2.9833333333333334,2.9810416666666666,0.002291666666666803
20260923,30,0.9633333333333335,0.9549999999999997,0.008333333333333748,0.024466666666666668,0.024758333333333334,-0.00029166666666666577,2.9872916666666667,2.9810416666666666,0.006250000000000089
20260923,31,0.95875,0.9549999999999997,0.003750000000000253,0.024733333333333333,0.024758333333333334,-2.5000000000000716e-5,2.9833333333333334,2.9810416666666666,0.002291666666666803
20260923,32,0.9704166666666669,0.9549999999999997,0.01541666666666719,0.023158333333333333,0.024758333333333334,-0.0016000000000000007,2.98,2.9810416666666666,-0.0010416666666666075
20260923,33,0.9654166666666665,0.9549999999999997,0.01041666666666674,0.023666666666666666,0.024758333333333334,-0.0010916666666666679,2.982083333333333,2.9810416666666666,0.0010416666666666075
20260923,34,0.9683333333333334,0.9549999999999997,0.013333333333333641,0.023808333333333334,0.024758333333333334,-0.0009499999999999995,2.9827083333333335,2.9810416666666666,0.0016666666666669272
20260923,35,0.9629166666666664,0.9549999999999997,0.007916666666666683,0.023566666666666666,0.024758333333333334,-0.0011916666666666673,2.9816666666666665,2.9810416666666666,0.0006249999999998757
20260923,36,0.9629166666666669,0.9549999999999997,0.007916666666667127,0.023658333333333333,0.024758333333333334,-0.0011000000000000003,2.975625,2.9810416666666666,-0.005416666666666625
20260923,37,0.9595833333333337,0.9549999999999997,0.004583333333333939,0.025491666666666666,0.024758333333333334,0.0007333333333333324,2.9775,2.9810416666666666,-0.003541666666666554
20260923,38,0.9587499999999999,0.9549999999999997,0.003750000000000142,0.023816666666666667,0.024758333333333334,-0.000941666666666667,2.982083333333333,2.9810416666666666,0.0010416666666666075
20260923,39,0.9579166666666664,0.9549999999999997,0.0029166666666666785,0.023883333333333333,0.024758333333333334,-0.0008750000000000008,2.9766666666666666,2.9810416666666666,-0.004375000000000018
20260923,40,0.9654166666666667,0.9549999999999997,0.010416666666666963,0.02165,0.024758333333333334,-0.0031083333333333345,2.9814583333333333,2.9810416666666666,0.0004166666666667318
20260923,41,0.9679166666666668,0.9549999999999997,0.01291666666666702,0.023975,0.024758333333333334,-0.0007833333333333338,2.984375,2.9810416666666666,0.0033333333333334103
20260923,42,0.9562499999999998,0.9549999999999997,0.0012500000000000844,0.02515,0.024758333333333334,0.00039166666666666516,2.9839583333333337,2.9810416666666666,0.0029166666666671226
20260923,43,0.9704166666666667,0.9549999999999997,0.015416666666666967,0.024866666666666665,0.024758333333333334,0.00010833333333333181,2.9825,2.9810416666666666,0.0014583333333333393
20260923,44,0.9633333333333336,0.9549999999999997,0.008333333333333859,0.02405,0.024758333333333334,-0.0007083333333333351,2.978125,2.9810416666666666,-0.0029166666666666785
20260923,45,0.9649999999999996,0.9549999999999997,0.009999999999999898,0.02275,0.024758333333333334,-0.002008333333333334,2.9741666666666666,2.9810416666666666,-0.0068749999999999645
20260923,46,0.9570833333333335,0.9549999999999997,0.00208333333333377,0.025175,0.024758333333333334,0.0004166666666666659,2.98,2.9810416666666666,-0.0010416666666666075
20260923,47,0.96125,0.9549999999999997,0.006250000000000311,0.023583333333333335,0.024758333333333334,-0.001174999999999999,2.9831250000000002,2.9810416666666666,0.002083333333333659
20260923,48,0.9574999999999999,0.9549999999999997,0.0025000000000001688,0.0251,0.024758333333333334,0.0003416666666666672,2.9841666666666664,2.9810416666666666,0.0031249999999998224
20260923,49,0.9608333333333332,0.9549999999999997,0.005833333333333468,0.024325,0.024758333333333334,-0.0004333333333333342,2.97375,2.9810416666666666,-0.007291666666666696
20260923,50,0.9599999999999997,0.9549999999999997,0.0050000000000000044,0.0239,0.024758333333333334,-0.0008583333333333325,2.9804166666666667,2.9810416666666666,-0.0006249999999998757
20260924,1,0.96,0.9641666666666666,-0.004166666666666652,0.029583333333333333,0.024991666666666666,0.0045916666666666675,2.9841666666666664,2.9808333333333334,0.0033333333333329662
20260924,2,0.9691666666666668,0.9641666666666666,0.0050000000000002265,0.022316666666666665,0.024991666666666666,-0.0026750000000000003,2.9872916666666667,2.9808333333333334,0.006458333333333233
20260924,3,0.9712500000000001,0.9641666666666666,0.007083333333333441,0.022291666666666668,0.024991666666666666,-0.0026999999999999975,2.9827083333333335,2.9808333333333334,0.001875000000000071
20260924,4,0.7474999999999999,0.9641666666666666,-0.21666666666666667,0.03755833333333333,0.024991666666666666,0.012566666666666667,2.9772916666666664,2.9808333333333334,-0.0035416666666669983
20260924,5,0.9608333333333334,0.9641666666666666,-0.0033333333333331883,0.023991666666666668,0.024991666666666666,-0.0009999999999999974,2.976458333333333,2.9808333333333334,-0.004375000000000462
20260924,6,0.9633333333333332,0.9641666666666666,-0.0008333333333334636,0.025675,0.024991666666666666,0.0006833333333333344,2.981041666666667,2.9808333333333334,0.00020833333333358794
20260924,7,0.9637499999999999,0.9641666666666666,-0.0004166666666667318,0.023291666666666665,0.024991666666666666,-0.0017000000000000001,2.9814583333333333,2.9808333333333334,0.0006249999999998757
20260924,8,0.9604166666666666,0.9641666666666666,-0.003750000000000031,0.023016666666666668,0.024991666666666666,-0.0019749999999999976,2.9864583333333337,2.9808333333333334,0.005625000000000213
20260924,9,0.7725000000000001,0.9641666666666666,-0.19166666666666654,0.03734166666666667,0.024991666666666666,0.012350000000000003,2.9752083333333337,2.9808333333333334,-0.005624999999999769
20260924,10,0.9641666666666667,0.9641666666666666,1.1102230246251565e-16,0.02465,0.024991666666666666,-0.0003416666666666672,2.9774999999999996,2.9808333333333334,-0.0033333333333338544
20260924,11,0.9608333333333332,0.9641666666666666,-0.0033333333333334103,0.024741666666666665,0.024991666666666666,-0.0002500000000000002,2.9727083333333333,2.9808333333333334,-0.00812500000000016
20260924,12,0.9754166666666668,0.9641666666666666,0.011250000000000204,0.023758333333333333,0.024991666666666666,-0.0012333333333333328,2.9847916666666663,2.9808333333333334,0.003958333333332842
20260924,13,0.9683333333333334,0.9641666666666666,0.004166666666666763,0.023841666666666667,0.024991666666666666,-0.0011499999999999982,2.9852083333333335,2.9808333333333334,0.004375000000000018
20260924,14,0.9737500000000001,0.9641666666666666,0.009583333333333499,0.024375,0.024991666666666666,-0.0006166666666666647,2.9864583333333337,2.9808333333333334,0.005625000000000213
20260924,15,0.9629166666666669,0.9641666666666666,-0.0012499999999997513,0.023816666666666667,0.024991666666666666,-0.001174999999999999,2.9804166666666667,2.9808333333333334,-0.0004166666666667318
20260924,16,0.9658333333333333,0.9641666666666666,0.0016666666666667052,0.025083333333333332,0.024991666666666666,9.166666666666698e-5,2.978541666666666,2.9808333333333334,-0.002291666666667247
20260924,17,0.9645833333333336,0.9641666666666666,0.00041666666666695384,0.023108333333333335,0.024991666666666666,-0.0018833333333333306,2.9785416666666666,2.9808333333333334,-0.002291666666666803
20260924,18,0.9625000000000001,0.9641666666666666,-0.0016666666666664831,0.023391666666666668,0.024991666666666666,-0.0015999999999999973,2.9804166666666667,2.9808333333333334,-0.0004166666666667318
20260924,19,0.9658333333333335,0.9641666666666666,0.0016666666666669272,0.022908333333333333,0.024991666666666666,-0.002083333333333333,2.9825000000000004,2.9808333333333334,0.0016666666666669272
20260924,20,0.9579166666666667,0.9641666666666666,-0.006249999999999867,0.024425,0.024991666666666666,-0.0005666666666666667,2.9752083333333337,2.9808333333333334,-0.005624999999999769
20260924,21,0.9595833333333335,0.9641666666666666,-0.004583333333333162,0.024275,0.024991666666666666,-0.0007166666666666641,2.9800000000000004,2.9808333333333334,-0.0008333333333330195
20260924,22,0.9733333333333334,0.9641666666666666,0.009166666666666767,0.023066666666666666,0.024991666666666666,-0.0019249999999999996,2.981875,2.9808333333333334,0.0010416666666666075
20260924,23,0.96125,0.9641666666666666,-0.0029166666666665675,0.024775,0.024991666666666666,-0.0002166666666666671,2.9835416666666665,2.9808333333333334,0.0027083333333330906
20260924,24,0.9729166666666668,0.9641666666666666,0.008750000000000147,0.023575,0.024991666666666666,-0.0014166666666666668,2.9839583333333333,2.9808333333333334,0.0031249999999998224
20260924,25,0.9637500000000001,0.9641666666666666,-0.00041666666666650976,0.026933333333333333,0.024991666666666666,0.001941666666666668,2.9712499999999995,2.9808333333333334,-0.009583333333333943
20260924,26,0.9662500000000002,0.9641666666666666,0.002083333333333548,0.025833333333333333,0.024991666666666666,0.0008416666666666676,2.984583333333333,2.9808333333333334,0.003749999999999698
20260924,27,0.9620833333333337,0.9641666666666666,-0.002083333333332882,0.023108333333333335,0.024991666666666666,-0.0018833333333333306,2.98125,2.9808333333333334,0.0004166666666667318
20260924,28,0.9600000000000002,0.9641666666666666,-0.00416666666666643,0.025575,0.024991666666666666,0.000583333333333335,2.982916666666667,2.9808333333333334,0.002083333333333659
20260924,29,0.9608333333333337,0.9641666666666666,-0.0033333333333329662,0.02375,0.024991666666666666,-0.0012416666666666652,2.986666666666667,2.9808333333333334,0.005833333333333357
20260924,30,0.9637500000000003,0.9641666666666666,-0.0004166666666662877,0.025133333333333334,0.024991666666666666,0.0001416666666666684,2.9766666666666666,2.9808333333333334,-0.004166666666666874
20260924,31,0.9591666666666668,0.9641666666666666,-0.004999999999999782,0.023491666666666668,0.024991666666666666,-0.0014999999999999979,2.9824999999999995,2.9808333333333334,0.001666666666666039
20260924,32,0.9641666666666666,0.9641666666666666,0.0,0.023558333333333334,0.024991666666666666,-0.0014333333333333316,2.983125,2.9808333333333334,0.0022916666666663588
20260924,33,0.9625,0.9641666666666666,-0.0016666666666665941,0.025991666666666666,0.024991666666666666,0.0010000000000000009,2.982291666666667,2.9808333333333334,0.0014583333333333393
20260924,34,0.9604166666666668,0.9641666666666666,-0.003749999999999809,0.026041666666666668,0.024991666666666666,0.0010500000000000023,2.9825000000000004,2.9808333333333334,0.0016666666666669272
20260924,35,0.9604166666666668,0.9641666666666666,-0.003749999999999809,0.023875,0.024991666666666666,-0.0011166666666666651,2.979166666666667,2.9808333333333334,-0.0016666666666664831
20260924,36,0.96125,0.9641666666666666,-0.0029166666666665675,0.02424166666666667,0.024991666666666666,-0.0007499999999999972,2.9833333333333334,2.9808333333333334,0.0024999999999999467
20260924,37,0.9570833333333333,0.9641666666666666,-0.00708333333333333,0.026658333333333332,0.024991666666666666,0.001666666666666667,2.97375,2.9808333333333334,-0.007083333333333552
20260924,38,0.9629166666666669,0.9641666666666666,-0.0012499999999997513,0.024658333333333334,0.024991666666666666,-0.0003333333333333313,2.9862499999999996,2.9808333333333334,0.005416666666666181
20260924,39,0.9566666666666667,0.9641666666666666,-0.007499999999999951,0.025275,0.024991666666666666,0.00028333333333333335,2.9795833333333333,2.9808333333333334,-0.0012500000000001954
20260924,40,0.9620833333333332,0.9641666666666666,-0.002083333333333437,0.026575,0.024991666666666666,0.001583333333333336,2.9829166666666667,2.9808333333333334,0.002083333333333215
20260924,41,0.9662500000000002,0.9641666666666666,0.002083333333333548,0.02515,0.024991666666666666,0.00015833333333333324,2.979166666666667,2.9808333333333334,-0.0016666666666664831
20260924,42,0.9545833333333335,0.9641666666666666,-0.009583333333333166,0.026133333333333335,0.024991666666666666,0.0011416666666666693,2.9764583333333334,2.9808333333333334,-0.004375000000000018
20260924,43,0.9566666666666668,0.9641666666666666,-0.00749999999999984,0.0234,0.024991666666666666,-0.0015916666666666648,2.9835416666666665,2.9808333333333334,0.0027083333333330906
20260924,44,0.9570833333333335,0.9641666666666666,-0.007083333333333108,0.026108333333333334,0.024991666666666666,0.0011166666666666686,2.9808333333333334,2.9808333333333334,0.0
20260924,45,0.9670833333333333,0.9641666666666666,0.0029166666666666785,0.023741666666666668,0.024991666666666666,-0.0012499999999999976,2.9820833333333336,2.9808333333333334,0.0012500000000001954
20260924,46,0.9516666666666668,0.9641666666666666,-0.012499999999999845,0.02485,0.024991666666666666,-0.00014166666666666494,2.9827083333333335,2.9808333333333334,0.001875000000000071
20260924,47,0.9650000000000001,0.9641666666666666,0.0008333333333334636,0.025025,0.024991666666666666,3.333333333333313e-5,2.9804166666666667,2.9808333333333334,-0.0004166666666667318
20260924,48,0.9549999999999997,0.9641666666666666,-0.009166666666666878,0.024683333333333335,0.024991666666666666,-0.0003083333333333306,2.978125,2.9808333333333334,-0.0027083333333335347
20260924,49,0.9579166666666665,0.9641666666666666,-0.006250000000000089,0.025,0.024991666666666666,8.333333333335885e-6,2.9802083333333336,2.9808333333333334,-0.0006249999999998757
20260924,50,0.9704166666666667,0.9641666666666666,0.006250000000000089,0.026433333333333333,0.024991666666666666,0.0014416666666666675,2.9770833333333333,2.9808333333333334,-0.003750000000000142
20260925,1,0.9579166666666665,0.9508333333333334,0.007083333333333108,0.029991666666666666,0.02515,0.004841666666666668,2.9860416666666665,2.9781249999999995,0.007916666666667016
20260925,2,0.9637500000000003,0.9508333333333334,0.01291666666666691,0.023116666666666667,0.02515,-0.0020333333333333314,2.9839583333333333,2.9781249999999995,0.005833333333333801
20260925,3,0.9579166666666665,0.9508333333333334,0.007083333333333108,0.023058333333333333,0.02515,-0.0020916666666666653,2.9835416666666665,2.9781249999999995,0.005416666666667069
20260925,4,0.95875,0.9508333333333334,0.007916666666666572,0.023275,0.02515,-0.0018749999999999982,2.98125,2.9781249999999995,0.0031250000000007105
20260925,5,0.9645833333333332,0.9508333333333334,0.013749999999999818,0.023225,0.02515,-0.0019249999999999996,2.9866666666666672,2.9781249999999995,0.00854166666666778
20260925,6,0.9650000000000001,0.9508333333333334,0.01416666666666666,0.024166666666666666,0.02515,-0.0009833333333333326,2.9804166666666667,2.9781249999999995,0.002291666666667247
20260925,7,0.9675,0.9508333333333334,0.016666666666666607,0.0222,0.02515,-0.0029499999999999978,2.9799999999999995,2.9781249999999995,0.001875000000000071
20260925,8,0.9595833333333333,0.9508333333333334,0.008749999999999925,0.024575,0.02515,-0.0005749999999999991,2.980416666666667,2.9781249999999995,0.002291666666667691
20260925,9,0.9695833333333335,0.9508333333333334,0.018750000000000044,0.022091666666666666,0.02515,-0.003058333333333333,2.9795833333333333,2.9781249999999995,0.0014583333333337833
20260925,10,0.9608333333333334,0.9508333333333334,0.010000000000000009,0.024341666666666668,0.02515,-0.000808333333333331,2.9766666666666666,2.9781249999999995,-0.0014583333333328952
20260925,11,0.9620833333333334,0.9508333333333334,0.011249999999999982,0.024808333333333335,0.02515,-0.00034166666666666373,2.982291666666667,2.9781249999999995,0.004166666666667318
20260925,12,0.9570833333333335,0.9508333333333334,0.006250000000000089,0.024675,0.02515,-0.00047499999999999973,2.975625,2.9781249999999995,-0.0024999999999995026
20260925,13,0.9579166666666665,0.9508333333333334,0.007083333333333108,0.023633333333333333,0.02515,-0.0015166666666666662,2.977291666666667,2.9781249999999995,-0.0008333333333325754
20260925,14,0.9708333333333334,0.9508333333333334,0.020000000000000018,0.023033333333333333,0.02515,-0.002116666666666666,2.98125,2.9781249999999995,0.0031250000000007105
20260925,15,0.9612499999999999,0.9508333333333334,0.010416666666666519,0.022391666666666667,0.02515,-0.0027583333333333314,2.982083333333333,2.9781249999999995,0.00395833333333373
20260925,16,0.9645833333333336,0.9508333333333334,0.013750000000000151,0.022725,0.02515,-0.002425,2.987708333333334,2.9781249999999995,0.009583333333334387
20260925,17,0.9616666666666667,0.9508333333333334,0.01083333333333325,0.024066666666666667,0.02515,-0.001083333333333332,2.981666666666667,2.9781249999999995,0.0035416666666674423
20260925,18,0.9633333333333335,0.9508333333333334,0.012500000000000067,0.023691666666666666,0.02515,-0.0014583333333333323,2.982083333333333,2.9781249999999995,0.00395833333333373
20260925,19,0.9641666666666667,0.9508333333333334,0.013333333333333308,0.022733333333333335,0.02515,-0.002416666666666664,2.9772916666666664,2.9781249999999995,-0.0008333333333330195
20260925,20,0.9662500000000002,0.9508333333333334,0.015416666666666745,0.024358333333333333,0.02515,-0.0007916666666666662,2.9770833333333337,2.9781249999999995,-0.0010416666666657193
20260925,21,0.9591666666666667,0.9508333333333334,0.008333333333333304,0.023608333333333332,0.02515,-0.0015416666666666669,2.979375,2.9781249999999995,0.0012500000000006395
20260925,22,0.9541666666666666,0.9508333333333334,0.0033333333333331883,0.025933333333333333,0.02515,0.0007833333333333338,2.9770833333333333,2.9781249999999995,-0.0010416666666661634
20260925,23,0.9629166666666666,0.9508333333333334,0.012083333333333224,0.022891666666666668,0.02515,-0.002258333333333331,2.982708333333333,2.9781249999999995,0.004583333333333606
20260925,24,0.9612500000000003,0.9508333333333334,0.010416666666666852,0.023916666666666666,0.02515,-0.0012333333333333328,2.9843749999999996,2.9781249999999995,0.006250000000000089
20260925,25,0.9625,0.9508333333333334,0.011666666666666603,0.023683333333333334,0.02515,-0.0014666666666666647,2.983541666666667,2.9781249999999995,0.005416666666667513
20260925,26,0.9549999999999998,0.9508333333333334,0.00416666666666643,0.023158333333333333,0.02515,-0.001991666666666666,2.981041666666667,2.9781249999999995,0.0029166666666675667
20260925,27,0.9658333333333333,0.9508333333333334,0.014999999999999902,0.025366666666666666,0.02515,0.0002166666666666671,2.9829166666666667,2.9781249999999995,0.004791666666667194
20260925,28,0.9549999999999998,0.9508333333333334,0.00416666666666643,0.024408333333333334,0.02515,-0.0007416666666666648,2.9783333333333335,2.9781249999999995,0.00020833333333403203
20260925,29,0.9558333333333335,0.9508333333333334,0.0050000000000001155,0.025533333333333335,0.02515,0.0003833333333333362,2.9760416666666667,2.9781249999999995,-0.002083333333332771
20260925,30,0.95625,0.9508333333333334,0.005416666666666625,0.023958333333333335,0.02515,-0.0011916666666666638,2.981875,2.9781249999999995,0.003750000000000586
20260925,31,0.9574999999999999,0.9508333333333334,0.0066666666666664876,0.024525,0.02515,-0.0006249999999999971,2.977291666666667,2.9781249999999995,-0.0008333333333325754
20260925,32,0.9625,0.9508333333333334,0.011666666666666603,0.023975,0.02515,-0.001174999999999999,2.9833333333333334,2.9781249999999995,0.0052083333333339255
20260925,33,0.9491666666666667,0.9508333333333334,-0.0016666666666667052,0.026591666666666666,0.02515,0.0014416666666666675,2.975,2.9781249999999995,-0.0031249999999993783
20260925,34,0.9666666666666666,0.9508333333333334,0.015833333333333144,0.024958333333333332,0.02515,-0.00019166666666666637,2.981875,2.9781249999999995,0.003750000000000586
20260925,35,0.9654166666666667,0.9508333333333334,0.014583333333333282,0.024758333333333334,0.02515,-0.00039166666666666516,2.976458333333334,2.9781249999999995,-0.001666666666665595
20260925,36,0.9616666666666669,0.9508333333333334,0.010833333333333472,0.024841666666666668,0.02515,-0.0003083333333333306,2.980833333333333,2.9781249999999995,0.0027083333333335347
20260925,37,0.9566666666666668,0.9508333333333334,0.005833333333333357,0.025316666666666668,0.02515,0.00016666666666666913,2.9733333333333336,2.9781249999999995,-0.004791666666665861
20260925,38,0.9670833333333333,0.9508333333333334,0.016249999999999876,0.02263333333333333,0.02515,-0.002516666666666667,2.9775,2.9781249999999995,-0.0006249999999994316
20260925,39,0.9650000000000001,0.9508333333333334,0.01416666666666666,0.024283333333333334,0.02515,-0.0008666666666666649,2.979375,2.9781249999999995,0.0012500000000006395
20260925,40,0.9620833333333334,0.9508333333333334,0.011249999999999982,0.024025,0.02515,-0.0011249999999999975,2.9806250000000003,2.9781249999999995,0.002500000000000835
20260925,41,0.96125,0.9508333333333334,0.01041666666666663,0.02666666666666667,0.02515,0.0015166666666666696,2.980625,2.9781249999999995,0.002500000000000391
20260925,42,0.9633333333333335,0.9508333333333334,0.012500000000000067,0.025283333333333335,0.02515,0.000133333333333336,2.986041666666667,2.9781249999999995,0.00791666666666746
20260925,43,0.96,0.9508333333333334,0.009166666666666545,0.024641666666666666,0.02515,-0.0005083333333333329,2.981875,2.9781249999999995,0.003750000000000586
20260925,44,0.9637500000000001,0.9508333333333334,0.012916666666666687,0.025,0.02515,-0.00014999999999999736,2.9783333333333335,2.9781249999999995,0.00020833333333403203
20260925,45,0.9679166666666668,0.9508333333333334,0.01708333333333334,0.024283333333333334,0.02515,-0.0008666666666666649,2.9872916666666667,2.9781249999999995,0.009166666666667211
20260925,46,0.9600000000000002,0.9508333333333334,0.009166666666666767,0.024558333333333335,0.02515,-0.000591666666666664,2.982916666666666,2.9781249999999995,0.0047916666666667496
20260925,47,0.9650000000000001,0.9508333333333334,0.01416666666666666,0.024291666666666666,0.02515,-0.0008583333333333325,2.982083333333333,2.9781249999999995,0.00395833333333373
20260925,48,0.9604166666666665,0.9508333333333334,0.009583333333333055,0.025383333333333334,0.02515,0.0002333333333333354,2.9791666666666665,2.9781249999999995,0.0010416666666670515
20260925,49,0.96125,0.9508333333333334,0.01041666666666663,0.026125,0.02515,0.0009750000000000002,2.980208333333333,2.9781249999999995,0.002083333333333659
20260925,50,0.9570833333333335,0.9508333333333334,0.006250000000000089,0.025675,0.02515,0.0005250000000000012,2.9839583333333333,2.9781249999999995,0.005833333333333801
20260926,1,0.96125,0.9729166666666667,-0.011666666666666603,0.029775,0.023141666666666668,0.006633333333333331,2.9814583333333333,2.9827083333333335,-0.0012500000000001954
20260926,2,0.9691666666666668,0.9729166666666667,-0.003749999999999809,0.020808333333333335,0.023141666666666668,-0.002333333333333333,2.9808333333333334,2.9827083333333335,-0.001875000000000071
20260926,3,0.9641666666666667,0.9729166666666667,-0.008749999999999925,0.022316666666666665,0.023141666666666668,-0.0008250000000000028,2.9854166666666666,2.9827083333333335,0.0027083333333330906
20260926,4,0.9620833333333335,0.9729166666666667,-0.01083333333333314,0.024483333333333333,0.023141666666666668,0.0013416666666666646,2.9814583333333333,2.9827083333333335,-0.0012500000000001954
20260926,5,0.9625,0.9729166666666667,-0.01041666666666663,0.023558333333333334,0.023141666666666668,0.0004166666666666659,2.9825000000000004,2.9827083333333335,-0.00020833333333314386
20260926,6,0.9687499999999998,0.9729166666666667,-0.004166666666666874,0.023291666666666665,0.023141666666666668,0.00014999999999999736,2.9897916666666666,2.9827083333333335,0.007083333333333108
20260926,7,0.9591666666666667,0.9729166666666667,-0.013749999999999929,0.023933333333333334,0.023141666666666668,0.0007916666666666662,2.9891666666666667,2.9827083333333335,0.006458333333333233
20260926,8,0.9704166666666669,0.9729166666666667,-0.0024999999999997247,0.023916666666666666,0.023141666666666668,0.0007749999999999979,2.9814583333333333,2.9827083333333335,-0.0012500000000001954
20260926,9,0.96125,0.9729166666666667,-0.011666666666666603,0.023125,0.023141666666666668,-1.66666666666683e-5,2.9839583333333333,2.9827083333333335,0.0012499999999997513
20260926,10,0.9537499999999998,0.9729166666666667,-0.019166666666666887,0.023508333333333332,0.023141666666666668,0.00036666666666666445,2.9814583333333333,2.9827083333333335,-0.0012500000000001954
20260926,11,0.9658333333333337,0.9729166666666667,-0.007083333333332997,0.024225,0.023141666666666668,0.001083333333333332,2.9810416666666666,2.9827083333333335,-0.0016666666666669272
20260926,12,0.9666666666666668,0.9729166666666667,-0.006249999999999867,0.02424166666666667,0.023141666666666668,0.0011000000000000003,2.9829166666666667,2.9827083333333335,0.00020833333333314386
20260926,13,0.9666666666666668,0.9729166666666667,-0.006249999999999867,0.023975,0.023141666666666668,0.0008333333333333318,2.9825,2.9827083333333335,-0.00020833333333358794
20260926,14,0.9658333333333333,0.9729166666666667,-0.00708333333333333,0.025366666666666666,0.023141666666666668,0.002224999999999998,2.98375,2.9827083333333335,0.0010416666666666075
20260926,15,0.9566666666666668,0.9729166666666667,-0.016249999999999876,0.025675,0.023141666666666668,0.002533333333333332,2.978541666666667,2.9827083333333335,-0.00416666666666643
20260926,16,0.9629166666666669,0.9729166666666667,-0.009999999999999787,0.023975,0.023141666666666668,0.0008333333333333318,2.9814583333333333,2.9827083333333335,-0.0012500000000001954
20260926,17,0.9612499999999999,0.9729166666666667,-0.011666666666666714,0.02475,0.023141666666666668,0.0016083333333333331,2.9820833333333336,2.9827083333333335,-0.0006249999999998757
20260926,18,0.9683333333333334,0.9729166666666667,-0.004583333333333273,0.024575,0.023141666666666668,0.0014333333333333316,2.9814583333333333,2.9827083333333335,-0.0012500000000001954
20260926,19,0.9600000000000002,0.9729166666666667,-0.012916666666666465,0.022283333333333332,0.023141666666666668,-0.000858333333333336,2.976458333333334,2.9827083333333335,-0.006249999999999645
20260926,20,0.9683333333333334,0.9729166666666667,-0.004583333333333273,0.024408333333333334,0.023141666666666668,0.001266666666666666,2.9802083333333327,2.9827083333333335,-0.002500000000000835
20260926,21,0.9645833333333336,0.9729166666666667,-0.008333333333333082,0.024416666666666666,0.023141666666666668,0.0012749999999999984,2.980833333333334,2.9827083333333335,-0.001874999999999627
20260926,22,0.9645833333333336,0.9729166666666667,-0.008333333333333082,0.023766666666666665,0.023141666666666668,0.0006249999999999971,2.97375,2.9827083333333335,-0.008958333333333623
20260926,23,0.9654166666666668,0.9729166666666667,-0.00749999999999984,0.023791666666666666,0.023141666666666668,0.0006499999999999978,2.9847916666666667,2.9827083333333335,0.002083333333333215
20260926,24,0.9595833333333335,0.9729166666666667,-0.013333333333333197,0.022366666666666667,0.023141666666666668,-0.0007750000000000014,2.9835416666666665,2.9827083333333335,0.0008333333333330195
20260926,25,0.96,0.9729166666666667,-0.012916666666666687,0.023941666666666667,0.023141666666666668,0.0007999999999999986,2.9787500000000002,2.9827083333333335,-0.003958333333333286
20260926,26,0.9600000000000002,0.9729166666666667,-0.012916666666666465,0.024258333333333333,0.023141666666666668,0.0011166666666666651,2.9799999999999995,2.9827083333333335,-0.0027083333333339787
20260926,27,0.9612500000000003,0.9729166666666667,-0.011666666666666381,0.024016666666666665,0.023141666666666668,0.0008749999999999973,2.98,2.9827083333333335,-0.0027083333333335347
20260926,28,0.9620833333333334,0.9729166666666667,-0.01083333333333325,0.02465,0.023141666666666668,0.0015083333333333303,2.975,2.9827083333333335,-0.007708333333333428
20260926,29,0.9654166666666668,0.9729166666666667,-0.00749999999999984,0.022025,0.023141666666666668,-0.0011166666666666686,2.9839583333333333,2.9827083333333335,0.0012499999999997513
20260926,30,0.9645833333333336,0.9729166666666667,-0.008333333333333082,0.024891666666666666,0.023141666666666668,0.001749999999999998,2.979375,2.9827083333333335,-0.0033333333333334103
20260926,31,0.9566666666666668,0.9729166666666667,-0.016249999999999876,0.022333333333333334,0.023141666666666668,-0.0008083333333333345,2.978333333333333,2.9827083333333335,-0.004375000000000462
20260926,32,0.9575000000000001,0.9729166666666667,-0.015416666666666523,0.0255,0.023141666666666668,0.0023583333333333303,2.9804166666666667,2.9827083333333335,-0.002291666666666803
20260926,33,0.9579166666666667,0.9729166666666667,-0.014999999999999902,0.024366666666666665,0.023141666666666668,0.001224999999999997,2.9804166666666663,2.9827083333333335,-0.002291666666667247
20260926,34,0.9616666666666667,0.9729166666666667,-0.011249999999999982,0.024183333333333334,0.023141666666666668,0.0010416666666666664,2.980208333333333,2.9827083333333335,-0.002500000000000391
20260926,35,0.9566666666666667,0.9729166666666667,-0.016249999999999987,0.0255,0.023141666666666668,0.0023583333333333303,2.9850000000000003,2.9827083333333335,0.002291666666666803
20260926,36,0.9666666666666668,0.9729166666666667,-0.006249999999999867,0.023666666666666666,0.023141666666666668,0.0005249999999999977,2.9847916666666663,2.9827083333333335,0.002083333333332771
20260926,37,0.9679166666666668,0.9729166666666667,-0.004999999999999893,0.023625,0.023141666666666668,0.00048333333333333214,2.9833333333333334,2.9827083333333335,0.0006249999999998757
20260926,38,0.9662499999999999,0.9729166666666667,-0.00666666666666671,0.023341666666666667,0.023141666666666668,0.0001999999999999988,2.977708333333333,2.9827083333333335,-0.0050000000000003375
20260926,39,0.9600000000000002,0.9729166666666667,-0.012916666666666465,0.025241666666666666,0.023141666666666668,0.0020999999999999977,2.9833333333333334,2.9827083333333335,0.0006249999999998757
20260926,40,0.9662499999999998,0.9729166666666667,-0.006666666666666821,0.023808333333333334,0.023141666666666668,0.0006666666666666661,2.977291666666667,2.9827083333333335,-0.005416666666666625
20260926,41,0.9570833333333331,0.9729166666666667,-0.015833333333333588,0.025025,0.023141666666666668,0.0018833333333333306,2.9699999999999998,2.9827083333333335,-0.012708333333333766
20260926,42,0.95875,0.9729166666666667,-0.01416666666666666,0.024683333333333335,0.023141666666666668,0.0015416666666666669,2.978541666666667,2.9827083333333335,-0.00416666666666643
20260926,43,0.9654166666666665,0.9729166666666667,-0.007500000000000173,0.025275,0.023141666666666668,0.002133333333333331,2.9785416666666666,2.9827083333333335,-0.004166666666666874
20260926,44,0.96875,0.9729166666666667,-0.004166666666666652,0.02395,0.023141666666666668,0.000808333333333331,2.9814583333333333,2.9827083333333335,-0.0012500000000001954
20260926,45,0.9666666666666668,0.9729166666666667,-0.006249999999999867,0.022816666666666666,0.023141666666666668,-0.00032500000000000237,2.9779166666666668,2.9827083333333335,-0.0047916666666667496
20260926,46,0.9604166666666669,0.9729166666666667,-0.012499999999999734,0.025933333333333333,0.023141666666666668,0.0027916666666666645,2.981875,2.9827083333333335,-0.0008333333333334636
20260926,47,0.9679166666666668,0.9729166666666667,-0.004999999999999893,0.0247,0.023141666666666668,0.0015583333333333317,2.9825000000000004,2.9827083333333335,-0.00020833333333314386
20260926,48,0.9670833333333334,0.9729166666666667,-0.005833333333333246,0.023825,0.023141666666666668,0.0006833333333333309,2.9810416666666666,2.9827083333333335,-0.0016666666666669272
20260926,49,0.9558333333333332,0.9729166666666667,-0.01708333333333345,0.0265,0.023141666666666668,0.0033583333333333312,2.978541666666667,2.9827083333333335,-0.00416666666666643
20260926,50,0.95625,0.9729166666666667,-0.016666666666666607,0.025266666666666666,0.023141666666666668,0.0021249999999999984,2.9802083333333336,2.9827083333333335,-0.0024999999999999467
20260927,1,0.9545833333333335,0.9616666666666667,-0.007083333333333219,0.029241666666666666,0.026366666666666667,0.002874999999999999,2.980833333333333,2.981666666666667,-0.0008333333333339077
20260927,2,0.9662499999999999,0.9616666666666667,0.004583333333333273,0.021741666666666666,0.026366666666666667,-0.004625000000000001,2.9839583333333333,2.981666666666667,0.0022916666666663588
20260927,3,0.9670833333333334,0.9616666666666667,0.005416666666666736,0.023025,0.026366666666666667,-0.0033416666666666664,2.9797916666666664,2.981666666666667,-0.0018750000000005151
20260927,4,0.964166666666667,0.9616666666666667,0.0025000000000002798,0.022866666666666667,0.026366666666666667,-0.0034999999999999996,2.9839583333333337,2.981666666666667,0.002291666666666803
20260927,5,0.9629166666666666,0.9616666666666667,0.0012499999999999734,0.022391666666666667,0.026366666666666667,-0.003974999999999999,2.978125,2.981666666666667,-0.0035416666666669983
20260927,6,0.9650000000000001,0.9616666666666667,0.0033333333333334103,0.024983333333333333,0.026366666666666667,-0.0013833333333333336,2.986666666666667,2.981666666666667,0.004999999999999893
20260927,7,0.9566666666666667,0.9616666666666667,-0.0050000000000000044,0.022108333333333334,0.026366666666666667,-0.004258333333333333,2.984166666666667,2.981666666666667,0.0024999999999999467
20260927,8,0.9620833333333335,0.9616666666666667,0.0004166666666668428,0.021075,0.026366666666666667,-0.005291666666666667,2.9808333333333334,2.981666666666667,-0.0008333333333334636
20260927,9,0.9616666666666669,0.9616666666666667,2.220446049250313e-16,0.022591666666666666,0.026366666666666667,-0.0037750000000000006,2.9772916666666664,2.981666666666667,-0.004375000000000462
20260927,10,0.9679166666666665,0.9616666666666667,0.006249999999999867,0.022691666666666666,0.026366666666666667,-0.003675000000000001,2.985,2.981666666666667,0.0033333333333329662
20260927,11,0.9591666666666667,0.9616666666666667,-0.0024999999999999467,0.024141666666666665,0.026366666666666667,-0.0022250000000000013,2.982708333333333,2.981666666666667,0.0010416666666661634
20260927,12,0.9620833333333335,0.9616666666666667,0.0004166666666668428,0.023483333333333332,0.026366666666666667,-0.002883333333333335,2.985625,2.981666666666667,0.003958333333333286
20260927,13,0.9645833333333336,0.9616666666666667,0.0029166666666669006,0.023716666666666667,0.026366666666666667,-0.0026499999999999996,2.9841666666666664,2.981666666666667,0.0024999999999995026
20260927,14,0.9570833333333333,0.9616666666666667,-0.004583333333333384,0.023033333333333333,0.026366666666666667,-0.003333333333333334,2.97875,2.981666666666667,-0.0029166666666671226
20260927,15,0.9575000000000001,0.9616666666666667,-0.004166666666666541,0.024058333333333334,0.026366666666666667,-0.0023083333333333324,2.9818749999999996,2.981666666666667,0.00020833333333269977
20260927,16,0.9741666666666667,0.9616666666666667,0.012500000000000067,0.021725,0.026366666666666667,-0.0046416666666666655,2.9818750000000005,2.981666666666667,0.00020833333333358794
20260927,17,0.9575000000000001,0.9616666666666667,-0.004166666666666541,0.024891666666666666,0.026366666666666667,-0.0014750000000000006,2.984375,2.981666666666667,0.0027083333333330906
20260927,18,0.9650000000000001,0.9616666666666667,0.0033333333333334103,0.0231,0.026366666666666667,-0.0032666666666666677,2.976666666666667,2.981666666666667,-0.004999999999999893
20260927,19,0.9625,0.9616666666666667,0.0008333333333333526,0.024816666666666667,0.026366666666666667,-0.0015499999999999993,2.9820833333333336,2.981666666666667,0.0004166666666667318
20260927,20,0.9670833333333336,0.9616666666666667,0.005416666666666958,0.023633333333333333,0.026366666666666667,-0.002733333333333334,2.980416666666666,2.981666666666667,-0.0012500000000010836
20260927,21,0.9587499999999999,0.9616666666666667,-0.0029166666666667895,0.022266666666666667,0.026366666666666667,-0.0040999999999999995,2.9818749999999996,2.981666666666667,0.00020833333333269977
20260927,22,0.9624999999999998,0.9616666666666667,0.0008333333333331305,0.022225,0.026366666666666667,-0.004141666666666665,2.985833333333333,2.981666666666667,0.004166666666665986
20260927,23,0.9625,0.9616666666666667,0.0008333333333333526,0.021308333333333332,0.026366666666666667,-0.005058333333333335,2.986666666666667,2.981666666666667,0.004999999999999893
20260927,24,0.9625000000000001,0.9616666666666667,0.0008333333333334636,0.02275,0.026366666666666667,-0.0036166666666666673,2.9835416666666665,2.981666666666667,0.001874999999999627
20260927,25,0.9550000000000003,0.9616666666666667,-0.0066666666666663765,0.023633333333333333,0.026366666666666667,-0.002733333333333334,2.976875,2.981666666666667,-0.0047916666666667496
20260927,26,0.95,0.9616666666666667,-0.011666666666666714,0.024625,0.026366666666666667,-0.0017416666666666657,2.9802083333333336,2.981666666666667,-0.0014583333333333393
20260927,27,0.9583333333333336,0.9616666666666667,-0.0033333333333330772,0.025116666666666666,0.026366666666666667,-0.0012500000000000011,2.9795833333333333,2.981666666666667,-0.002083333333333659
20260927,28,0.9633333333333335,0.9616666666666667,0.0016666666666668162,0.023541666666666666,0.026366666666666667,-0.002825000000000001,2.9831250000000002,2.981666666666667,0.0014583333333333393
20260927,29,0.95625,0.9616666666666667,-0.005416666666666625,0.0232,0.026366666666666667,-0.0031666666666666683,2.982291666666667,2.981666666666667,0.0006249999999998757
20260927,30,0.96125,0.9616666666666667,-0.0004166666666666208,0.02245,0.026366666666666667,-0.0039166666666666655,2.984583333333334,2.981666666666667,0.0029166666666671226
20260927,31,0.9687500000000002,0.9616666666666667,0.007083333333333552,0.023758333333333333,0.026366666666666667,-0.002608333333333334,2.9829166666666667,2.981666666666667,0.0012499999999997513
20260927,32,0.9558333333333333,0.9616666666666667,-0.005833333333333357,0.024016666666666665,0.026366666666666667,-0.0023500000000000014,2.9799999999999995,2.981666666666667,-0.0016666666666673713
20260927,33,0.9591666666666665,0.9616666666666667,-0.0025000000000001688,0.023141666666666668,0.026366666666666667,-0.0032249999999999987,2.9779166666666668,2.981666666666667,-0.003750000000000142
20260927,34,0.9625,0.9616666666666667,0.0008333333333333526,0.024416666666666666,0.026366666666666667,-0.0019500000000000003,2.9789583333333334,2.981666666666667,-0.0027083333333335347
20260927,35,0.9654166666666667,0.9616666666666667,0.003750000000000031,0.023733333333333332,0.026366666666666667,-0.0026333333333333347,2.984375,2.981666666666667,0.0027083333333330906
20260927,36,0.9566666666666667,0.9616666666666667,-0.0050000000000000044,0.023333333333333334,0.026366666666666667,-0.0030333333333333323,2.9847916666666667,2.981666666666667,0.0031249999999998224
20260927,37,0.95875,0.9616666666666667,-0.0029166666666666785,0.023541666666666666,0.026366666666666667,-0.002825000000000001,2.9833333333333334,2.981666666666667,0.0016666666666664831
20260927,38,0.9662500000000002,0.9616666666666667,0.004583333333333495,0.022791666666666665,0.026366666666666667,-0.003575000000000002,2.9806249999999994,2.981666666666667,-0.0010416666666674956
20260927,39,0.9620833333333334,0.9616666666666667,0.0004166666666667318,0.024391666666666666,0.026366666666666667,-0.001975000000000001,2.9825,2.981666666666667,0.0008333333333330195
20260927,40,0.9708333333333334,0.9616666666666667,0.009166666666666767,0.022941666666666666,0.026366666666666667,-0.003425000000000001,2.9779166666666663,2.981666666666667,-0.003750000000000586
20260927,41,0.9695833333333337,0.9616666666666667,0.007916666666667016,0.022716666666666666,0.026366666666666667,-0.0036500000000000005,2.9835416666666665,2.981666666666667,0.001874999999999627
20260927,42,0.9629166666666669,0.9616666666666667,0.0012500000000001954,0.023816666666666667,0.026366666666666667,-0.00255,2.986458333333333,2.981666666666667,0.0047916666666663055
20260927,43,0.95375,0.9616666666666667,-0.007916666666666683,0.025608333333333334,0.026366666666666667,-0.0007583333333333331,2.9808333333333334,2.981666666666667,-0.0008333333333334636
20260927,44,0.96875,0.9616666666666667,0.00708333333333333,0.022016666666666667,0.026366666666666667,-0.00435,2.9820833333333328,2.981666666666667,0.0004166666666658436
20260927,45,0.9641666666666667,0.9616666666666667,0.0025000000000000577,0.023625,0.026366666666666667,-0.0027416666666666666,2.982083333333333,2.981666666666667,0.0004166666666662877
20260927,46,0.9550000000000003,0.9616666666666667,-0.0066666666666663765,0.025141666666666666,0.026366666666666667,-0.0012250000000000004,2.9854166666666666,2.981666666666667,0.003749999999999698
20260927,47,0.9650000000000001,0.9616666666666667,0.0033333333333334103,0.022983333333333335,0.026366666666666667,-0.003383333333333332,2.9787500000000007,2.981666666666667,-0.0029166666666662344
20260927,48,0.9616666666666667,0.9616666666666667,0.0,0.024675,0.026366666666666667,-0.0016916666666666677,2.9789583333333334,2.981666666666667,-0.0027083333333335347
20260927,49,0.9616666666666667,0.9616666666666667,0.0,0.0252,0.026366666666666667,-0.0011666666666666665,2.9775,2.981666666666667,-0.004166666666666874
20260927,50,0.9608333333333334,0.9616666666666667,-0.0008333333333332416,0.022341666666666666,0.026366666666666667,-0.004025000000000001,2.981875,2.981666666666667,0.00020833333333314386
20260928,1,0.9499999999999998,0.9529166666666666,-0.0029166666666667895,0.029566666666666668,0.024908333333333334,0.004658333333333334,2.9820833333333336,2.974791666666667,0.007291666666666696
20260928,2,0.8175000000000001,0.9529166666666666,-0.13541666666666652,0.033916666666666664,0.024908333333333334,0.00900833333333333,2.9743749999999998,2.974791666666667,-0.0004166666666671759
20260928,3,0.9737500000000001,0.9529166666666666,0.02083333333333348,0.02315,0.024908333333333334,-0.001758333333333334,2.9822916666666663,2.974791666666667,0.007499999999999396
20260928,4,0.969166666666667,0.9529166666666666,0.01625000000000032,0.023116666666666667,0.024908333333333334,-0.001791666666666667,2.981041666666667,2.974791666666667,0.006250000000000089
20260928,5,0.9637499999999998,0.9529166666666666,0.01083333333333314,0.023633333333333333,0.024908333333333334,-0.0012750000000000018,2.9831250000000002,2.974791666666667,0.008333333333333304
20260928,6,0.9770833333333335,0.9529166666666666,0.02416666666666689,0.021983333333333334,0.024908333333333334,-0.0029250000000000005,2.9872916666666667,2.974791666666667,0.012499999999999734
20260928,7,0.9645833333333333,0.9529166666666666,0.011666666666666714,0.025033333333333335,0.024908333333333334,0.0001250000000000001,2.98125,2.974791666666667,0.006458333333333233
20260928,8,0.9704166666666667,0.9529166666666666,0.01750000000000007,0.022408333333333332,0.024908333333333334,-0.0025000000000000022,2.989583333333333,2.974791666666667,0.014791666666666092
20260928,9,0.9683333333333334,0.9529166666666666,0.015416666666666745,0.023791666666666666,0.024908333333333334,-0.0011166666666666686,2.975625,2.974791666666667,0.0008333333333330195
20260928,10,0.9662500000000002,0.9529166666666666,0.01333333333333353,0.021716666666666665,0.024908333333333334,-0.003191666666666669,2.986875,2.974791666666667,0.012083333333333002
20260928,11,0.9616666666666667,0.9529166666666666,0.008750000000000036,0.021575,0.024908333333333334,-0.003333333333333334,2.9843750000000004,2.974791666666667,0.009583333333333499
20260928,12,0.9683333333333337,0.9529166666666666,0.015416666666667078,0.024516666666666666,0.024908333333333334,-0.00039166666666666863,2.9787500000000002,2.974791666666667,0.003958333333333286
20260928,13,0.9683333333333332,0.9529166666666666,0.015416666666666523,0.022675,0.024908333333333334,-0.0022333333333333337,2.985833333333333,2.974791666666667,0.01104166666666595
20260928,14,0.962916666666667,0.9529166666666666,0.010000000000000342,0.023875,0.024908333333333334,-0.001033333333333334,2.9816666666666665,2.974791666666667,0.00687499999999952
20260928,15,0.9595833333333337,0.9529166666666666,0.006666666666667043,0.023541666666666666,0.024908333333333334,-0.0013666666666666688,2.9827083333333335,2.974791666666667,0.007916666666666572
20260928,16,0.9650000000000002,0.9529166666666666,0.012083333333333557,0.021958333333333333,0.024908333333333334,-0.0029500000000000012,2.9825,2.974791666666667,0.007708333333332984
20260928,17,0.9633333333333335,0.9529166666666666,0.010416666666666852,0.02335833333333333,0.024908333333333334,-0.0015500000000000028,2.9833333333333334,2.974791666666667,0.008541666666666448
20260928,18,0.9670833333333334,0.9529166666666666,0.014166666666666772,0.022591666666666666,0.024908333333333334,-0.0023166666666666683,2.9862499999999996,2.974791666666667,0.011458333333332682
20260928,19,0.9633333333333336,0.9529166666666666,0.010416666666666963,0.024541666666666666,0.024908333333333334,-0.0003666666666666679,2.972291666666666,2.974791666666667,-0.002500000000000835
20260928,20,0.9608333333333337,0.9529166666666666,0.007916666666667016,0.02545,0.024908333333333334,0.000541666666666666,2.9804166666666667,2.974791666666667,0.005624999999999769
20260928,21,0.9641666666666667,0.9529166666666666,0.011250000000000093,0.023925,0.024908333333333334,-0.000983333333333336,2.9902083333333334,2.974791666666667,0.015416666666666412
20260928,22,0.9704166666666669,0.9529166666666666,0.017500000000000293,0.022766666666666668,0.024908333333333334,-0.0021416666666666667,2.986458333333333,2.974791666666667,0.01166666666666627
20260928,23,0.9583333333333336,0.9529166666666666,0.005416666666666958,0.023875,0.024908333333333334,-0.001033333333333334,2.975416666666667,2.974791666666667,0.0006249999999998757
20260928,24,0.9662500000000002,0.9529166666666666,0.01333333333333353,0.024416666666666666,0.024908333333333334,-0.000491666666666668,2.9895833333333335,2.974791666666667,0.014791666666666536
20260928,25,0.9583333333333334,0.9529166666666666,0.005416666666666736,0.023258333333333332,0.024908333333333334,-0.0016500000000000022,2.981875,2.974791666666667,0.007083333333333108
20260928,26,0.9616666666666669,0.9529166666666666,0.008750000000000258,0.023366666666666668,0.024908333333333334,-0.0015416666666666669,2.984583333333333,2.974791666666667,0.009791666666666199
20260928,27,0.9637500000000001,0.9529166666666666,0.010833333333333472,0.0248,0.024908333333333334,-0.00010833333333333528,2.9783333333333335,2.974791666666667,0.003541666666666554
20260928,28,0.9579166666666665,0.9529166666666666,0.004999999999999893,0.022825,0.024908333333333334,-0.002083333333333333,2.987916666666667,2.974791666666667,0.013125000000000053
20260928,29,0.9583333333333334,0.9529166666666666,0.005416666666666736,0.023091666666666667,0.024908333333333334,-0.0018166666666666678,2.9797916666666664,2.974791666666667,0.004999999999999449
20260928,30,0.9683333333333334,0.9529166666666666,0.015416666666666745,0.022408333333333332,0.024908333333333334,-0.0025000000000000022,2.9833333333333334,2.974791666666667,0.008541666666666448
20260928,31,0.9604166666666666,0.9529166666666666,0.007499999999999951,0.024108333333333332,0.024908333333333334,-0.0008000000000000021,2.9808333333333334,2.974791666666667,0.006041666666666501
20260928,32,0.9704166666666669,0.9529166666666666,0.017500000000000293,0.024025,0.024908333333333334,-0.0008833333333333332,2.976458333333334,2.974791666666667,0.0016666666666669272
20260928,33,0.9620833333333334,0.9529166666666666,0.009166666666666767,0.022775,0.024908333333333334,-0.0021333333333333343,2.979166666666667,2.974791666666667,0.004375000000000018
20260928,34,0.9733333333333333,0.9529166666666666,0.02041666666666664,0.022583333333333334,0.024908333333333334,-0.0023250000000000007,2.9841666666666664,2.974791666666667,0.009374999999999467
20260928,35,0.96125,0.9529166666666666,0.008333333333333415,0.023383333333333332,0.024908333333333334,-0.001525000000000002,2.980208333333333,2.974791666666667,0.005416666666666181
20260928,36,0.9595833333333335,0.9529166666666666,0.006666666666666821,0.024325,0.024908333333333334,-0.000583333333333335,2.9868750000000004,2.974791666666667,0.012083333333333446
20260928,37,0.9600000000000002,0.9529166666666666,0.007083333333333552,0.023608333333333332,0.024908333333333334,-0.0013000000000000025,2.9856249999999998,2.974791666666667,0.010833333333332806
20260928,38,0.9670833333333334,0.9529166666666666,0.014166666666666772,0.023616666666666668,0.024908333333333334,-0.0012916666666666667,2.982916666666667,2.974791666666667,0.00812500000000016
20260928,39,0.9625000000000001,0.9529166666666666,0.009583333333333499,0.023258333333333332,0.024908333333333334,-0.0016500000000000022,2.9795833333333333,2.974791666666667,0.0047916666666663055
20260928,40,0.9570833333333335,0.9529166666666666,0.004166666666666874,0.025533333333333335,0.024908333333333334,0.0006250000000000006,2.9837499999999997,2.974791666666667,0.008958333333332735
20260928,41,0.9658333333333335,0.9529166666666666,0.01291666666666691,0.024566666666666667,0.024908333333333334,-0.0003416666666666672,2.986041666666667,2.974791666666667,0.011249999999999982
20260928,42,0.9650000000000001,0.9529166666666666,0.012083333333333446,0.021125,0.024908333333333334,-0.003783333333333333,2.9825000000000004,2.974791666666667,0.007708333333333428
20260928,43,0.9608333333333334,0.9529166666666666,0.007916666666666794,0.023808333333333334,0.024908333333333334,-0.0011000000000000003,2.9829166666666667,2.974791666666667,0.008124999999999716
20260928,44,0.95875,0.9529166666666666,0.005833333333333357,0.023408333333333333,0.024908333333333334,-0.0015000000000000013,2.9806250000000003,2.974791666666667,0.005833333333333357
20260928,45,0.9566666666666667,0.9529166666666666,0.003750000000000031,0.024333333333333332,0.024908333333333334,-0.0005750000000000026,2.982083333333333,2.974791666666667,0.007291666666666252
20260928,46,0.9679166666666668,0.9529166666666666,0.015000000000000124,0.024425,0.024908333333333334,-0.0004833333333333356,2.986666666666667,2.974791666666667,0.011874999999999858
20260928,47,0.9691666666666668,0.9529166666666666,0.01625000000000021,0.023416666666666665,0.024908333333333334,-0.001491666666666669,2.9881249999999997,2.974791666666667,0.013333333333332753
20260928,48,0.9629166666666666,0.9529166666666666,0.010000000000000009,0.022908333333333333,0.024908333333333334,-0.0020000000000000018,2.9802083333333336,2.974791666666667,0.005416666666666625
20260928,49,0.9625,0.9529166666666666,0.009583333333333388,0.025758333333333334,0.024908333333333334,0.0008500000000000001,2.9827083333333326,2.974791666666667,0.007916666666665684
20260928,50,0.9641666666666667,0.9529166666666666,0.011250000000000093,0.024016666666666665,0.024908333333333334,-0.0008916666666666691,2.985416666666667,2.974791666666667,0.010625000000000107
20260929,1,0.95875,0.9554166666666667,0.0033333333333332993,0.030975,0.022858333333333335,0.008116666666666664,2.9833333333333334,2.9870833333333335,-0.003750000000000142
20260929,2,0.9591666666666667,0.9554166666666667,0.003750000000000031,0.024316666666666667,0.022858333333333335,0.0014583333333333323,2.9762499999999994,2.9870833333333335,-0.010833333333334139
20260929,3,0.9612499999999999,0.9554166666666667,0.005833333333333246,0.023158333333333333,0.022858333333333335,0.0002999999999999982,2.9920833333333334,2.9870833333333335,0.004999999999999893
20260929,4,0.966666666666667,0.9554166666666667,0.011250000000000315,0.022941666666666666,0.022858333333333335,8.33333333333311e-5,2.982916666666667,2.9870833333333335,-0.00416666666666643
20260929,5,0.9695833333333335,0.9554166666666667,0.014166666666666772,0.022541666666666668,0.022858333333333335,-0.0003166666666666665,2.9758333333333336,2.9870833333333335,-0.011249999999999982
20260929,6,0.9650000000000002,0.9554166666666667,0.009583333333333499,0.023983333333333332,0.022858333333333335,0.0011249999999999975,2.9833333333333334,2.9870833333333335,-0.003750000000000142
20260929,7,0.9591666666666667,0.9554166666666667,0.003750000000000031,0.02335833333333333,0.022858333333333335,0.000499999999999997,2.983125,2.9870833333333335,-0.00395833333333373
20260929,8,0.9675000000000002,0.9554166666666667,0.012083333333333557,0.023791666666666666,0.022858333333333335,0.0009333333333333312,2.9868750000000004,2.9870833333333335,-0.00020833333333314386
20260929,9,0.9629166666666669,0.9554166666666667,0.007500000000000173,0.024308333333333335,0.022858333333333335,0.00145,2.9775,2.9870833333333335,-0.009583333333333499
20260929,10,0.9633333333333333,0.9554166666666667,0.007916666666666572,0.026441666666666665,0.022858333333333335,0.0035833333333333307,2.981041666666667,2.9870833333333335,-0.006041666666666501
20260929,11,0.9670833333333337,0.9554166666666667,0.011666666666667047,0.024541666666666666,0.022858333333333335,0.0016833333333333318,2.981875,2.9870833333333335,-0.005208333333333481
20260929,12,0.9662499999999999,0.9554166666666667,0.01083333333333325,0.023733333333333332,0.022858333333333335,0.0008749999999999973,2.980625,2.9870833333333335,-0.006458333333333677
20260929,13,0.95375,0.9554166666666667,-0.0016666666666667052,0.023908333333333334,0.022858333333333335,0.0010499999999999989,2.98125,2.9870833333333335,-0.005833333333333357
20260929,14,0.9591666666666668,0.9554166666666667,0.003750000000000142,0.025633333333333334,0.022858333333333335,0.0027749999999999997,2.9814583333333333,2.9870833333333335,-0.005625000000000213
20260929,15,0.95875,0.9554166666666667,0.0033333333333332993,0.025425,0.022858333333333335,0.002566666666666665,2.9808333333333334,2.9870833333333335,-0.006250000000000089
20260929,16,0.9608333333333334,0.9554166666666667,0.005416666666666736,0.024883333333333334,0.022858333333333335,0.002024999999999999,2.978333333333333,2.9870833333333335,-0.00875000000000048
20260929,17,0.9637500000000001,0.9554166666666667,0.008333333333333415,0.023908333333333334,0.022858333333333335,0.0010499999999999989,2.9797916666666664,2.9870833333333335,-0.00729166666666714
20260929,18,0.9633333333333333,0.9554166666666667,0.007916666666666572,0.023633333333333333,0.022858333333333335,0.0007749999999999979,2.9875,2.9870833333333335,0.0004166666666662877
20260929,19,0.9679166666666668,0.9554166666666667,0.012500000000000067,0.0231,0.022858333333333335,0.00024166666666666434,2.9875,2.9870833333333335,0.0004166666666662877
20260929,20,0.9554166666666669,0.9554166666666667,2.220446049250313e-16,0.024333333333333332,0.022858333333333335,0.0014749999999999971,2.9716666666666667,2.9870833333333335,-0.015416666666666856
20260929,21,0.9679166666666668,0.9554166666666667,0.012500000000000067,0.023633333333333333,0.022858333333333335,0.0007749999999999979,2.9808333333333334,2.9870833333333335,-0.006250000000000089
20260929,22,0.9529166666666669,0.9554166666666667,-0.0024999999999998357,0.025408333333333335,0.022858333333333335,0.00255,2.9781250000000004,2.9870833333333335,-0.00895833333333318
20260929,23,0.9620833333333332,0.9554166666666667,0.0066666666666664876,0.025283333333333335,0.022858333333333335,0.002425,2.979375,2.9870833333333335,-0.007708333333333428
20260929,24,0.9666666666666666,0.9554166666666667,0.011249999999999871,0.024966666666666668,0.022858333333333335,0.0021083333333333336,2.98375,2.9870833333333335,-0.0033333333333334103
20260929,25,0.9616666666666663,0.9554166666666667,0.006249999999999645,0.0237,0.022858333333333335,0.0008416666666666642,2.9808333333333334,2.9870833333333335,-0.006250000000000089
20260929,26,0.9604166666666668,0.9554166666666667,0.0050000000000001155,0.02355,0.022858333333333335,0.0006916666666666668,2.986458333333333,2.9870833333333335,-0.0006250000000003197
20260929,27,0.9629166666666669,0.9554166666666667,0.007500000000000173,0.024225,0.022858333333333335,0.0013666666666666653,2.979375,2.9870833333333335,-0.007708333333333428
20260929,28,0.9570833333333335,0.9554166666666667,0.0016666666666668162,0.026241666666666667,0.022858333333333335,0.003383333333333332,2.98375,2.9870833333333335,-0.0033333333333334103
20260929,29,0.9675,0.9554166666666667,0.012083333333333335,0.024433333333333335,0.022858333333333335,0.001575,2.9856249999999998,2.9870833333333335,-0.0014583333333337833
20260929,30,0.9608333333333334,0.9554166666666667,0.005416666666666736,0.025166666666666667,0.022858333333333335,0.0023083333333333324,2.9795833333333333,2.9870833333333335,-0.007500000000000284
20260929,31,0.9637500000000003,0.9554166666666667,0.008333333333333637,0.024958333333333332,0.022858333333333335,0.0020999999999999977,2.979166666666667,2.9870833333333335,-0.007916666666666572
20260929,32,0.9566666666666668,0.9554166666666667,0.0012500000000000844,0.025341666666666665,0.022858333333333335,0.0024833333333333305,2.9822916666666663,2.9870833333333335,-0.004791666666667194
20260929,33,0.9729166666666668,0.9554166666666667,0.01750000000000007,0.022516666666666667,0.022858333333333335,-0.0003416666666666672,2.9822916666666672,2.9870833333333335,-0.0047916666666663055
20260929,34,0.9600000000000002,0.9554166666666667,0.004583333333333495,0.02655,0.022858333333333335,0.003691666666666666,2.981041666666667,2.9870833333333335,-0.006041666666666501
20260929,35,0.9625000000000001,0.9554166666666667,0.007083333333333441,0.025475,0.022858333333333335,0.0026166666666666664,2.9795833333333333,2.9870833333333335,-0.007500000000000284
20260929,36,0.9654166666666665,0.9554166666666667,0.009999999999999787,0.025483333333333334,0.022858333333333335,0.002624999999999999,2.9841666666666664,2.9870833333333335,-0.0029166666666671226
20260929,37,0.9525000000000002,0.9554166666666667,-0.0029166666666664565,0.025258333333333334,0.022858333333333335,0.0023999999999999994,2.9747916666666665,2.9870833333333335,-0.012291666666667034
20260929,38,0.9620833333333335,0.9554166666666667,0.006666666666666821,0.024291666666666666,0.022858333333333335,0.0014333333333333316,2.9856249999999998,2.9870833333333335,-0.0014583333333337833
20260929,39,0.96125,0.9554166666666667,0.005833333333333357,0.024008333333333333,0.022858333333333335,0.0011499999999999982,2.98125,2.9870833333333335,-0.005833333333333357
20260929,40,0.9658333333333333,0.9554166666666667,0.01041666666666663,0.026441666666666665,0.022858333333333335,0.0035833333333333307,2.984583333333334,2.9870833333333335,-0.0024999999999995026
20260929,41,0.9658333333333333,0.9554166666666667,0.01041666666666663,0.025833333333333333,0.022858333333333335,0.0029749999999999985,2.980833333333333,2.9870833333333335,-0.006250000000000533
20260929,42,0.9637500000000003,0.9554166666666667,0.008333333333333637,0.023441666666666666,0.022858333333333335,0.0005833333333333315,2.9825,2.9870833333333335,-0.004583333333333606
20260929,43,0.9600000000000002,0.9554166666666667,0.004583333333333495,0.024925,0.022858333333333335,0.0020666666666666646,2.98875,2.9870833333333335,0.0016666666666664831
20260929,44,0.9608333333333332,0.9554166666666667,0.005416666666666514,0.024558333333333335,0.022858333333333335,0.0017000000000000001,2.9797916666666664,2.9870833333333335,-0.00729166666666714
20260929,45,0.9650000000000001,0.9554166666666667,0.009583333333333388,0.025975,0.022858333333333335,0.003116666666666667,2.9764583333333334,2.9870833333333335,-0.010625000000000107
20260929,46,0.9700000000000003,0.9554166666666667,0.014583333333333615,0.023708333333333335,0.022858333333333335,0.0008500000000000001,2.9806250000000003,2.9870833333333335,-0.006458333333333233
20260929,47,0.9608333333333332,0.9554166666666667,0.005416666666666514,0.027383333333333332,0.022858333333333335,0.004524999999999998,2.9735416666666667,2.9870833333333335,-0.013541666666666785
20260929,48,0.9633333333333335,0.9554166666666667,0.007916666666666794,0.0254,0.022858333333333335,0.0025416666666666643,2.9831250000000002,2.9870833333333335,-0.003958333333333286
20260929,49,0.9508333333333334,0.9554166666666667,-0.004583333333333273,0.026766666666666668,0.022858333333333335,0.003908333333333333,2.9710416666666664,2.9870833333333335,-0.016041666666667176
20260929,50,0.9550000000000003,0.9554166666666667,-0.00041666666666639873,0.027158333333333333,0.022858333333333335,0.004299999999999998,2.9804166666666667,2.9870833333333335,-0.006666666666666821
20260930,1,0.945,0.96125,-0.016250000000000098,0.03185,0.025183333333333332,0.006666666666666671,2.9835416666666665,2.9785416666666666,0.004999999999999893
20260930,2,0.9679166666666669,0.96125,0.006666666666666821,0.02405,0.025183333333333332,-0.0011333333333333334,2.9795833333333333,2.9785416666666666,0.0010416666666666075
20260930,3,0.9637500000000001,0.96125,0.0025000000000000577,0.022808333333333333,0.025183333333333332,-0.0023749999999999986,2.979166666666667,2.9785416666666666,0.0006250000000003197
20260930,4,0.9666666666666668,0.96125,0.005416666666666736,0.021958333333333333,0.025183333333333332,-0.0032249999999999987,2.986875,2.9785416666666666,0.008333333333333304
20260930,5,0.9695833333333332,0.96125,0.008333333333333193,0.02445,0.025183333333333332,-0.0007333333333333324,2.9816666666666665,2.9785416666666666,0.0031249999999998224
20260930,6,0.9616666666666669,0.96125,0.0004166666666668428,0.025983333333333334,0.025183333333333332,0.0008000000000000021,2.982291666666667,2.9785416666666666,0.003750000000000142
20260930,7,0.9708333333333334,0.96125,0.009583333333333388,0.020658333333333334,0.025183333333333332,-0.004524999999999998,2.9835416666666665,2.9785416666666666,0.004999999999999893
20260930,8,0.9675,0.96125,0.006249999999999978,0.024791666666666667,0.025183333333333332,-0.00039166666666666516,2.9814583333333333,2.9785416666666666,0.0029166666666666785
20260930,9,0.9616666666666667,0.96125,0.0004166666666666208,0.024291666666666666,0.025183333333333332,-0.0008916666666666656,2.98,2.9785416666666666,0.0014583333333333393
20260930,10,0.9608333333333332,0.96125,-0.0004166666666668428,0.02385,0.025183333333333332,-0.0013333333333333322,2.9829166666666667,2.9785416666666666,0.004375000000000018
20260930,11,0.9558333333333335,0.96125,-0.005416666666666514,0.02515,0.025183333333333332,-3.333333333333313e-5,2.9860416666666665,2.9785416666666666,0.00749999999999984
20260930,12,0.9637500000000001,0.96125,0.0025000000000000577,0.024258333333333333,0.025183333333333332,-0.0009249999999999987,2.980208333333333,2.9785416666666666,0.0016666666666664831
20260930,13,0.9675,0.96125,0.006249999999999978,0.022966666666666666,0.025183333333333332,-0.0022166666666666654,2.9814583333333333,2.9785416666666666,0.0029166666666666785
20260930,14,0.9645833333333333,0.96125,0.0033333333333332993,0.024116666666666668,0.025183333333333332,-0.0010666666666666637,2.9735416666666667,2.9785416666666666,-0.004999999999999893
20260930,15,0.9645833333333336,0.96125,0.0033333333333335213,0.025358333333333333,0.025183333333333332,0.00017500000000000154,2.9843750000000004,2.9785416666666666,0.005833333333333801
20260930,16,0.9658333333333333,0.96125,0.004583333333333273,0.021316666666666668,0.025183333333333332,-0.003866666666666664,2.9804166666666667,2.9785416666666666,0.001875000000000071
20260930,17,0.9791666666666666,0.96125,0.01791666666666658,0.023733333333333332,0.025183333333333332,-0.00145,2.98375,2.9785416666666666,0.005208333333333481
20260930,18,0.9599999999999997,0.96125,-0.0012500000000003064,0.024725,0.025183333333333332,-0.00045833333333333143,2.9818749999999996,2.9785416666666666,0.0033333333333329662
20260930,19,0.9637499999999999,0.96125,0.0024999999999998357,0.0232,0.025183333333333332,-0.0019833333333333335,2.9872916666666667,2.9785416666666666,0.008750000000000036
20260930,20,0.9600000000000002,0.96125,-0.0012499999999998623,0.02505,0.025183333333333332,-0.00013333333333333253,2.980208333333333,2.9785416666666666,0.0016666666666664831
20260930,21,0.9654166666666668,0.96125,0.004166666666666763,0.024333333333333332,0.025183333333333332,-0.0008500000000000001,2.9818749999999996,2.9785416666666666,0.0033333333333329662
20260930,22,0.9620833333333335,0.96125,0.0008333333333334636,0.022583333333333334,0.025183333333333332,-0.002599999999999998,2.9814583333333333,2.9785416666666666,0.0029166666666666785
20260930,23,0.9708333333333335,0.96125,0.009583333333333499,0.024075,0.025183333333333332,-0.0011083333333333327,2.981458333333333,2.9785416666666666,0.0029166666666662344
20260930,24,0.9616666666666667,0.96125,0.0004166666666666208,0.025708333333333333,0.025183333333333332,0.0005250000000000012,2.9854166666666666,2.9785416666666666,0.0068749999999999645
20260930,25,0.9683333333333334,0.96125,0.00708333333333333,0.023941666666666667,0.025183333333333332,-0.0012416666666666652,2.979166666666667,2.9785416666666666,0.0006250000000003197
20260930,26,0.9645833333333333,0.96125,0.0033333333333332993,0.023716666666666667,0.025183333333333332,-0.0014666666666666647,2.9862499999999996,2.9785416666666666,0.007708333333332984
20260930,27,0.9641666666666667,0.96125,0.0029166666666666785,0.022491666666666667,0.025183333333333332,-0.002691666666666665,2.9745833333333334,2.9785416666666666,-0.003958333333333286
20260930,28,0.9604166666666666,0.96125,-0.0008333333333334636,0.025141666666666666,0.025183333333333332,-4.166666666666555e-5,2.9814583333333333,2.9785416666666666,0.0029166666666666785
20260930,29,0.9658333333333335,0.96125,0.004583333333333495,0.024166666666666666,0.025183333333333332,-0.0010166666666666657,2.9779166666666663,2.9785416666666666,-0.0006250000000003197
20260930,30,0.9570833333333335,0.96125,-0.004166666666666541,0.0234,0.025183333333333332,-0.0017833333333333312,2.979375,2.9785416666666666,0.0008333333333334636
20260930,31,0.9579166666666667,0.96125,-0.0033333333333332993,0.023966666666666667,0.025183333333333332,-0.0012166666666666645,2.9799999999999995,2.9785416666666666,0.0014583333333328952
20260930,32,0.9570833333333335,0.96125,-0.004166666666666541,0.025833333333333333,0.025183333333333332,0.0006500000000000013,2.980625,2.9785416666666666,0.002083333333333215
20260930,33,0.9654166666666667,0.96125,0.004166666666666652,0.025133333333333334,0.025183333333333332,-4.999999999999796e-5,2.9779166666666668,2.9785416666666666,-0.0006249999999998757
20260930,34,0.95625,0.96125,-0.0050000000000000044,0.027866666666666668,0.025183333333333332,0.002683333333333336,2.9770833333333337,2.9785416666666666,-0.0014583333333328952
20260930,35,0.9633333333333335,0.96125,0.002083333333333437,0.023883333333333333,0.025183333333333332,-0.001299999999999999,2.982708333333333,2.9785416666666666,0.00416666666666643
20260930,36,0.9662500000000003,0.96125,0.0050000000000002265,0.024941666666666668,0.025183333333333332,-0.00024166666666666434,2.9833333333333334,2.9785416666666666,0.0047916666666667496
20260930,37,0.9641666666666667,0.96125,0.0029166666666666785,0.023708333333333335,0.025183333333333332,-0.0014749999999999971,2.9837499999999997,2.9785416666666666,0.005208333333333037
20260930,38,0.95875,0.96125,-0.0025000000000000577,0.023866666666666668,0.025183333333333332,-0.001316666666666664,2.983333333333334,2.9785416666666666,0.004791666666667194
20260930,39,0.9637500000000001,0.96125,0.0025000000000000577,0.024133333333333333,0.025183333333333332,-0.0010499999999999989,2.979791666666667,2.9785416666666666,0.0012500000000001954
20260930,40,0.9670833333333334,0.96125,0.005833333333333357,0.022291666666666668,0.025183333333333332,-0.002891666666666664,2.9879166666666666,2.9785416666666666,0.009374999999999911
20260930,41,0.9645833333333333,0.96125,0.0033333333333332993,0.024158333333333334,0.025183333333333332,-0.0010249999999999981,2.9816666666666665,2.9785416666666666,0.0031249999999998224
20260930,42,0.9612500000000003,0.96125,2.220446049250313e-16,0.024683333333333335,0.025183333333333332,-0.000499999999999997,2.975,2.9785416666666666,-0.003541666666666554
20260930,43,0.9566666666666668,0.96125,-0.004583333333333273,0.024958333333333332,0.025183333333333332,-0.0002249999999999995,2.978333333333333,2.9785416666666666,-0.00020833333333358794
20260930,44,0.9704166666666666,0.96125,0.009166666666666545,0.023991666666666668,0.025183333333333332,-0.0011916666666666638,2.9835416666666665,2.9785416666666666,0.004999999999999893
20260930,45,0.9529166666666669,0.96125,-0.008333333333333193,0.024441666666666667,0.025183333333333332,-0.0007416666666666648,2.985,2.9785416666666666,0.006458333333333233
20260930,46,0.9645833333333333,0.96125,0.0033333333333332993,0.024891666666666666,0.025183333333333332,-0.00029166666666666577,2.985,2.9785416666666666,0.006458333333333233
20260930,47,0.9583333333333336,0.96125,-0.0029166666666664565,0.023558333333333334,0.025183333333333332,-0.001624999999999998,2.971875,2.9785416666666666,-0.006666666666666821
20260930,48,0.9629166666666666,0.96125,0.0016666666666665941,0.02581666666666667,0.025183333333333332,0.0006333333333333364,2.983125,2.9785416666666666,0.004583333333333162
20260930,49,0.9608333333333334,0.96125,-0.0004166666666666208,0.024633333333333333,0.025183333333333332,-0.0005499999999999984,2.984583333333333,2.9785416666666666,0.006041666666666501
20260930,50,0.9616666666666666,0.96125,0.00041666666666650976,0.024625,0.025183333333333332,-0.0005583333333333308,2.980208333333333,2.9785416666666666,0.0016666666666664831
