strategy,initial_cars,replicate,final_age,trajectory_age,replacements,replacement_rate,switch_rate,final_abs_habitus,first_replacement
Per-entity habitus,10,1,77.0,36.368,10,0.01,0.05274999999999999,1.0,2
Per-entity habitus,10,2,65.8,35.632000000000005,12,0.012,0.04449999999999999,0.8455368990762328,1
Per-entity habitus,10,3,71.2,32.714,16,0.016,0.05549999999999999,0.9914147380611713,1
Per-entity habitus,10,4,83.8,40.588,6,0.006,0.03499999999999999,1.0,7
Per-entity habitus,10,5,101.0,51.5,0,0.0,0.024,1.0,101
Per-entity habitus,10,6,99.8,50.324000000000005,4,0.004,0.04433333333333333,0.9566097626472306,3
Per-entity habitus,10,7,87.8,42.624,4,0.004,0.033,0.9993206925441867,28
Per-entity habitus,10,8,100.2,50.724,2,0.002,0.032249999999999994,1.0,4
Per-entity habitus,10,9,86.6,46.496,4,0.004,0.028249999999999994,1.0,3
Per-entity habitus,10,10,37.2,18.795,29,0.029,0.0655,0.9086024052476361,14
Per-entity habitus,10,11,100.2,50.724,2,0.002,0.040999999999999995,0.9981900081900082,4
Per-entity habitus,10,12,83.7,40.18599999999999,7,0.007,0.04192857142857142,0.9868180775246925,4
Per-entity habitus,10,13,68.4,30.816000000000003,15,0.015,0.05724999999999998,0.9529190316198093,16
Per-entity habitus,10,14,96.3,47.67300000000001,4,0.004,0.05549999999999999,0.8358197550823997,3
Per-entity habitus,10,15,67.6,31.011999999999997,12,0.012,0.06641666666666665,0.9808849961551438,4
Per-entity habitus,10,16,85.4,41.611999999999995,6,0.006,0.04324999999999999,0.9894253813166312,3
Per-entity habitus,10,17,100.6,51.10400000000001,2,0.002,0.029749999999999995,1.0,2
Per-entity habitus,10,18,89.0,42.442,10,0.01,0.049249999999999995,0.9766639838783144,2
Per-entity habitus,10,19,101.0,51.5,0,0.0,0.017999999999999995,1.0,101
Per-entity habitus,10,20,101.0,51.5,0,0.0,0.025,0.9881577666256538,101
Per-entity habitus,10,21,72.3,32.958000000000006,20,0.02,0.05283333333333332,0.9562605350003363,2
Per-entity habitus,10,22,93.2,46.663999999999994,2,0.002,0.028999999999999995,1.0,39
Per-entity habitus,10,23,86.4,47.123999999999995,4,0.004,0.040999999999999995,0.9846517221196291,1
Per-entity habitus,10,24,99.2,49.843999999999994,2,0.002,0.0395,1.0,9
Per-entity habitus,10,25,100.6,51.10400000000001,2,0.002,0.06749999999999998,0.9526417318185096,2
Per-entity habitus,10,26,82.3,37.573,8,0.008,0.05049999999999999,0.995015754032201,15
Per-entity habitus,10,27,68.4,32.484,8,0.008,0.029249999999999998,1.0,31
Per-entity habitus,10,28,63.6,28.744999999999994,16,0.016,0.08274999999999999,0.9987725665211729,25
Per-entity habitus,10,29,100.8,51.3,2,0.002,0.027999999999999994,0.9990990990990991,1
Per-entity habitus,10,30,45.7,21.229,30,0.03,0.055,0.9435835877171129,1
Per-entity habitus,10,31,73.8,37.656000000000006,8,0.008,0.05124999999999999,1.0,24
Per-entity habitus,10,32,35.5,23.218000000000004,16,0.016,0.09075,0.8364313927350281,37
Per-entity habitus,10,33,78.7,42.035,8,0.008,0.03525,0.9836374695364297,3
Per-entity habitus,10,34,88.8,42.98,4,0.004,0.03599999999999999,0.9237541412291405,26
Per-entity habitus,10,35,87.9,45.974,6,0.006,0.023999999999999994,1.0,1
Per-entity habitus,10,36,100.0,50.54,2,0.002,0.033999999999999996,0.9901398823980762,5
Per-entity habitus,10,37,100.8,51.3,2,0.002,0.029999999999999995,1.0,1
Per-entity habitus,10,38,67.0,30.566000000000003,12,0.012,0.061,1.0,30
Per-entity habitus,10,39,49.5,29.693,16,0.016,0.06574999999999999,0.8882598426467373,3
Per-entity habitus,10,40,91.3,44.73700000000001,6,0.006,0.04299999999999999,0.9763272725843143,1
Per-entity habitus,10,41,40.1,22.497999999999998,20,0.02,0.07549999999999998,0.8951258824725384,24
Per-entity habitus,10,42,64.0,28.962,14,0.014,0.06399999999999999,0.9561007224882558,5
Per-entity habitus,10,43,79.7,38.567,12,0.012,0.03575,1.0,1
Per-entity habitus,10,44,36.0,25.82,21,0.021,0.08974999999999998,0.7213697396505934,27
Per-entity habitus,10,45,101.0,51.5,0,0.0,0.027999999999999997,1.0,101
Per-entity habitus,10,46,101.0,51.5,0,0.0,0.039999999999999994,0.9648922066732928,101
Per-entity habitus,10,47,78.7,36.019,12,0.012,0.03374999999999999,0.9813185571801931,1
Per-entity habitus,10,48,41.0,25.805,21,0.021,0.06025,0.9471034882814561,1
Per-entity habitus,10,49,80.8,37.924,6,0.006,0.04049999999999999,0.9213618576725995,31
Per-entity habitus,10,50,100.8,51.3,2,0.002,0.034999999999999996,0.9972725769973476,1
Per-entity habitus,10,51,32.8,20.515,24,0.024,0.06799999999999998,0.8838067905410185,31
Per-entity habitus,10,52,39.4,24.022000000000006,21,0.021,0.06774999999999999,0.893487164585131,26
Per-entity habitus,10,53,97.3,48.253000000000014,8,0.008,0.04125,0.9972843140137277,1
Per-entity habitus,10,54,100.4,50.91199999999999,2,0.002,0.04174999999999999,0.9998898166260786,3
Per-entity habitus,10,55,96.8,48.14,2,0.002,0.03699999999999999,0.949539565944755,21
Per-entity habitus,10,56,86.6,41.97200000000001,6,0.006,0.03625,1.0,4
Per-entity habitus,10,57,91.2,46.403999999999996,2,0.002,0.031999999999999994,1.0,49
Per-entity habitus,10,58,59.0,25.397999999999996,18,0.018,0.056999999999999995,0.9091029343694899,19
Per-entity habitus,10,59,60.1,32.693999999999996,12,0.012,0.06574999999999999,0.8977599661020896,18
Per-entity habitus,10,60,45.0,27.250999999999998,14,0.014,0.05124999999999999,0.8960216803051371,18
Per-entity habitus,10,61,44.5,25.391000000000005,25,0.025,0.06749999999999999,0.8440946480305038,1
Per-entity habitus,10,62,58.6,26.142,18,0.018,0.05474999999999999,0.9614349918815585,4
Per-entity habitus,10,63,83.4,49.21199999999999,2,0.002,0.04324999999999999,0.9428828332418991,88
Per-entity habitus,10,64,89.1,43.647000000000006,6,0.006,0.051,0.9634465868587491,3
Per-entity habitus,10,65,85.0,43.676,4,0.004,0.026999999999999996,0.9999574829931973,18
Per-entity habitus,10,66,78.4,35.843,10,0.01,0.05249999999999999,1.0,3
Per-entity habitus,10,67,69.9,33.713,10,0.01,0.08374999999999998,0.8845916699822652,28
Per-entity habitus,10,68,62.7,27.897999999999996,17,0.017,0.05317857142857142,0.9984615384615385,27
Per-entity habitus,10,69,92.2,45.224,4,0.004,0.05424999999999999,0.9987871742430079,14
Per-entity habitus,10,70,78.8,38.61000000000001,7,0.007,0.048499999999999995,1.0,2
Per-entity habitus,10,71,95.8,47.08800000000001,6,0.006,0.03699999999999999,0.9141090695450108,2
Per-entity habitus,10,72,101.0,51.5,0,0.0,0.027999999999999994,0.9564102758754917,101
Per-entity habitus,10,73,60.8,26.451000000000004,17,0.017,0.06799999999999999,0.9339374241487697,17
Per-entity habitus,10,74,88.6,43.220000000000006,4,0.004,0.025999999999999995,1.0,21
Per-entity habitus,10,75,28.9,23.026999999999997,26,0.026,0.11341666666666665,0.8198151911515158,3
Per-entity habitus,10,76,101.0,51.5,0,0.0,0.021999999999999992,0.932423817971357,101
Per-entity habitus,10,77,74.0,39.455999999999996,6,0.006,0.04324999999999999,0.987854545398342,28
Per-entity habitus,10,78,101.0,51.5,0,0.0,0.030999999999999993,0.9709731830712869,101
Per-entity habitus,10,79,86.2,40.268,6,0.006,0.03924999999999999,1.0,21
Per-entity habitus,10,80,76.6,38.315999999999995,10,0.01,0.05124999999999999,0.9870335760790055,1
Per-entity habitus,10,81,75.6,36.06399999999999,11,0.011,0.06083333333333332,0.9806571284007166,2
Per-entity habitus,10,82,100.8,51.3,2,0.002,0.034,0.973366208731376,1
Per-entity habitus,10,83,89.5,43.108000000000004,10,0.01,0.04899999999999999,1.0,1
Per-entity habitus,10,84,101.0,51.5,0,0.0,0.036,0.9980096019971395,101
Per-entity habitus,10,85,101.0,51.5,0,0.0,0.020999999999999998,1.0,101
Per-entity habitus,10,86,71.9,36.06,8,0.008,0.03149999999999999,1.0,22
Per-entity habitus,10,87,100.3,50.81,4,0.004,0.024999999999999994,1.0,1
Per-entity habitus,10,88,63.2,30.15299999999999,12,0.012,0.05375,0.9662759527783387,3
Per-entity habitus,10,89,46.5,23.631999999999998,20,0.02,0.0925,0.9386960041377002,7
Per-entity habitus,10,90,92.9,44.995999999999995,6,0.006,0.032249999999999994,1.0,6
Per-entity habitus,10,91,73.5,34.505,14,0.014,0.083,0.9690005649129736,5
Per-entity habitus,10,92,100.8,51.3,2,0.002,0.024999999999999994,1.0,1
Per-entity habitus,10,93,79.1,38.577,10,0.01,0.03774999999999999,1.0,1
Per-entity habitus,10,94,101.0,51.5,0,0.0,0.03799999999999999,0.9999918099918099,101
Per-entity habitus,10,95,101.0,51.5,0,0.0,0.028999999999999995,0.9978646482960276,101
Per-entity habitus,10,96,77.6,37.163999999999994,6,0.006,0.034249999999999996,1.0,32
Per-entity habitus,10,97,94.2,45.792,4,0.004,0.028999999999999998,1.0,16
Per-entity habitus,10,98,101.0,51.5,0,0.0,0.020999999999999998,1.0,101
Per-entity habitus,10,99,95.9,47.20399999999999,6,0.006,0.036,1.0,3
Per-entity habitus,10,100,62.8,31.212000000000007,14,0.014,0.042249999999999996,1.0,2
Mean habitus,10,1,79.4,41.924,6,0.006,0.0935,0.8078087671505021,2
Mean habitus,10,2,54.8,39.428000000000004,10,0.01,0.14,0.5494402176421481,1
Mean habitus,10,3,76.1,39.18,14,0.014,0.10949999999999999,0.7178188866098327,1
Mean habitus,10,4,69.0,38.208,8,0.008,0.09724999999999998,0.6024504813871628,7
Mean habitus,10,5,87.2,40.88,6,0.006,0.10575,0.8258560768936807,17
Mean habitus,10,6,97.5,48.261,6,0.006,0.10675000000000001,0.8963590556352813,3
Mean habitus,10,7,74.8,38.393,8,0.008,0.077,0.6709355708661275,48
Mean habitus,10,8,96.6,47.808000000000014,4,0.004,0.11449999999999998,0.6016557860974024,4
Mean habitus,10,9,76.5,39.728,8,0.008,0.1985,0.5383176382428974,3
Mean habitus,10,10,63.5,40.788,6,0.006,0.11574999999999998,0.665371915721016,59
Mean habitus,10,11,94.0,46.38399999999999,4,0.004,0.05975,0.997222063442161,4
Mean habitus,10,12,97.2,48.38399999999999,2,0.002,0.12,0.5777374406639889,19
Mean habitus,10,13,81.0,51.3,2,0.002,0.08149999999999999,0.5363180382330907,100
Mean habitus,10,14,74.1,38.202999999999996,8,0.008,0.109,0.9255217243873893,37
Mean habitus,10,15,68.2,45.284,4,0.004,0.1795,0.7088135755078995,80
Mean habitus,10,16,91.7,44.42,6,0.006,0.13125,0.7003153428492068,6
Mean habitus,10,17,82.4,49.284,4,0.004,0.174,0.3709432375262595,2
Mean habitus,10,18,69.9,34.611000000000004,20,0.02,0.11549999999999999,0.5779506170151937,2
Mean habitus,10,19,90.6,46.403999999999996,2,0.002,0.09850000000000002,0.8645774909233988,52
Mean habitus,10,20,101.0,51.5,0,0.0,0.06499999999999999,0.877996774819317,101
Mean habitus,10,21,45.8,26.934000000000005,18,0.018,0.13325,0.936967701304304,2
Mean habitus,10,22,70.2,36.93599999999999,8,0.008,0.17958333333333334,0.7073092061147032,20
Mean habitus,10,23,42.8,36.663000000000004,20,0.02,0.1575,0.44121371115329566,1
Mean habitus,10,24,69.8,42.308,6,0.006,0.18825,0.629123168527492,18
Mean habitus,10,25,75.8,34.61000000000001,14,0.014,0.23225,0.7083042553156876,2
Mean habitus,10,26,54.9,38.511,8,0.008,0.1845,0.45877037353800787,45
Mean habitus,10,27,90.0,42.775,10,0.01,0.038,0.9435940947097545,5
Mean habitus,10,28,72.0,42.504,8,0.008,0.16225,0.7559758789617513,13
Mean habitus,10,29,100.8,51.3,2,0.002,0.086,0.7559629936843759,1
Mean habitus,10,30,92.2,45.145,10,0.01,0.050249999999999996,0.8875212441187706,1
Mean habitus,10,31,94.5,46.323,4,0.004,0.10350000000000001,0.8551283272009021,21
Mean habitus,10,32,60.2,34.617999999999995,10,0.01,0.18575000000000003,0.8185161460783158,45
Mean habitus,10,33,65.3,32.906000000000006,14,0.014,0.18174999999999997,0.5635677809620832,4
Mean habitus,10,34,87.2,43.573999999999984,4,0.004,0.13974999999999999,0.9240268228822434,30
Mean habitus,10,35,100.2,50.708999999999996,6,0.006,0.15150000000000002,0.990329397273641,1
Mean habitus,10,36,68.3,37.037000000000006,8,0.008,0.095,0.9195510918832774,17
Mean habitus,10,37,100.8,51.3,2,0.002,0.029999999999999995,1.0,1
Mean habitus,10,38,78.2,42.044,4,0.004,0.03424999999999999,0.7392707704580024,45
Mean habitus,10,39,78.0,40.543,12,0.012,0.163,0.7028799805245998,3
Mean habitus,10,40,81.3,46.787,6,0.006,0.1255,0.7059591591223994,1
Mean habitus,10,41,51.2,33.48,10,0.01,0.22575,0.7309343265149861,40
Mean habitus,10,42,92.6,45.804,4,0.004,0.10499999999999998,0.8500765289683091,5
Mean habitus,10,43,98.7,49.33199999999999,6,0.006,0.16625,0.8256845361321499,1
Mean habitus,10,44,93.1,45.01300000000001,6,0.006,0.147,0.8755741395851846,17
Mean habitus,10,45,84.4,41.576,8,0.008,0.16099999999999998,0.522994392826155,4
Mean habitus,10,46,71.5,43.593,6,0.006,0.12475,0.5486478974984754,35
Mean habitus,10,47,57.8,34.56100000000001,16,0.016,0.16174999999999998,0.649786943589372,1
Mean habitus,10,48,80.0,47.59000000000001,8,0.008,0.07525,0.7305610799510345,1
Mean habitus,10,49,87.5,43.81700000000001,4,0.004,0.11249999999999999,0.825703699005459,43
Mean habitus,10,50,100.8,51.3,2,0.002,0.11299999999999999,0.7283673357879235,1
Mean habitus,10,51,91.6,46.424,2,0.002,0.08274999999999999,0.6518278005675981,47
Mean habitus,10,52,85.6,43.826,4,0.004,0.17675000000000002,0.5146129906287535,26
Mean habitus,10,53,70.4,37.092000000000006,14,0.014,0.10825000000000001,0.945429304740407,1
Mean habitus,10,54,79.2,45.626,6,0.006,0.21099999999999997,0.5457297149484488,16
Mean habitus,10,55,62.0,40.378,8,0.008,0.16725,0.6033021437832387,50
Mean habitus,10,56,85.4,43.376000000000005,6,0.006,0.1515,0.5676495672718138,4
Mean habitus,10,57,82.4,41.43600000000001,6,0.006,0.11575,0.890092608602157,11
Mean habitus,10,58,57.1,36.309,8,0.008,0.13699999999999998,0.5949637465769205,23
Mean habitus,10,59,44.7,36.785,12,0.012,0.15591666666666665,0.36298825378256694,32
Mean habitus,10,60,83.0,49.52,2,0.002,0.10999999999999999,0.5725623313170921,90
Mean habitus,10,61,89.3,43.81800000000001,8,0.008,0.09824999999999999,0.967434859024995,1
Mean habitus,10,62,94.0,46.88,2,0.002,0.10725,0.9705097030671903,35
Mean habitus,10,63,79.0,34.974000000000004,12,0.012,0.10099999999999999,0.9787539118793147,19
Mean habitus,10,64,98.7,49.34700000000001,4,0.004,0.10149999999999998,0.7996188962911227,7
Mean habitus,10,65,101.0,51.5,0,0.0,0.031999999999999994,1.0,101
Mean habitus,10,66,66.6,44.296000000000014,8,0.008,0.11074999999999999,0.4909012684736337,3
Mean habitus,10,67,69.8,38.56400000000001,6,0.006,0.21099999999999997,0.6701353631528658,38
Mean habitus,10,68,67.0,38.196000000000005,10,0.01,0.187,0.7213606410651268,4
Mean habitus,10,69,77.8,36.66400000000001,10,0.01,0.125,0.9989680553385281,14
Mean habitus,10,70,100.6,51.10400000000001,2,0.002,0.14525,0.7208342110322803,2
Mean habitus,10,71,72.6,42.82,10,0.01,0.15649999999999997,0.7089720055239921,2
Mean habitus,10,72,101.0,51.5,0,0.0,0.05199999999999999,0.9564102758754917,101
Mean habitus,10,73,76.0,43.85999999999999,6,0.006,0.08825,0.7346332669424451,31
Mean habitus,10,74,86.2,47.50399999999999,2,0.002,0.122,0.6212134510187337,74
Mean habitus,10,75,101.0,51.5,0,0.0,0.154,0.553594190819107,101
Mean habitus,10,76,94.4,46.09199999999999,4,0.004,0.11024999999999999,0.7911511216334083,10
Mean habitus,10,77,96.2,47.803999999999995,2,0.002,0.03625,1.0,24
Mean habitus,10,78,73.8,36.461999999999996,8,0.008,0.16550000000000004,0.6799559796004241,18
Mean habitus,10,79,72.6,46.59800000000001,6,0.006,0.17675000000000002,0.789464378412295,5
Mean habitus,10,80,89.5,45.89,6,0.006,0.059,1.0,1
Mean habitus,10,81,71.6,40.83,10,0.01,0.24975000000000003,0.5283764322377751,2
Mean habitus,10,82,46.6,37.31799999999999,12,0.012,0.20575,0.6877090416427576,1
Mean habitus,10,83,82.9,41.742000000000004,16,0.016,0.10733333333333332,0.7700713686653481,1
Mean habitus,10,84,81.0,51.3,2,0.002,0.0775,0.7713197710051654,100
Mean habitus,10,85,64.6,41.036,6,0.006,0.12325,0.6975167216910843,57
Mean habitus,10,86,89.6,46.48400000000001,2,0.002,0.09,0.4463818500369518,57
Mean habitus,10,87,92.9,46.074,6,0.006,0.1465,0.73330017218946,1
Mean habitus,10,88,92.4,44.80799999999999,6,0.006,0.205,0.7282335021723629,4
Mean habitus,10,89,101.0,51.5,0,0.0,0.071,0.9174296812410476,101
Mean habitus,10,90,76.8,46.5,4,0.004,0.10425,0.6845155434913563,80
Mean habitus,10,91,90.4,46.412,2,0.002,0.12399999999999999,0.6820121036538556,53
Mean habitus,10,92,75.8,39.567,8,0.008,0.09749999999999998,0.95721622311959,1
Mean habitus,10,93,96.5,47.763000000000005,6,0.006,0.060999999999999985,0.9990909090909093,1
Mean habitus,10,94,74.8,35.68000000000001,10,0.01,0.18083333333333332,0.539249733524969,19
Mean habitus,10,95,101.0,51.5,0,0.0,0.10999999999999999,0.873932437169494,101
Mean habitus,10,96,79.1,41.336000000000006,6,0.006,0.11275,0.6435409666481593,36
Mean habitus,10,97,64.6,38.258,12,0.012,0.3464999999999999,0.5890756696495438,14
Mean habitus,10,98,98.2,49.06399999999999,2,0.002,0.04724999999999999,0.9990990990990991,14
Mean habitus,10,99,70.1,46.75800000000001,8,0.008,0.1455,0.53861291796701,9
Mean habitus,10,100,75.0,42.57200000000001,6,0.006,0.1065,0.6964413769182538,2
Random,10,1,20.2,18.137,44,0.044,0.42424999999999996,0.29105530511518996,1
Random,10,2,11.7,16.854,38,0.038,0.45689285714285716,0.22306628544566393,1
Random,10,3,31.4,18.756,40,0.04,0.4478333333333333,0.21787356372295177,1
Random,10,4,25.2,18.096,37,0.037,0.46195238095238095,0.20563714187885532,12
Random,10,5,23.6,19.488,32,0.032,0.4285,0.18796638918331507,4
Random,10,6,16.2,19.432,41,0.041,0.4677976190476191,0.22175536263976622,3
Random,10,7,21.6,17.342,40,0.04,0.4646666666666666,0.2565187121280453,28
Random,10,8,20.5,17.168,32,0.032,0.4399285714285714,0.21984253484864472,7
Random,10,9,26.6,22.54,28,0.028,0.46224999999999994,0.36553316627405125,3
Random,10,10,20.3,21.044,30,0.03,0.43241666666666667,0.1845349351073851,12
Random,10,11,19.1,12.506999999999998,55,0.055,0.44279761904761905,0.25035202005699875,1
Random,10,12,22.7,19.497000000000003,40,0.04,0.44258333333333333,0.17887207074481248,4
Random,10,13,16.5,22.772999999999996,31,0.031,0.4526428571428572,0.20045418053002476,11
Random,10,14,45.4,23.843000000000004,29,0.029,0.45564285714285707,0.3657547462654121,1
Random,10,15,21.2,22.295999999999996,36,0.036,0.4660833333333333,0.20267083603844777,4
Random,10,16,21.4,24.59,28,0.028,0.428,0.18307422302859366,19
Random,10,17,22.8,16.523,41,0.041,0.45964285714285713,0.1780439644291081,1
Random,10,18,19.2,15.550999999999998,51,0.051,0.42228571428571426,0.20407252656349684,1
Random,10,19,19.0,15.445,44,0.044,0.409,0.19915584817134974,2
Random,10,20,30.5,19.98,41,0.041,0.4232857142857142,0.2692442141892085,3
Random,10,21,17.7,14.927999999999999,60,0.06,0.46441666666666664,0.0944419404368805,1
Random,10,22,18.3,13.735,57,0.057,0.46599999999999997,0.1838035754527889,2
Random,10,23,29.1,19.298,38,0.038,0.4260833333333334,0.2039941386523708,7
Random,10,24,16.4,22.066000000000003,30,0.03,0.4549999999999999,0.23944975966629983,5
Random,10,25,19.1,17.052,46,0.046,0.45641666666666675,0.1533606569920179,1
Random,10,26,26.7,18.452,40,0.04,0.44291666666666674,0.19676137267733257,4
Random,10,27,24.5,14.693,42,0.042,0.42424999999999996,0.20015431588454463,5
Random,10,28,26.3,16.895,42,0.042,0.4335000000000001,0.18291569121184148,2
Random,10,29,20.8,15.289000000000001,55,0.055,0.42208333333333337,0.26583042015697433,1
Random,10,30,23.5,19.485,42,0.042,0.47916666666666663,0.19469661509161934,1
Random,10,31,26.3,17.451,35,0.035,0.46096428571428566,0.3467867613433641,3
Random,10,32,18.4,22.017000000000003,36,0.036,0.47025,0.20357385209682524,2
Random,10,33,26.7,22.920999999999996,30,0.03,0.45325000000000004,0.28033562384308525,17
Random,10,34,18.3,15.849,42,0.042,0.4476666666666667,0.2474233436188488,6
Random,10,35,20.2,14.533000000000001,54,0.054,0.4503809523809524,0.21178332653596937,10
Random,10,36,20.6,16.087,46,0.046,0.42524999999999996,0.2982922555294286,3
Random,10,37,18.4,16.48,43,0.043,0.46485714285714286,0.19547136380603738,4
Random,10,38,30.4,24.84,26,0.026,0.4590000000000001,0.23864220868908262,31
Random,10,39,29.4,28.040000000000006,22,0.022,0.49433333333333335,0.1403815277484931,30
Random,10,40,19.8,20.007,40,0.04,0.45799999999999996,0.22622207912820053,1
Random,10,41,21.1,20.655,38,0.038,0.44483333333333336,0.2643840533937946,8
Random,10,42,31.6,20.410999999999998,29,0.029,0.4477142857142858,0.36493495882145155,7
Random,10,43,24.8,19.076,45,0.045,0.43885714285714295,0.3098928951043203,3
Random,10,44,26.1,18.593999999999998,36,0.036,0.43650000000000005,0.19318791715027941,9
Random,10,45,30.0,19.543000000000003,32,0.032,0.41875,0.32658772539825515,1
Random,10,46,39.1,21.678999999999995,30,0.03,0.4255,0.3525976092532349,11
Random,10,47,18.9,14.152000000000003,48,0.048,0.467,0.2491786561744632,1
Random,10,48,27.0,19.317000000000004,39,0.039,0.4668928571428571,0.2054990542968833,1
Random,10,49,12.6,19.345,38,0.038,0.45875,0.20618845739378724,5
Random,10,50,26.7,16.554000000000002,47,0.047,0.42278571428571426,0.15807747661080476,6
Random,10,51,35.2,20.743,36,0.036,0.4470833333333333,0.23610649996154792,8
Random,10,52,13.8,18.357999999999997,38,0.038,0.46858333333333335,0.1456874149324447,11
Random,10,53,35.9,22.135,52,0.052,0.4505833333333333,0.1982161062180138,1
Random,10,54,30.9,16.468000000000004,41,0.041,0.4306309523809524,0.1780422963189961,5
Random,10,55,23.5,16.631,48,0.048,0.45075,0.25968595198477396,2
Random,10,56,19.1,19.29,40,0.04,0.41733333333333333,0.10156555130492548,7
Random,10,57,27.6,20.811,30,0.03,0.4545833333333333,0.21420838868768177,6
Random,10,58,18.3,19.698,38,0.038,0.43325,0.21362648811533572,12
Random,10,59,30.1,29.607999999999997,28,0.028,0.4215,0.2323854399567046,18
Random,10,60,17.2,17.736,38,0.038,0.4595833333333333,0.2812715640797844,9
Random,10,61,16.0,14.325999999999999,56,0.056,0.4530833333333334,0.21266227381623132,12
Random,10,62,19.2,17.480000000000004,40,0.04,0.45733333333333337,0.29526733272834116,4
Random,10,63,20.2,13.397000000000002,56,0.056,0.49700000000000005,0.14277731594741955,9
Random,10,64,20.0,15.428000000000003,50,0.05,0.43450000000000005,0.1335859686260684,7
Random,10,65,8.5,20.197,53,0.053,0.43510714285714286,0.13277628995103138,7
Random,10,66,19.4,23.169,44,0.044,0.4625,0.19018476843703006,3
Random,10,67,24.0,17.046,39,0.039,0.44910714285714287,0.26759273052336774,2
Random,10,68,28.7,18.109,44,0.044,0.45057142857142857,0.22865765904768837,3
Random,10,69,16.4,16.126000000000005,49,0.049,0.45917857142857144,0.17090535158504125,10
Random,10,70,27.5,20.444000000000003,26,0.026,0.4697142857142857,0.14502290007979207,1
Random,10,71,23.8,21.359,40,0.04,0.43024999999999997,0.14638638483210992,1
Random,10,72,9.9,18.873,46,0.046,0.441,0.1690079504496073,6
Random,10,73,38.7,22.048999999999996,34,0.034,0.4588333333333333,0.24442568517416685,5
Random,10,74,40.6,24.581,30,0.03,0.45775,0.31403768246923275,7
Random,10,75,26.0,25.485,33,0.033,0.4225,0.32466447575389923,2
Random,10,76,11.7,15.835000000000003,58,0.058,0.4420833333333334,0.1536383357311886,2
Random,10,77,15.3,18.875,40,0.04,0.4703333333333333,0.1740624153440621,3
Random,10,78,23.8,20.003999999999998,40,0.04,0.44028571428571434,0.30454198728028076,1
Random,10,79,19.0,18.436,47,0.047,0.4423571428571429,0.2963746202552845,5
Random,10,80,32.4,23.028000000000002,36,0.036,0.46733333333333343,0.22039551520917802,1
Random,10,81,14.1,16.252,47,0.047,0.47642857142857137,0.2083443615648209,2
Random,10,82,15.3,19.602999999999998,40,0.04,0.42875,0.28241741144713106,1
Random,10,83,18.3,11.93,60,0.06,0.4436666666666666,0.23382028703707528,4
Random,10,84,27.6,20.022999999999996,36,0.036,0.4219166666666666,0.30062633311879094,13
Random,10,85,34.8,17.135,43,0.043,0.4487619047619048,0.3402060279904365,2
Random,10,86,26.5,17.842,32,0.032,0.446,0.2897378196549232,6
Random,10,87,39.8,24.231000000000005,27,0.027,0.44492857142857145,0.28718602488197786,1
Random,10,88,33.1,28.642,24,0.024,0.41350000000000003,0.20173886842788127,4
Random,10,89,19.4,17.177000000000003,46,0.046,0.45666666666666667,0.18516992538426952,11
Random,10,90,28.4,17.878,39,0.039,0.48996428571428574,0.2324594247393977,2
Random,10,91,13.3,19.202,44,0.044,0.4776666666666667,0.14416476162041308,3
Random,10,92,26.8,19.809,38,0.038,0.41875000000000007,0.26666190398399187,1
Random,10,93,38.4,20.007,26,0.026,0.4751785714285714,0.3006938809406736,21
Random,10,94,24.1,18.680999999999997,46,0.046,0.42857142857142855,0.2994856618204445,18
Random,10,95,19.3,15.035,48,0.048,0.46649999999999997,0.18980146073411444,5
Random,10,96,26.0,16.611,36,0.036,0.4454166666666666,0.3579022064538757,13
Random,10,97,21.6,16.307,46,0.046,0.45108333333333334,0.23836467512256285,6
Random,10,98,23.9,18.711000000000002,32,0.032,0.4725,0.2731784029205812,8
Random,10,99,39.6,22.603,31,0.031,0.441,0.27145537448540763,3
Random,10,100,23.6,21.078000000000003,43,0.043,0.4265952380952382,0.20325879423913173,2
Naive,10,1,96.5,47.90299999999999,4,0.004,0.12925,0.8812976266942932,1
Naive,10,2,67.1,41.67500000000001,12,0.012,0.20525,0.4756492272034122,1
Naive,10,3,81.1,44.29500000000001,12,0.012,0.1295,0.8772117522260027,2
Naive,10,4,69.0,38.208,8,0.008,0.09924999999999999,0.6037325326692141,7
Naive,10,5,101.0,51.5,0,0.0,0.15499999999999997,0.9198611004449214,101
Naive,10,6,55.1,38.855999999999995,10,0.01,0.10175000000000001,0.5584052395928026,3
Naive,10,7,59.3,44.853,6,0.006,0.23775000000000002,0.47529590433525526,37
Naive,10,8,47.8,42.974,10,0.01,0.209,0.5207844794623994,4
Naive,10,9,76.5,39.728,8,0.008,0.17600000000000002,0.6195531411365005,3
Naive,10,10,63.5,40.788,6,0.006,0.11574999999999998,0.6487052490543493,59
Naive,10,11,65.9,35.249,18,0.018,0.2915,0.5798360672704819,4
Naive,10,12,88.2,41.251999999999995,8,0.008,0.11350000000000002,0.5547940465755727,4
Naive,10,13,81.0,51.3,2,0.002,0.08549999999999999,0.5196513715664239,100
Naive,10,14,81.7,44.208999999999996,10,0.01,0.0935,0.43648225552153636,1
Naive,10,15,68.2,45.284,4,0.004,0.0525,0.8552405980772079,80
Naive,10,16,79.4,41.591,8,0.008,0.15299999999999997,0.48352352717113234,6
Naive,10,17,100.8,51.3,2,0.002,0.10950000000000001,0.87539132461546,1
Naive,10,18,81.6,50.34000000000001,4,0.004,0.08675,0.8238550545516355,1
Naive,10,19,90.6,46.403999999999996,2,0.002,0.09850000000000002,0.8645774909233988,52
Naive,10,20,101.0,51.5,0,0.0,0.06499999999999999,0.877996774819317,101
Naive,10,21,88.3,46.30300000000001,6,0.006,0.057333333333333326,0.5118126926084289,1
Naive,10,22,78.2,38.70399999999999,8,0.008,0.16,0.6610597869685139,20
Naive,10,23,98.1,48.83400000000002,4,0.004,0.12725,0.6545429153705944,7
Naive,10,24,67.2,42.68999999999999,8,0.008,0.16624999999999995,0.37370233785782336,18
Naive,10,25,95.6,47.4,4,0.004,0.16699999999999998,0.8668802303103982,1
Naive,10,26,61.2,40.99199999999999,6,0.006,0.19200000000000003,0.53937763727858,36
Naive,10,27,90.0,42.775,10,0.01,0.0395,0.9435940947097545,5
Naive,10,28,72.0,42.504,8,0.008,0.14024999999999999,0.6802202663253336,13
Naive,10,29,80.8,51.001000000000005,5,0.005,0.07828571428571429,0.8,1
Naive,10,30,99.3,49.905,4,0.004,0.15349999999999997,0.4670108628403765,1
Naive,10,31,94.5,46.323,4,0.004,0.10350000000000001,0.8551283272009021,21
Naive,10,32,60.2,34.617999999999995,10,0.01,0.18375,0.8185161460783158,45
Naive,10,33,101.0,51.5,0,0.0,0.16399999999999998,0.38019805704461607,101
Naive,10,34,87.2,43.573999999999984,4,0.004,0.08175,0.993645218069485,30
Naive,10,35,69.8,44.724000000000004,4,0.004,0.08324999999999999,0.7514707190898485,68
Naive,10,36,83.2,39.192,8,0.008,0.08625,0.6379144969641997,17
Naive,10,37,81.6,38.268,10,0.01,0.13225,0.5320265025035541,4
Naive,10,38,78.2,42.044,4,0.004,0.032249999999999994,0.7307782431596077,45
Naive,10,39,78.0,40.543,12,0.012,0.165,0.7028799805245998,3
Naive,10,40,66.8,36.74400000000001,10,0.01,0.08774999999999998,0.791130400898054,1
Naive,10,41,51.2,33.48,10,0.01,0.22575,0.7606046561853157,40
Naive,10,42,92.6,45.804,4,0.004,0.08399999999999999,0.867477038065385,5
Naive,10,43,76.0,41.827999999999996,6,0.006,0.08074999999999999,0.928495101072037,3
Naive,10,44,91.2,46.403999999999996,2,0.002,0.15499999999999997,0.9509221875597909,49
Naive,10,45,82.0,50.36,2,0.002,0.18350000000000002,0.6075552490931916,95
Naive,10,46,71.5,43.593,6,0.006,0.12475000000000001,0.5564758585363287,35
Naive,10,47,71.6,37.541,12,0.012,0.11600000000000002,0.7273193586085756,1
Naive,10,48,68.5,43.184,8,0.008,0.13399999999999998,0.6847327676757546,1
Naive,10,49,87.5,43.81700000000001,4,0.004,0.1125,0.8280846513864114,43
Naive,10,50,99.8,50.36,2,0.002,0.11199999999999999,0.8031396241287853,6
Naive,10,51,91.6,46.424,2,0.002,0.08274999999999999,0.6220923312444081,47
Naive,10,52,76.4,43.303999999999995,4,0.004,0.17725000000000002,0.8592863004378902,42
Naive,10,53,63.9,35.152,16,0.016,0.16374999999999995,0.6569935284566214,1
Naive,10,54,79.2,45.626,6,0.006,0.13299999999999998,0.7160962201797736,16
Naive,10,55,62.0,40.378,8,0.008,0.16725,0.6033021437832387,50
Naive,10,56,76.6,38.244,8,0.008,0.11599999999999998,0.892631497984693,4
Naive,10,57,53.1,37.745999999999995,10,0.01,0.1515,0.6717110087687346,49
Naive,10,58,60.5,30.97,14,0.014,0.11875,0.8509098685914711,23
Naive,10,59,94.6,47.083999999999996,2,0.002,0.12299999999999997,0.742763125991128,32
Naive,10,60,83.0,49.52,2,0.002,0.10999999999999999,0.5310055096510646,90
Naive,10,61,89.3,43.81800000000001,8,0.008,0.09899999999999999,0.967434859024995,1
Naive,10,62,85.4,42.864,6,0.006,0.2045,0.8307124976281461,7
Naive,10,63,79.0,34.974000000000004,12,0.012,0.09700000000000002,0.9787539118793147,19
Naive,10,64,79.5,44.262,4,0.004,0.09949999999999999,0.7598235984640679,57
Naive,10,65,101.0,51.5,0,0.0,0.05399999999999999,0.42405150442685635,101
Naive,10,66,100.4,50.91199999999999,2,0.002,0.09499999999999999,0.8919472254949893,3
Naive,10,67,99.8,50.324000000000005,4,0.004,0.12866666666666665,0.8244068990927425,3
Naive,10,68,67.0,38.196000000000005,10,0.01,0.18699999999999994,0.7046939743984602,4
Naive,10,69,77.8,36.66400000000001,10,0.01,0.125,0.9317051077294298,14
Naive,10,70,100.8,51.3,2,0.002,0.12899999999999998,0.5899174807178644,1
Naive,10,71,75.6,40.183,10,0.01,0.126,0.640032191318269,1
Naive,10,72,101.0,51.5,0,0.0,0.04999999999999999,0.9564102758754917,101
Naive,10,73,76.0,43.85999999999999,6,0.006,0.09225,0.7259383419893923,31
Naive,10,74,86.2,47.50399999999999,2,0.002,0.092,0.6045467843520671,74
Naive,10,75,78.4,40.376000000000005,8,0.008,0.09174999999999998,0.9590043954041736,2
Naive,10,76,94.4,46.09199999999999,4,0.004,0.12225,0.8884304418514837,10
Naive,10,77,96.2,47.803999999999995,2,0.002,0.03625,1.0,24
Naive,10,78,93.2,45.152,4,0.004,0.1405,0.7675116395347189,18
Naive,10,79,72.6,46.59800000000001,6,0.006,0.17874999999999996,0.7727977117456284,5
Naive,10,80,89.1,46.386,4,0.004,0.14549999999999996,0.6276712979925974,1
Naive,10,81,71.6,40.83,10,0.01,0.21025000000000002,0.7553951998745498,2
Naive,10,82,46.6,37.31799999999999,12,0.012,0.19824999999999995,0.6877090416427576,1
Naive,10,83,91.0,45.663999999999994,6,0.006,0.08599999999999998,0.5090143824303526,1
Naive,10,84,60.9,38.38400000000001,10,0.01,0.12049999999999997,0.7488769255663672,19
Naive,10,85,64.6,41.036,6,0.006,0.12325,0.6982242263592553,57
Naive,10,86,89.6,46.48400000000001,2,0.002,0.09,0.4463818500369518,57
Naive,10,87,92.9,46.074,6,0.006,0.14575,0.7552069796584967,1
Naive,10,88,101.0,51.5,0,0.0,0.11900000000000002,0.9182437257831181,101
Naive,10,89,101.0,51.5,0,0.0,0.08499999999999996,0.9174296812410476,101
Naive,10,90,76.8,46.5,4,0.004,0.10425,0.6845155434913563,80
Naive,10,91,101.0,51.5,0,0.0,0.11599999999999998,0.9591787280090003,101
Naive,10,92,75.6,41.61600000000001,6,0.006,0.14675000000000002,0.6665810132164389,40
Naive,10,93,70.9,42.674,8,0.008,0.17549999999999996,0.8689385236403341,10
Naive,10,94,74.8,35.68000000000001,10,0.01,0.18283333333333332,0.539249733524969,19
Naive,10,95,68.7,38.849999999999994,10,0.01,0.07949999999999999,0.8743686333091134,4
Naive,10,96,79.1,41.336000000000006,6,0.006,0.11275,0.660207633314826,36
Naive,10,97,64.6,38.258,12,0.012,0.3464999999999999,0.5733315946299036,14
Naive,10,98,98.2,49.06399999999999,2,0.002,0.07125,0.8104717602961913,14
Naive,10,99,79.0,47.114000000000004,6,0.006,0.18350000000000002,0.5747655800127656,9
Naive,10,100,88.8,43.23,10,0.01,0.10166666666666666,0.7501447335111135,2
Two-frame Naive,10,1,100.8,51.3,2,0.002,0.12299999999999998,0.7217275410507289,1
Two-frame Naive,10,2,77.9,45.028999999999996,6,0.006,0.11299999999999999,0.8470335108642676,1
Two-frame Naive,10,3,100.2,50.70799999999999,4,0.004,0.08133333333333333,0.7783366586109828,2
Two-frame Naive,10,4,64.6,37.724,10,0.01,0.13899999999999998,0.5463557983000753,7
Two-frame Naive,10,5,79.6,38.29,8,0.008,0.09824999999999999,0.7088018626112006,3
Two-frame Naive,10,6,79.9,40.544000000000004,8,0.008,0.10849999999999999,0.6119706615942988,3
Two-frame Naive,10,7,90.2,46.423999999999985,2,0.002,0.027999999999999997,0.5532626872749775,54
Two-frame Naive,10,8,57.8,43.674,8,0.008,0.13299999999999998,0.6639839710806984,4
Two-frame Naive,10,9,90.6,44.376000000000005,6,0.006,0.09049999999999998,0.5944615021595108,3
Two-frame Naive,10,10,60.2,31.618000000000002,12,0.012,0.08925000000000001,0.9898004175707975,14
Two-frame Naive,10,11,55.8,39.252,10,0.01,0.067,0.4938502753763041,12
Two-frame Naive,10,12,94.6,47.083999999999996,2,0.002,0.03925000000000001,1.0,32
Two-frame Naive,10,13,81.0,51.3,2,0.002,0.0895,0.5220068242882665,100
Two-frame Naive,10,14,75.8,38.46500000000001,10,0.01,0.07975,0.9264643381770112,16
Two-frame Naive,10,15,73.6,47.83400000000002,4,0.004,0.17174999999999996,0.6358568995528571,82
Two-frame Naive,10,16,72.7,43.28,8,0.008,0.14275000000000002,0.8484105887633383,6
Two-frame Naive,10,17,100.8,51.3,2,0.002,0.05449999999999999,0.9952038658254108,1
Two-frame Naive,10,18,91.6,46.24000000000001,4,0.004,0.052749999999999984,0.6340143352296941,1
Two-frame Naive,10,19,75.8,42.408,4,0.004,0.0745,0.8098070387597953,52
Two-frame Naive,10,20,101.0,51.5,0,0.0,0.05499999999999998,0.38599927954466917,101
Two-frame Naive,10,21,64.7,43.276,12,0.012,0.08733333333333332,0.6668368202472355,1
Two-frame Naive,10,22,97.0,48.26,2,0.002,0.04125,0.20380411238721222,20
Two-frame Naive,10,23,70.0,44.00800000000001,6,0.006,0.09949999999999999,0.6415331318309432,1
Two-frame Naive,10,24,60.8,43.122,8,0.008,0.1875,0.6140826858031994,59
Two-frame Naive,10,25,95.6,47.4,4,0.004,0.06574999999999999,0.8002593250011365,1
Two-frame Naive,10,26,49.7,37.144999999999996,10,0.01,0.09099999999999998,0.767882833241899,45
Two-frame Naive,10,27,100.6,51.10400000000001,2,0.002,0.09925,0.5531802894711185,2
Two-frame Naive,10,28,27.6,30.074,20,0.02,0.21075,0.3627553538852659,42
Two-frame Naive,10,29,100.8,51.3,2,0.002,0.05374999999999999,0.6799349697987433,1
Two-frame Naive,10,30,101.0,51.5,0,0.0,0.06199999999999999,0.9058601928739763,101
Two-frame Naive,10,31,74.0,40.04,8,0.008,0.10175000000000001,0.6247842804737518,21
Two-frame Naive,10,32,76.3,38.41,6,0.006,0.10925000000000001,0.8749578203402674,45
Two-frame Naive,10,33,74.6,44.76,4,0.004,0.12524999999999997,0.9070412062128981,41
Two-frame Naive,10,34,59.5,32.88,16,0.016,0.175,0.8210327457756803,2
Two-frame Naive,10,35,69.8,44.724000000000004,4,0.004,0.06425,0.8468781912987666,68
Two-frame Naive,10,36,85.7,44.71699999999999,4,0.004,0.10600000000000001,0.9312822638730813,17
Two-frame Naive,10,37,100.8,51.3,2,0.002,0.030999999999999993,1.0,1
Two-frame Naive,10,38,78.2,42.044,4,0.004,0.025999999999999995,0.7368462152734669,45
Two-frame Naive,10,39,64.8,38.660000000000004,8,0.008,0.06191666666666666,0.7628561864447793,3
Two-frame Naive,10,40,94.2,46.943999999999996,2,0.002,0.06649999999999999,0.9844476913630469,34
Two-frame Naive,10,41,79.6,40.29599999999999,6,0.006,0.10399999999999998,0.5557315043218791,40
Two-frame Naive,10,42,92.6,45.804,4,0.004,0.076,0.8758516847277029,5
Two-frame Naive,10,43,43.5,32.301,18,0.018,0.17124999999999996,0.6304617284569659,1
Two-frame Naive,10,44,93.1,45.01300000000001,6,0.006,0.11,0.9208629821743595,17
Two-frame Naive,10,45,99.0,49.68,2,0.002,0.07475,0.6326160255887532,10
Two-frame Naive,10,46,82.3,39.092000000000006,8,0.008,0.10099999999999999,0.6026651178757737,28
Two-frame Naive,10,47,75.3,39.330000000000005,10,0.01,0.0655,0.9096280953135318,1
Two-frame Naive,10,48,66.2,38.55799999999999,12,0.012,0.13941666666666666,0.6199208652771675,1
Two-frame Naive,10,49,73.8,45.02400000000001,4,0.004,0.046,0.7996086830181225,43
Two-frame Naive,10,50,81.9,48.035999999999994,6,0.006,0.06524999999999999,0.6928389920153462,1
Two-frame Naive,10,51,86.0,43.824,4,0.004,0.09525,0.7440729177727028,16
Two-frame Naive,10,52,101.0,51.5,0,0.0,0.041999999999999996,0.5591494560935459,101
Two-frame Naive,10,53,97.4,48.187999999999995,8,0.008,0.21116666666666667,0.7645850184599308,1
Two-frame Naive,10,54,42.9,28.049,16,0.016,0.1485,0.7478902317067904,5
Two-frame Naive,10,55,101.0,51.5,0,0.0,0.126,0.41573920506881973,101
Two-frame Naive,10,56,72.2,37.263999999999996,10,0.01,0.154,0.6999574851297788,4
Two-frame Naive,10,57,91.2,46.403999999999996,2,0.002,0.041999999999999996,1.0,49
Two-frame Naive,10,58,92.1,44.988000000000014,4,0.004,0.0925,0.9908612328354641,23
Two-frame Naive,10,59,94.6,47.083999999999996,2,0.002,0.096,0.5696982787242935,32
Two-frame Naive,10,60,77.0,46.926,10,0.01,0.09049999999999998,0.7866953466615164,2
Two-frame Naive,10,61,77.7,41.49799999999999,10,0.01,0.11474999999999998,0.8549021936257887,1
Two-frame Naive,10,62,94.0,46.88,2,0.002,0.079,0.7537048024624444,35
Two-frame Naive,10,63,83.4,49.21199999999999,2,0.002,0.04125,0.9262161665752323,88
Two-frame Naive,10,64,72.8,41.996,6,0.006,0.09399999999999999,0.8806095849192843,57
Two-frame Naive,10,65,101.0,51.5,0,0.0,0.023999999999999994,1.0,101
Two-frame Naive,10,66,93.0,45.536,6,0.006,0.08524999999999999,0.615344788411169,3
Two-frame Naive,10,67,93.4,46.71199999999999,2,0.002,0.10549999999999998,0.46736763378678264,38
Two-frame Naive,10,68,74.4,46.187999999999995,6,0.006,0.07075000000000001,0.7987337715027588,4
Two-frame Naive,10,69,86.3,42.09700000000001,6,0.006,0.15425,0.5735388901122376,14
Two-frame Naive,10,70,100.8,51.3,2,0.002,0.03474999999999999,1.0,1
Two-frame Naive,10,71,90.1,44.521000000000015,6,0.006,0.11399999999999999,0.5246988823126437,1
Two-frame Naive,10,72,101.0,51.5,0,0.0,0.069,0.8993892811965747,101
Two-frame Naive,10,73,70.2,45.263999999999996,4,0.004,0.09799999999999998,0.8327117524505079,60
Two-frame Naive,10,74,96.8,48.14,2,0.002,0.05925,0.8480092186308557,21
Two-frame Naive,10,75,101.0,51.5,0,0.0,0.068,0.9829057588787522,101
Two-frame Naive,10,76,94.4,46.09199999999999,4,0.004,0.033249999999999995,0.9874770274022998,10
Two-frame Naive,10,77,96.2,47.803999999999995,2,0.002,0.024249999999999997,1.0,24
Two-frame Naive,10,78,93.2,45.152,4,0.004,0.0605,0.8610893730312771,18
Two-frame Naive,10,79,98.0,48.72,4,0.004,0.05449999999999999,0.7661604544091023,5
Two-frame Naive,10,80,77.0,45.055,6,0.006,0.1605,0.6221957159415865,1
Two-frame Naive,10,81,93.2,46.663999999999994,2,0.002,0.142,0.7337240806283363,39
Two-frame Naive,10,82,87.3,46.845,4,0.004,0.0405,0.8766617704903424,1
Two-frame Naive,10,83,96.8,48.06,4,0.004,0.07799999999999999,0.5091990954612179,1
Two-frame Naive,10,84,95.6,47.20000000000001,4,0.004,0.07299999999999998,0.8292665681260776,19
Two-frame Naive,10,85,93.7,45.379,8,0.008,0.042749999999999996,0.8753790777892366,16
Two-frame Naive,10,86,86.4,47.41199999999999,2,0.002,0.033499999999999995,0.9590815823410489,73
Two-frame Naive,10,87,91.4,43.397999999999996,12,0.012,0.099,0.7109798673104695,1
Two-frame Naive,10,88,85.6,44.174000000000014,4,0.004,0.12200000000000001,0.28863456798580306,22
Two-frame Naive,10,89,75.1,41.46099999999999,6,0.006,0.07525,0.6478308205865698,13
Two-frame Naive,10,90,76.2,43.123999999999995,4,0.004,0.09050000000000001,0.7132742579259183,44
Two-frame Naive,10,91,101.0,51.5,0,0.0,0.09299999999999999,0.940385708106129,101
Two-frame Naive,10,92,79.9,43.04599999999999,8,0.008,0.06675,0.8853755802973179,5
Two-frame Naive,10,93,80.8,50.316,6,0.006,0.05975,0.6512153607510086,1
Two-frame Naive,10,94,82.4,39.93600000000001,6,0.006,0.10975,0.7927650033204567,19
Two-frame Naive,10,95,101.0,51.5,0,0.0,0.07399999999999998,0.9106127263638717,101
Two-frame Naive,10,96,79.1,41.336000000000006,6,0.006,0.046,0.9085467630858789,36
Two-frame Naive,10,97,89.8,46.46000000000001,2,0.002,0.09325,0.4422965342006446,56
Two-frame Naive,10,98,98.2,49.06399999999999,2,0.002,0.06724999999999999,0.7573693517018458,14
Two-frame Naive,10,99,82.0,49.256,4,0.004,0.114,0.6854115800571862,3
Two-frame Naive,10,100,91.2,46.02799999999999,4,0.004,0.055,1.0,2
Decision-aware,10,1,100.6,51.10400000000001,2,0.002,0.08349999999999999,0.8332967325102192,2
Decision-aware,10,2,77.9,45.028999999999996,6,0.006,0.06924999999999999,0.9210927905032081,1
Decision-aware,10,3,83.5,48.369,6,0.006,0.04675,0.8667519130679187,1
Decision-aware,10,4,92.8,45.628000000000014,4,0.004,0.0745,0.39062904725435343,7
Decision-aware,10,5,87.6,46.944,2,0.002,0.144,0.4209859278509359,67
Decision-aware,10,6,101.0,51.5,0,0.0,0.06199999999999999,0.995376089938102,101
Decision-aware,10,7,101.0,51.5,0,0.0,0.056999999999999995,0.4579986709993132,101
Decision-aware,10,8,86.6,46.50800000000001,4,0.004,0.07399999999999998,0.8580753452267388,4
Decision-aware,10,9,86.6,46.496,4,0.004,0.09149999999999998,0.8330270667917805,3
Decision-aware,10,10,89.2,46.54399999999999,2,0.002,0.13899999999999998,0.40658310308199586,59
Decision-aware,10,11,88.0,46.82,2,0.002,0.12,0.6774571926070874,65
Decision-aware,10,12,101.0,51.5,0,0.0,0.04999999999999999,0.9372420533756284,101
Decision-aware,10,13,101.0,51.5,0,0.0,0.08199999999999999,0.6835520991270043,101
Decision-aware,10,14,83.0,49.52,2,0.002,0.10300000000000001,0.7903636351421588,90
Decision-aware,10,15,101.0,51.5,0,0.0,0.05899999999999998,0.9200995375825493,101
Decision-aware,10,16,96.2,47.47999999999999,4,0.004,0.0885,0.9737469531914014,6
Decision-aware,10,17,100.8,51.3,2,0.002,0.0365,0.9999235214110589,1
Decision-aware,10,18,91.9,46.066999999999986,4,0.004,0.0435,0.8056173073313222,3
Decision-aware,10,19,90.6,46.403999999999996,2,0.002,0.08449999999999999,0.8504645318104396,52
Decision-aware,10,20,101.0,51.5,0,0.0,0.05299999999999999,0.8700429183364035,101
Decision-aware,10,21,88.3,46.30300000000001,6,0.006,0.04266666666666666,0.5060944336070404,1
Decision-aware,10,22,97.0,48.26,2,0.002,0.03925,0.8904981778481152,20
Decision-aware,10,23,98.0,48.92,2,0.002,0.07825,0.9795101262192313,15
Decision-aware,10,24,71.6,44.256,4,0.004,0.12475,0.9333590237180897,59
Decision-aware,10,25,85.8,47.4,4,0.004,0.10924999999999997,0.7513403059267711,1
Decision-aware,10,26,78.0,42.12,4,0.004,0.127,0.7325104336889641,45
Decision-aware,10,27,100.6,51.10400000000001,2,0.002,0.111,0.4107644359956626,2
Decision-aware,10,28,101.0,51.5,0,0.0,0.126,0.755914498121908,101
Decision-aware,10,29,100.8,51.3,2,0.002,0.0535,0.6898306975566546,1
Decision-aware,10,30,101.0,51.5,0,0.0,0.055999999999999994,0.9013147383285218,101
Decision-aware,10,31,91.8,46.44000000000001,2,0.002,0.019999999999999997,1.0,46
Decision-aware,10,32,76.0,41.4,5,0.005,0.12696428571428572,0.6716620312383995,55
Decision-aware,10,33,101.0,51.5,0,0.0,0.154,0.19218638037873434,101
Decision-aware,10,34,63.8,42.0,6,0.006,0.13049999999999998,0.33755341761258617,30
Decision-aware,10,35,101.0,51.5,0,0.0,0.022999999999999993,0.8508579347904778,101
Decision-aware,10,36,100.4,50.91199999999999,2,0.002,0.05724999999999999,0.3335917475774236,3
Decision-aware,10,37,76.5,36.907000000000004,8,0.008,0.032999999999999995,0.9934187732608786,16
Decision-aware,10,38,92.0,46.46,2,0.002,0.03,0.7395415519229165,45
Decision-aware,10,39,101.0,51.5,0,0.0,0.03499999999999999,0.9494993959831401,101
Decision-aware,10,40,94.2,46.943999999999996,2,0.002,0.04650000000000001,1.0,34
Decision-aware,10,41,101.0,51.5,0,0.0,0.05199999999999999,0.7583286802308031,101
Decision-aware,10,42,84.6,47.61400000000001,4,0.004,0.058249999999999996,0.9812124333990854,5
Decision-aware,10,43,92.2,46.483999999999995,2,0.002,0.09399999999999999,0.5316721743847791,44
Decision-aware,10,44,81.2,51.104,2,0.002,0.06899999999999999,0.7424830637652048,99
Decision-aware,10,45,98.4,49.21199999999999,2,0.002,0.06799999999999999,0.6697403111197009,13
Decision-aware,10,46,101.0,51.5,0,0.0,0.10099999999999999,0.529600191257071,101
Decision-aware,10,47,100.6,51.10000000000001,4,0.004,0.06533333333333333,0.9511793502573209,1
Decision-aware,10,48,91.8,46.26,4,0.004,0.09475,0.6700156159354164,1
Decision-aware,10,49,81.6,50.724000000000004,2,0.002,0.081,0.31148604900748206,97
Decision-aware,10,50,77.2,45.16999999999999,4,0.004,0.087,0.7904945643259633,58
Decision-aware,10,51,91.6,46.424,2,0.002,0.07549999999999998,0.6137562576318787,47
Decision-aware,10,52,95.8,47.60000000000001,2,0.002,0.15125,0.6819753683425391,26
Decision-aware,10,53,101.0,51.5,0,0.0,0.046,0.9990990990990991,101
Decision-aware,10,54,101.0,51.5,0,0.0,0.05299999999999999,0.983764898373558,101
Decision-aware,10,55,76.8,42.14,4,0.004,0.10399999999999998,0.769005176727797,50
Decision-aware,10,56,101.0,51.5,0,0.0,0.05,0.4440467403932812,101
Decision-aware,10,57,91.2,46.403999999999996,2,0.002,0.081,0.9237060255906997,49
Decision-aware,10,58,81.6,44.214,4,0.004,0.09675,0.8524771376779519,62
Decision-aware,10,59,101.0,51.5,0,0.0,0.033,0.9990990990990991,101
Decision-aware,10,60,83.0,49.52,2,0.002,0.09999999999999998,0.5387447124792152,90
Decision-aware,10,61,83.6,49.064000000000014,2,0.002,0.07024999999999998,0.8700414905100144,87
Decision-aware,10,62,101.0,51.5,0,0.0,0.048999999999999995,1.0,101
Decision-aware,10,63,83.4,49.21199999999999,2,0.002,0.06724999999999999,0.9428828332418991,88
Decision-aware,10,64,79.5,44.262,4,0.004,0.08549999999999999,0.741691853252778,57
Decision-aware,10,65,101.0,51.5,0,0.0,0.046,0.43844405631940814,101
Decision-aware,10,66,100.0,50.54,2,0.002,0.11599999999999999,0.6744952548219512,5
Decision-aware,10,67,83.4,49.21199999999999,2,0.002,0.12424999999999997,0.5654821634261841,88
Decision-aware,10,68,91.9,45.013999999999996,4,0.004,0.03899999999999999,0.8654110619347396,29
Decision-aware,10,69,98.2,49.06399999999999,2,0.002,0.15275,0.6421497424729827,14
Decision-aware,10,70,84.2,46.48799999999999,4,0.004,0.10275000000000001,0.3634891152173297,7
Decision-aware,10,71,74.1,38.175,10,0.01,0.05899999999999998,0.35440992612170974,1
Decision-aware,10,72,101.0,51.5,0,0.0,0.05,0.9564102758754917,101
Decision-aware,10,73,88.6,44.742,4,0.004,0.07200000000000001,0.8333996330328886,31
Decision-aware,10,74,86.2,47.50399999999999,2,0.002,0.083,0.9298642996613073,74
Decision-aware,10,75,101.0,51.5,0,0.0,0.092,0.6879516052051043,101
Decision-aware,10,76,101.0,51.5,0,0.0,0.020999999999999998,0.9725883564522887,101
Decision-aware,10,77,96.2,47.803999999999995,2,0.002,0.02025,1.0,24
Decision-aware,10,78,101.0,51.5,0,0.0,0.059000000000000004,0.47278256151029163,101
Decision-aware,10,79,101.0,51.5,0,0.0,0.079,0.5940799010954331,101
Decision-aware,10,80,89.1,46.386,4,0.004,0.12024999999999998,0.6043198240178645,1
Decision-aware,10,81,91.2,46.121999999999986,4,0.004,0.0935,0.941016788908102,2
Decision-aware,10,82,90.8,46.400000000000006,2,0.002,0.016999999999999998,1.0,51
Decision-aware,10,83,90.0,46.44,2,0.002,0.12625000000000003,0.22882797686046633,55
Decision-aware,10,84,101.0,51.5,0,0.0,0.04499999999999999,0.9702040001646239,101
Decision-aware,10,85,89.6,46.48400000000001,2,0.002,0.092,0.5303110650905047,57
Decision-aware,10,86,89.6,46.48400000000001,2,0.002,0.07400000000000001,0.4459199591353665,57
Decision-aware,10,87,101.0,51.5,0,0.0,0.034999999999999996,1.0,101
Decision-aware,10,88,101.0,51.5,0,0.0,0.055,0.874519080315166,101
Decision-aware,10,89,101.0,51.5,0,0.0,0.05299999999999999,0.9086248170420241,101
Decision-aware,10,90,85.0,48.14,2,0.002,0.10399999999999998,0.6637949389977539,80
Decision-aware,10,91,101.0,51.5,0,0.0,0.075,0.9281993027361579,101
Decision-aware,10,92,80.4,44.35199999999999,4,0.004,0.079,0.5890949416404553,40
Decision-aware,10,93,101.0,51.5,0,0.0,0.24499999999999997,0.6157986008646856,101
Decision-aware,10,94,97.3,48.308000000000014,4,0.004,0.06899999999999999,0.42875771505513366,3
Decision-aware,10,95,101.0,51.5,0,0.0,0.07400000000000001,0.8886249236381728,101
Decision-aware,10,96,79.1,41.336000000000006,6,0.006,0.09675,0.6743414385583049,36
Decision-aware,10,97,101.0,51.5,0,0.0,0.057999999999999996,0.868356752408781,101
Decision-aware,10,98,101.0,51.5,0,0.0,0.040999999999999995,0.5991272132836898,101
Decision-aware,10,99,82.0,50.36,2,0.002,0.05999999999999999,0.781528123263688,95
Decision-aware,10,100,88.2,42.768,4,0.004,0.09749999999999998,0.6773400693289717,27
Unsure,10,1,13.8,16.017999999999997,51,0.051,0.008499999999999999,0.5923672168555733,2
Unsure,10,2,15.7,17.194000000000003,49,0.049,0.007249999999999999,0.4174217787340175,1
Unsure,10,3,19.5,19.651999999999997,38,0.038,0.013499999999999996,0.6494467885717237,1
Unsure,10,4,25.0,13.53,50,0.05,0.012999999999999998,0.8175886182737223,10
Unsure,10,5,17.4,15.940999999999999,47,0.047,0.008499999999999999,0.6569556054540575,4
Unsure,10,6,16.9,15.238000000000001,55,0.055,0.014249999999999999,0.6854180890295746,3
Unsure,10,7,22.5,16.283,43,0.043,0.006249999999999999,0.8292784786978823,8
Unsure,10,8,20.2,22.036999999999992,32,0.032,0.009666666666666664,0.7250295866881207,4
Unsure,10,9,20.1,16.736,47,0.047,0.009249999999999998,0.7373014763576867,3
Unsure,10,10,20.7,14.132000000000003,47,0.047,0.007999999999999998,0.5878439160825574,5
Unsure,10,11,27.9,15.790000000000003,53,0.053,0.013166666666666665,0.9428828332418991,4
Unsure,10,12,18.2,13.711999999999998,50,0.05,0.008249999999999999,0.6839978519172557,4
Unsure,10,13,13.1,15.201999999999998,52,0.052,0.004999999999999999,0.549472032994892,2
Unsure,10,14,24.5,18.291999999999998,37,0.037,0.0032499999999999994,0.8372125409501233,2
Unsure,10,15,33.1,19.432,52,0.052,0.008749999999999999,0.704769280128346,4
Unsure,10,16,11.8,17.435,46,0.046,0.011249999999999998,0.4189982178572837,3
Unsure,10,17,31.1,16.361,50,0.05,0.0115,0.8634606734647908,2
Unsure,10,18,17.5,19.249,39,0.039,0.01275,0.4777635797845958,13
Unsure,10,19,23.4,28.827,22,0.022,0.007999999999999998,0.6353255414966152,7
Unsure,10,20,13.9,15.080000000000002,51,0.051,0.009916666666666664,0.5665353967535283,11
Unsure,10,21,26.5,15.687000000000003,44,0.044,0.010916666666666663,0.8043674295747353,2
Unsure,10,22,6.5,14.559000000000001,60,0.06,0.006,0.3379970625574004,4
Unsure,10,23,19.8,17.28,53,0.053,0.010249999999999999,0.6067712888471066,1
Unsure,10,24,12.6,19.393,39,0.039,0.008249999999999999,0.4856649675686315,9
Unsure,10,25,26.1,18.964999999999996,45,0.045,0.0115,0.5934824956417647,4
Unsure,10,26,25.4,11.788000000000002,72,0.072,0.010166666666666666,0.7736083839235206,4
Unsure,10,27,35.3,20.763,32,0.032,0.0052499999999999995,0.7795772422246234,2
Unsure,10,28,23.7,15.29,50,0.05,0.009499999999999998,0.581266511150542,2
Unsure,10,29,26.8,20.066,40,0.04,0.006499999999999999,0.7325175420778799,1
Unsure,10,30,30.2,20.037000000000003,40,0.04,0.015249999999999996,0.6226073797384062,1
Unsure,10,31,19.9,24.974,24,0.024,0.011749999999999998,0.530584701049664,12
Unsure,10,32,14.4,11.964,74,0.074,0.018916666666666665,0.4689219866024309,9
Unsure,10,33,19.8,14.774,54,0.054,0.014749999999999996,0.6649138317153751,3
Unsure,10,34,18.0,13.064,58,0.058,0.008499999999999999,0.6336670592273972,2
Unsure,10,35,22.8,25.829,26,0.026,0.010499999999999999,0.4816093172492725,1
Unsure,10,36,21.5,17.337000000000003,41,0.041,0.013749999999999998,0.6359845547622618,3
Unsure,10,37,10.7,17.039,47,0.047,0.008499999999999999,0.4157505708086203,1
Unsure,10,38,18.1,16.971,51,0.051,0.010416666666666664,0.47745864917811537,13
Unsure,10,39,16.0,13.72,55,0.055,0.008249999999999999,0.6507276299888453,17
Unsure,10,40,41.7,24.384999999999994,36,0.036,0.009749999999999998,0.719919288940061,1
Unsure,10,41,12.7,15.865,48,0.048,0.013999999999999999,0.538251451122127,6
Unsure,10,42,43.7,21.805,32,0.032,0.010916666666666663,0.9905817145607276,5
Unsure,10,43,22.6,16.2,59,0.059,0.007749999999999999,0.6931212322612977,1
Unsure,10,44,11.2,13.684000000000001,57,0.057,0.009749999999999998,0.5166325818592947,5
Unsure,10,45,21.4,12.146,61,0.061,0.008249999999999999,0.7552279806695384,2
Unsure,10,46,26.5,21.225,30,0.03,0.007999999999999998,0.759796707162892,4
Unsure,10,47,20.5,15.031999999999998,46,0.046,0.012249999999999997,0.7169420671937345,1
Unsure,10,48,20.7,15.030000000000003,49,0.049,0.014249999999999999,0.7812730171612484,1
Unsure,10,49,46.0,21.721999999999998,30,0.03,0.006249999999999999,0.9279837664270716,7
Unsure,10,50,19.1,20.332,42,0.042,0.007499999999999999,0.5545551740233825,1
Unsure,10,51,22.2,19.115,49,0.049,0.010749999999999997,0.47611871400456734,4
Unsure,10,52,13.8,19.076,43,0.043,0.007499999999999999,0.5393024408848637,7
Unsure,10,53,33.5,17.932,51,0.051,0.011249999999999998,0.8759217969358615,1
Unsure,10,54,20.9,14.151000000000003,58,0.058,0.014249999999999999,0.7219281367167355,3
Unsure,10,55,9.3,22.447,47,0.047,0.014249999999999999,0.32718610167445805,12
Unsure,10,56,7.4,15.918,52,0.052,0.009499999999999998,0.40345907849203294,4
Unsure,10,57,19.8,16.497999999999998,50,0.05,0.009249999999999998,0.5670892655040924,6
Unsure,10,58,18.6,14.677999999999999,55,0.055,0.010249999999999999,0.6003896117199898,3
Unsure,10,59,21.3,15.091999999999999,47,0.047,0.01275,0.7320632190940144,8
Unsure,10,60,26.6,23.232999999999997,32,0.032,0.007499999999999999,0.6370479722300505,2
Unsure,10,61,21.9,17.194000000000003,42,0.042,0.019499999999999997,0.6102815110187999,1
Unsure,10,62,12.3,14.681,69,0.069,0.011,0.3455445932752994,2
Unsure,10,63,14.6,20.403,42,0.042,0.01375,0.5203190283677226,3
Unsure,10,64,15.9,16.009,52,0.052,0.013499999999999996,0.6093048793291611,4
Unsure,10,65,21.6,21.787,34,0.034,0.004999999999999999,0.6501616038411366,7
Unsure,10,66,24.0,15.499,53,0.053,0.007499999999999999,0.5299771679698246,3
Unsure,10,67,22.9,17.092000000000002,40,0.04,0.012249999999999997,0.793009928915932,3
Unsure,10,68,23.5,20.566,30,0.03,0.010249999999999999,0.6150358319873012,4
Unsure,10,69,21.9,19.015,46,0.046,0.007999999999999998,0.5421697597849666,8
Unsure,10,70,27.3,17.711,34,0.034,0.01275,0.7386514612427253,7
Unsure,10,71,14.8,16.798,50,0.05,0.009499999999999998,0.4241545457008454,5
Unsure,10,72,16.7,12.112000000000002,57,0.057,0.009499999999999998,0.5062586402376154,6
Unsure,10,73,20.2,19.697,35,0.035,0.006249999999999999,0.6618425155220485,5
Unsure,10,74,14.3,15.857999999999999,48,0.048,0.0045,0.5652600783402129,12
Unsure,10,75,10.9,13.345000000000002,53,0.053,0.012178571428571427,0.47737086890198716,11
Unsure,10,76,14.3,19.043999999999997,48,0.048,0.0052499999999999995,0.4535034976810671,2
Unsure,10,77,29.9,15.528000000000002,46,0.046,0.008499999999999999,0.6428262980919526,7
Unsure,10,78,14.1,17.631999999999994,45,0.045,0.010749999999999997,0.5790792855855751,18
Unsure,10,79,20.3,16.795,51,0.051,0.010499999999999999,0.5620701470053868,5
Unsure,10,80,13.7,13.104000000000001,62,0.062,0.004999999999999999,0.6378224326338902,1
Unsure,10,81,15.7,14.049000000000001,57,0.057,0.007249999999999999,0.6533978937336724,2
Unsure,10,82,27.2,18.344,40,0.04,0.007999999999999998,0.6560945322453391,1
Unsure,10,83,59.7,26.662,27,0.027,0.006999999999999998,0.8762256967595663,1
Unsure,10,84,45.1,21.578999999999997,43,0.043,0.009499999999999998,0.7144296797258142,7
Unsure,10,85,20.7,11.206000000000001,64,0.064,0.009928571428571427,0.7265670419864456,6
Unsure,10,86,23.1,13.875999999999998,50,0.05,0.00925,0.7790232861459822,7
Unsure,10,87,15.4,17.28,53,0.053,0.0115,0.5698372011546199,1
Unsure,10,88,7.5,17.328999999999997,43,0.043,0.012499999999999997,0.403992796000949,3
Unsure,10,89,12.0,16.679000000000002,50,0.05,0.013249999999999998,0.6113702153427983,5
Unsure,10,90,17.3,19.588,50,0.05,0.009749999999999998,0.44786874651722713,6
Unsure,10,91,32.3,13.719,52,0.052,0.009249999999999998,0.8383019359952157,2
Unsure,10,92,14.4,14.976,51,0.051,0.007249999999999999,0.5568082511556736,1
Unsure,10,93,16.2,21.789999999999996,46,0.046,0.008249999999999999,0.49301556823593967,1
Unsure,10,94,17.8,15.95,48,0.048,0.006999999999999998,0.7022835866881569,6
Unsure,10,95,19.1,19.313,52,0.052,0.013249999999999998,0.43615519358472643,4
Unsure,10,96,41.5,20.704,29,0.029,0.005999999999999998,0.8270765294998933,13
Unsure,10,97,26.1,20.034999999999997,33,0.033,0.005999999999999998,0.8998479299251272,3
Unsure,10,98,21.5,23.073,36,0.036,0.005999999999999998,0.7091417932297066,2
Unsure,10,99,12.7,13.477000000000002,64,0.064,0.012916666666666665,0.5472475467605983,3
Unsure,10,100,22.0,18.018,40,0.04,0.014107142857142856,0.6677799170846075,2
Switch,10,1,17.8,14.249,58,0.058,0.6414166666666665,0.1410264613498816,1
Switch,10,2,5.5,13.478000000000002,74,0.074,0.5469166666666667,0.18579890194135046,1
Switch,10,3,34.9,21.326000000000004,41,0.041,0.4161904761904762,0.4592725064500648,1
Switch,10,4,13.1,10.693,70,0.07,0.5064166666666666,0.16409952326857752,10
Switch,10,5,11.9,16.122000000000003,52,0.052,0.5571666666666667,0.2584770374552983,1
Switch,10,6,6.1,12.115999999999996,73,0.073,0.3427738095238094,0.14304509170582247,3
Switch,10,7,11.9,12.479000000000001,60,0.06,0.35728571428571426,0.12516954079367382,3
Switch,10,8,18.1,12.363999999999999,71,0.071,0.4925,0.2198104539185301,4
Switch,10,9,12.7,14.873,64,0.064,0.5637380952380951,0.14013948941008875,3
Switch,10,10,5.6,15.519999999999998,58,0.058,0.5256071428571428,0.08800125313283207,5
Switch,10,11,15.0,15.777000000000003,52,0.052,0.48444047619047614,0.1845523703861876,4
Switch,10,12,15.9,13.674000000000001,50,0.05,0.5695833333333333,0.18619038713011765,4
Switch,10,13,18.8,15.073999999999998,62,0.062,0.49266666666666664,0.39111158496581194,1
Switch,10,14,23.9,17.659000000000002,45,0.045,0.5126666666666666,0.30251304245243993,1
Switch,10,15,7.8,12.776,63,0.063,0.52425,0.28243120490334117,5
Switch,10,16,8.9,13.112,74,0.074,0.3710833333333333,0.17784275756234563,3
Switch,10,17,9.3,11.208999999999998,91,0.091,0.5678214285714286,0.07031967226614716,1
Switch,10,18,15.8,12.465,64,0.064,0.5568333333333333,0.2280205021265151,1
Switch,10,19,13.4,10.165999999999999,74,0.074,0.5017499999999999,0.2565218121511771,4
Switch,10,20,20.2,18.119000000000003,44,0.044,0.5805833333333333,0.44877910170419505,2
Switch,10,21,6.5,9.604999999999999,88,0.088,0.4070833333333333,0.21220817907582612,1
Switch,10,22,8.2,8.166,103,0.103,0.3541547619047619,0.1700256527636562,4
Switch,10,23,17.9,11.272000000000002,72,0.072,0.5439166666666666,0.25036172952759633,1
Switch,10,24,7.5,12.832,71,0.071,0.409047619047619,0.1988172851560343,1
Switch,10,25,24.7,11.617,74,0.074,0.5647261904761904,0.12819487715088354,1
Switch,10,26,20.8,10.324999999999998,75,0.075,0.4609761904761905,0.2746039658954254,4
Switch,10,27,18.9,14.111000000000004,60,0.06,0.5083333333333333,0.4287664845974392,5
Switch,10,28,10.6,11.132999999999997,90,0.09,0.5191666666666667,0.1363214261205918,2
Switch,10,29,10.0,11.694999999999999,79,0.079,0.44975000000000004,0.08766744409636804,1
Switch,10,30,33.2,14.244000000000002,57,0.057,0.6570833333333335,0.4153851900713055,1
Switch,10,31,12.6,15.204999999999998,56,0.056,0.5578333333333334,0.10316852313327421,9
Switch,10,32,14.6,10.475999999999999,80,0.08,0.42150000000000004,0.2718756856660634,3
Switch,10,33,8.7,12.085,79,0.079,0.4844047619047619,0.2185739348897037,3
Switch,10,34,18.1,15.931999999999999,50,0.05,0.54125,0.22442870954309865,2
Switch,10,35,9.1,14.075999999999999,64,0.064,0.6571666666666667,0.23140866420811532,1
Switch,10,36,10.6,15.392000000000003,54,0.054,0.5853333333333333,0.15338046511004932,3
Switch,10,37,33.6,21.038,38,0.038,0.49900000000000005,0.44719538120064417,1
Switch,10,38,33.9,21.89,60,0.06,0.5117857142857143,0.15918104942810712,1
Switch,10,39,19.4,13.749,61,0.061,0.5565,0.12135236868566421,3
Switch,10,40,17.2,10.651000000000002,82,0.082,0.5671071428571429,0.25826428028819276,1
Switch,10,41,17.6,16.569,49,0.049,0.3927619047619048,0.19725322966866043,4
Switch,10,42,11.7,10.155,84,0.084,0.5536666666666666,0.16824546249995329,5
Switch,10,43,12.4,11.944,70,0.07,0.6185833333333334,0.2294214195296333,1
Switch,10,44,17.2,13.713000000000001,68,0.068,0.48529761904761903,0.2346386146442588,3
Switch,10,45,15.6,13.432999999999998,66,0.066,0.5555,0.3693833708442035,4
Switch,10,46,23.8,12.197999999999997,66,0.066,0.4750833333333333,0.35051090573756605,4
Switch,10,47,11.9,15.684000000000001,63,0.063,0.5522261904761905,0.32407769034084816,1
Switch,10,48,19.2,15.287000000000003,53,0.053,0.35825,0.39481210106323383,1
Switch,10,49,14.6,18.895999999999997,44,0.044,0.5689166666666666,0.2338172766633663,7
Switch,10,50,12.2,12.415999999999999,69,0.069,0.5619999999999999,0.1799304999010672,1
Switch,10,51,16.5,13.540999999999999,68,0.068,0.5000119047619048,0.43007482431149313,4
Switch,10,52,15.9,13.647000000000002,59,0.059,0.5307738095238096,0.2457439920218308,7
Switch,10,53,8.7,16.615000000000002,59,0.059,0.5282738095238095,0.15110388040522355,1
Switch,10,54,8.3,14.685,62,0.062,0.601,0.23595431172527687,5
Switch,10,55,19.2,15.496000000000002,54,0.054,0.5741666666666666,0.22401319280608542,2
Switch,10,56,21.7,15.61,48,0.048,0.58725,0.33889772663697737,4
Switch,10,57,32.8,21.673000000000002,41,0.041,0.4517857142857143,0.4344199913872183,2
Switch,10,58,19.7,14.808000000000002,64,0.064,0.48838095238095236,0.2387880958479159,1
Switch,10,59,15.2,10.669,79,0.079,0.44471428571428573,0.20391498181716097,2
Switch,10,60,14.9,13.925000000000002,69,0.069,0.5628571428571428,0.2802896538833276,2
Switch,10,61,11.0,13.325000000000003,75,0.075,0.611297619047619,0.1226093880672118,1
Switch,10,62,15.1,9.929,96,0.096,0.4143333333333334,0.21510849424926753,2
Switch,10,63,9.3,9.203,89,0.089,0.5112261904761904,0.3833650972226151,3
Switch,10,64,19.8,11.931,66,0.066,0.3873452380952381,0.40619106451118736,3
Switch,10,65,22.5,16.621,50,0.05,0.5869166666666668,0.1520412852231002,8
Switch,10,66,14.0,12.053000000000003,73,0.073,0.45928571428571424,0.15604156355285212,3
Switch,10,67,4.0,15.128,67,0.067,0.47383333333333333,0.15027203188967891,1
Switch,10,68,15.6,20.776,42,0.042,0.6415833333333333,0.39555719283795054,4
Switch,10,69,26.4,13.33,56,0.056,0.41134523809523815,0.476918326139255,9
Switch,10,70,14.8,14.046,58,0.058,0.4365,0.2750323769733923,1
Switch,10,71,20.7,13.256000000000002,65,0.065,0.5621785714285715,0.2849345191516629,1
Switch,10,72,39.1,22.305999999999994,38,0.038,0.3266666666666667,0.5230255219694608,6
Switch,10,73,22.4,13.128000000000002,70,0.07,0.45139285714285704,0.24666576799321308,5
Switch,10,74,16.0,12.982999999999999,63,0.063,0.5848809523809524,0.193875732833127,12
Switch,10,75,22.0,16.379,49,0.049,0.4722738095238096,0.35581598117827024,2
Switch,10,76,11.0,15.511999999999999,66,0.066,0.5680000000000001,0.12416021309439354,2
Switch,10,77,14.0,14.364,67,0.067,0.5202261904761905,0.23703668308513884,7
Switch,10,78,16.5,12.485999999999999,62,0.062,0.40541666666666665,0.15706085748701265,4
Switch,10,79,14.4,12.898000000000001,58,0.058,0.5845833333333333,0.17740076217465556,5
Switch,10,80,46.1,24.014999999999997,45,0.045,0.6860000000000003,0.3556180723654438,1
Switch,10,81,18.9,13.687000000000003,66,0.066,0.4254999999999999,0.24090234663414808,2
Switch,10,82,22.0,16.72,50,0.05,0.5665595238095238,0.2048409601028261,1
Switch,10,83,21.0,16.041,63,0.063,0.6184642857142857,0.15887321699074736,1
Switch,10,84,16.7,10.83,71,0.071,0.6859761904761905,0.15741941416917993,5
Switch,10,85,6.1,15.435999999999996,56,0.056,0.45416666666666666,0.2509708432897624,2
Switch,10,86,16.1,10.194,78,0.078,0.5235,0.20179967992518427,3
Switch,10,87,19.0,13.49,70,0.07,0.5096666666666667,0.3653033290098981,1
Switch,10,88,14.2,14.628000000000002,50,0.05,0.5140357142857143,0.26747239931770583,3
Switch,10,89,36.0,18.819000000000003,45,0.045,0.5261071428571429,0.35045342715892003,5
Switch,10,90,10.4,11.217,66,0.066,0.5090714285714286,0.18855312606129954,2
Switch,10,91,10.0,15.075999999999999,73,0.073,0.4126547619047619,0.1722427805294439,2
Switch,10,92,15.9,14.71,56,0.056,0.5864166666666667,0.3846998045346215,1
Switch,10,93,62.4,32.154,28,0.028,0.6298333333333335,0.21266610447628972,2
Switch,10,94,12.1,10.607999999999997,92,0.092,0.5580833333333333,0.16128741495238652,4
Switch,10,95,10.3,12.899,66,0.066,0.5241428571428571,0.21012284384575408,4
Switch,10,96,16.4,13.928000000000003,50,0.05,0.575,0.24251470883045148,3
Switch,10,97,21.8,14.53,59,0.059,0.5172142857142856,0.3839346121996611,4
Switch,10,98,10.6,16.78,61,0.061,0.5115238095238095,0.09077617964065804,2
Switch,10,99,6.0,13.531,76,0.076,0.6114999999999999,0.14872070615036653,3
Switch,10,100,14.2,12.51,68,0.068,0.48564285714285715,0.21623263856569896,2
Per-entity habitus,20,1,27.0,21.1835,59,0.0295,0.0958888888888889,0.541652723239866,2
Per-entity habitus,20,2,67.6,37.553,22,0.011,0.05132026143790851,0.9416897440637989,3
Per-entity habitus,20,3,79.15,42.32899999999999,24,0.012,0.05866666666666668,0.9609169007082355,2
Per-entity habitus,20,4,86.8,46.23700000000001,8,0.004,0.03794444444444446,0.9625481359885384,3
Per-entity habitus,20,5,94.3,49.22200000000001,2,0.001,0.03105555555555557,0.9974942569546762,67
Per-entity habitus,20,6,65.05,28.0055,50,0.025,0.06922222222222224,0.9909273069204444,1
Per-entity habitus,20,7,95.25,48.03549999999999,10,0.005,0.03022222222222223,0.9983894634680037,1
Per-entity habitus,20,8,94.75,46.773500000000006,10,0.005,0.02200000000000001,0.9995495495495496,1
Per-entity habitus,20,9,93.25,46.3715,8,0.004,0.04172222222222224,0.9953257161278648,2
Per-entity habitus,20,10,25.4,18.221000000000004,61,0.0305,0.08083823529411767,0.8557469935917557,1
Per-entity habitus,20,11,78.65,37.9575,26,0.013,0.068,0.9799076786656912,1
Per-entity habitus,20,12,58.8,26.678,33,0.0165,0.05443055555555557,1.0,1
Per-entity habitus,20,13,71.0,40.083999999999996,20,0.01,0.04834722222222223,0.9388078970219793,2
Per-entity habitus,20,14,100.5,51.004,6,0.003,0.03637500000000001,0.9782681950001543,1
Per-entity habitus,20,15,48.6,23.051499999999997,62,0.031,0.07699264705882354,0.9805784101194401,1
Per-entity habitus,20,16,74.05,40.558,20,0.01,0.04552777777777779,0.9898159559954889,1
Per-entity habitus,20,17,95.15,47.52699999999999,8,0.004,0.033625000000000016,1.0,2
Per-entity habitus,20,18,21.35,18.8495,73,0.0365,0.11484722222222224,0.5860228943784025,1
Per-entity habitus,20,19,86.7,50.04199999999999,6,0.003,0.0493888888888889,0.9156205455119555,3
Per-entity habitus,20,20,91.5,46.7295,14,0.007,0.03955555555555556,0.9922996068624939,1
Per-entity habitus,20,21,94.15,47.15,16,0.008,0.03405555555555556,0.9800352398841363,2
Per-entity habitus,20,22,66.65,29.208500000000004,34,0.017,0.048291666666666684,0.9761354722377916,3
Per-entity habitus,20,23,28.35,20.565,65,0.0325,0.09818709150326799,0.6748246772415135,1
Per-entity habitus,20,24,81.8,47.338,6,0.003,0.03255555555555557,0.9499124714446069,59
Per-entity habitus,20,25,91.7,48.685500000000005,11,0.0055,0.04430555555555557,0.9788204373623557,1
Per-entity habitus,20,26,88.15,43.98299999999999,14,0.007,0.044000000000000004,0.9999918099918099,2
Per-entity habitus,20,27,87.95,44.953999999999986,12,0.006,0.026777777777777786,0.999000099000099,1
Per-entity habitus,20,28,72.8,43.374500000000005,16,0.008,0.04311111111111112,0.9243554316756015,2
Per-entity habitus,20,29,89.75,46.015499999999996,14,0.007,0.03894444444444445,0.9939815578421344,1
Per-entity habitus,20,30,74.0,35.768,30,0.015,0.05555555555555557,0.9714414166209494,1
Per-entity habitus,20,31,80.2,37.8305,29,0.0145,0.056273692810457535,0.9910157853867215,1
Per-entity habitus,20,32,98.4,49.367999999999995,6,0.003,0.03466666666666668,0.998512276321265,1
Per-entity habitus,20,33,95.8,48.14300000000001,6,0.003,0.050055555555555575,0.9980640602283962,2
Per-entity habitus,20,34,88.6,44.933000000000014,14,0.007,0.02733333333333334,0.9999959049959048,1
Per-entity habitus,20,35,95.7,48.25349999999999,13,0.0065,0.039500000000000014,0.9949597791692149,1
Per-entity habitus,20,36,87.1,40.4315,27,0.0135,0.047751984126984136,1.0,1
Per-entity habitus,20,37,95.45,48.309,10,0.005,0.029444444444444454,0.9995495495495496,1
Per-entity habitus,20,38,100.9,51.39999999999999,2,0.001,0.031500000000000014,1.0,1
Per-entity habitus,20,39,48.15,25.7125,40,0.02,0.06904761904761905,0.9460178614715972,1
Per-entity habitus,20,40,82.3,38.98,30,0.015,0.05502777777777778,0.9889762782922797,1
Per-entity habitus,20,41,58.95,26.7155,42,0.021,0.08594642857142859,0.9076600533369564,2
Per-entity habitus,20,42,20.15,16.755000000000003,80,0.04,0.10608333333333335,0.7171704102914603,2
Per-entity habitus,20,43,85.5,40.0975,19,0.0095,0.04589869281045751,0.9782632365888834,1
Per-entity habitus,20,44,86.3,41.297,16,0.008,0.04052777777777779,0.9496368877059552,1
Per-entity habitus,20,45,61.9,28.030000000000005,41,0.0205,0.08763480392156862,0.9416306161487593,3
Per-entity habitus,20,46,49.3,25.01450000000001,50,0.025,0.07438970588235294,0.8578735381462451,2
Per-entity habitus,20,47,99.75,50.277,13,0.0065,0.03283333333333335,1.0,1
Per-entity habitus,20,48,40.3,20.9425,58,0.029,0.07482434640522877,0.940178564849749,1
Per-entity habitus,20,49,22.9,18.333000000000002,76,0.038,0.09861601307189544,0.5781868862295256,1
Per-entity habitus,20,50,32.6,19.076,74,0.037,0.12438643790849674,0.747765271212022,1
Per-entity habitus,20,51,82.35,46.194,13,0.0065,0.032820261437908504,0.9756080832876162,1
Per-entity habitus,20,52,99.35,49.90150000000001,13,0.0065,0.03249145299145301,0.9980788750726438,1
Per-entity habitus,20,53,53.35,26.373999999999995,54,0.027,0.07632539682539682,0.9876818174930537,1
Per-entity habitus,20,54,78.0,37.8055,28,0.014,0.04713293650793652,1.0,1
Per-entity habitus,20,55,98.25,49.093500000000006,8,0.004,0.03594444444444446,1.0,2
Per-entity habitus,20,56,68.15,33.9575,35,0.0175,0.05831045751633988,0.9155290787643727,1
Per-entity habitus,20,57,82.9,38.196000000000005,21,0.0105,0.049268790849673214,0.9712239731234344,3
Per-entity habitus,20,58,66.55,35.709,34,0.017,0.0503888888888889,0.9298072288188433,1
Per-entity habitus,20,59,100.9,51.39999999999999,2,0.001,0.02500000000000001,0.9995495495495496,1
Per-entity habitus,20,60,64.9,28.391000000000005,50,0.025,0.07198611111111111,0.9377377563061892,1
Per-entity habitus,20,61,78.6,38.47749999999999,22,0.011,0.05155555555555557,0.991421595237167,2
Per-entity habitus,20,62,64.8,33.48650000000001,42,0.021,0.044944444444444454,0.9210844343603789,1
Per-entity habitus,20,63,65.55,33.510000000000005,33,0.0165,0.056170634920634926,0.9519038782854572,1
Per-entity habitus,20,64,89.8,44.068000000000005,12,0.006,0.03305555555555556,0.978724961887688,2
Per-entity habitus,20,65,82.25,45.424499999999995,12,0.006,0.02943055555555556,0.9625481359885384,3
Per-entity habitus,20,66,67.75,31.378,31,0.0155,0.053523692810457525,0.9546352915642116,1
Per-entity habitus,20,67,85.15,40.586000000000006,19,0.0095,0.05933006535947714,0.9371200343972272,1
Per-entity habitus,20,68,80.35,39.613499999999995,18,0.009,0.06005555555555556,0.9906506674128963,1
Per-entity habitus,20,69,83.6,41.5265,22,0.011,0.03970833333333334,0.9872701984747817,2
Per-entity habitus,20,70,75.75,34.3815,33,0.0165,0.05894444444444446,0.9872077934250566,1
Per-entity habitus,20,71,70.6,38.227,22,0.011,0.038055555555555565,0.9577862312266336,3
Per-entity habitus,20,72,78.6,37.81249999999999,21,0.0105,0.04072222222222223,0.9993394381223328,1
Per-entity habitus,20,73,94.7,49.105999999999995,2,0.001,0.02500000000000001,0.9721427047121299,63
Per-entity habitus,20,74,84.25,47.186499999999995,10,0.005,0.03700000000000001,0.915181186547341,1
Per-entity habitus,20,75,33.7,20.0955,62,0.031,0.0800702614379085,0.8259907879334382,2
Per-entity habitus,20,76,92.0,47.931999999999995,8,0.004,0.03644444444444445,0.9898432358446186,2
Per-entity habitus,20,77,90.05,44.43900000000001,10,0.005,0.04594444444444446,0.9821392523084193,3
Per-entity habitus,20,78,73.9,33.715,34,0.017,0.04894444444444445,0.9993333333333332,1
Per-entity habitus,20,79,97.2,48.40549999999999,12,0.006,0.03986111111111112,0.9984600368910905,1
Per-entity habitus,20,80,40.9,21.343500000000002,61,0.0305,0.08933905228758171,0.9276833915099563,2
Per-entity habitus,20,81,18.65,18.3335,83,0.0415,0.10957924836601307,0.5421048968229059,1
Per-entity habitus,20,82,69.85,32.7345,31,0.0155,0.06900980392156864,0.9797950782000292,1
Per-entity habitus,20,83,65.75,35.681999999999995,36,0.018,0.053777777777777785,0.8879414166209495,1
Per-entity habitus,20,84,93.75,47.1825,10,0.005,0.03300000000000001,1.0,1
Per-entity habitus,20,85,14.65,18.5695,80,0.04,0.08983415032679738,0.5273694913429746,3
Per-entity habitus,20,86,89.8,47.256,10,0.005,0.03450000000000001,1.0,2
Per-entity habitus,20,87,78.0,42.961000000000006,17,0.0085,0.037777777777777785,0.9499013808631076,1
Per-entity habitus,20,88,90.05,42.733999999999995,20,0.01,0.061972222222222234,0.9977060358160846,1
Per-entity habitus,20,89,91.8,48.21,6,0.003,0.052166666666666674,1.0,1
Per-entity habitus,20,90,74.8,47.12,10,0.005,0.04405555555555557,0.9385350071549426,1
Per-entity habitus,20,91,78.95,41.64849999999999,14,0.007,0.037388888888888895,0.9298351648351648,22
Per-entity habitus,20,92,87.6,48.00200000000001,4,0.002,0.022500000000000006,0.9569925804329829,44
Per-entity habitus,20,93,30.35,19.8095,67,0.0335,0.0917042483660131,0.735538793263124,1
Per-entity habitus,20,94,86.2,47.583999999999996,6,0.003,0.023111111111111117,0.9570925937269503,4
Per-entity habitus,20,95,83.65,44.851499999999994,12,0.006,0.03505555555555557,1.0,2
Per-entity habitus,20,96,53.15,26.611000000000004,41,0.0205,0.0652001633986928,0.9104629448955064,1
Per-entity habitus,20,97,51.1,26.262499999999996,51,0.0255,0.07821323529411765,0.9400879165075151,2
Per-entity habitus,20,98,56.95,29.553999999999995,33,0.0165,0.05669934640522877,0.9160256410256409,24
Per-entity habitus,20,99,84.9,48.96,4,0.002,0.03311111111111112,0.9,61
Per-entity habitus,20,100,92.1,46.77800000000001,12,0.006,0.028000000000000008,0.9995412844036696,2
Mean habitus,20,1,79.0,40.268,16,0.008,0.12925000000000003,0.43836346740253135,2
Mean habitus,20,2,67.45,41.688500000000005,20,0.01,0.11745833333333336,0.5851852119446139,3
Mean habitus,20,3,60.95,40.2585,26,0.013,0.10195833333333335,0.6538343376919248,2
Mean habitus,20,4,64.05,40.650999999999996,26,0.013,0.11047222222222222,0.5999683660081744,3
Mean habitus,20,5,87.5,46.978,4,0.002,0.056222222222222236,0.9995495495495496,67
Mean habitus,20,6,73.9,39.938500000000005,24,0.012,0.06584722222222222,0.950093923534326,1
Mean habitus,20,7,73.55,41.989000000000004,18,0.009,0.06841666666666668,0.9527862312266336,1
Mean habitus,20,8,81.75,42.226000000000006,20,0.01,0.07893055555555557,0.9837184919275609,1
Mean habitus,20,9,73.65,39.990500000000004,22,0.011,0.0635,0.9130915554459358,2
Mean habitus,20,10,79.7,45.669,12,0.006,0.03877777777777778,0.9421562192761547,1
Mean habitus,20,11,77.5,41.5845,18,0.009,0.10111111111111112,0.7200577173919417,1
Mean habitus,20,12,82.0,41.3125,16,0.008,0.05777777777777779,0.8532348412382132,1
Mean habitus,20,13,56.9,35.1595,30,0.015,0.1428611111111111,0.8354969797598903,2
Mean habitus,20,14,91.85,49.79300000000001,8,0.004,0.06968055555555557,0.9280510234186765,1
Mean habitus,20,15,76.7,38.745999999999995,24,0.012,0.08444444444444445,0.811265884798205,1
Mean habitus,20,16,68.9,35.8365,26,0.013,0.10944444444444444,0.6577135941565662,1
Mean habitus,20,17,76.45,37.272999999999996,24,0.012,0.10223611111111111,0.6728796331294932,2
Mean habitus,20,18,95.6,48.55600000000001,6,0.003,0.057944444444444444,0.9991803278688524,1
Mean habitus,20,19,89.05,42.61450000000001,16,0.008,0.07393055555555555,0.9899643739321654,10
Mean habitus,20,20,61.05,37.4475,26,0.013,0.05522222222222222,0.9494650069685161,1
Mean habitus,20,21,83.55,45.332,14,0.007,0.06172222222222223,0.7894134836003242,2
Mean habitus,20,22,99.5,50.153999999999996,6,0.003,0.0815,0.738428689772767,10
Mean habitus,20,23,90.65,44.186499999999995,14,0.007,0.06638888888888889,0.6834115709038266,1
Mean habitus,20,24,79.8,42.764,10,0.005,0.06183333333333334,0.9907248770459194,5
Mean habitus,20,25,83.2,43.09449999999999,15,0.0075,0.053402777777777785,0.9990907567283713,1
Mean habitus,20,26,64.75,33.648,30,0.015,0.136,0.6203549947519827,2
Mean habitus,20,27,57.55,37.227000000000004,26,0.013,0.1153888888888889,0.6514901768491457,1
Mean habitus,20,28,86.9,42.68599999999999,14,0.007,0.0810277777777778,0.9773340169607898,2
Mean habitus,20,29,59.35,40.3455,32,0.016,0.07557142857142858,0.5838106716428757,1
Mean habitus,20,30,58.9,32.0985,36,0.018,0.14259722222222226,0.7111340223720355,1
Mean habitus,20,31,90.3,48.69049999999999,14,0.007,0.06134722222222224,0.9657298790326669,1
Mean habitus,20,32,63.45,42.84449999999999,18,0.009,0.09150000000000003,0.7459539370957812,1
Mean habitus,20,33,70.6,35.965,22,0.011,0.12969444444444445,0.9107002499725109,2
Mean habitus,20,34,75.25,38.4915,18,0.009,0.03361111111111112,0.9980196078431373,1
Mean habitus,20,35,89.55,42.174499999999995,31,0.0155,0.12831944444444446,0.8606595951118085,1
Mean habitus,20,36,67.2,43.122,26,0.013,0.10916666666666668,0.7032041034376547,1
Mean habitus,20,37,95.2,47.3325,12,0.006,0.039444444444444456,0.9995413595413595,1
Mean habitus,20,38,90.1,45.22800000000001,12,0.006,0.05261111111111111,0.9995283018867924,1
Mean habitus,20,39,81.8,45.33950000000001,18,0.009,0.06568650793650796,0.9514095408805439,1
Mean habitus,20,40,80.65,43.349999999999994,22,0.011,0.0978888888888889,0.9925980844995206,1
Mean habitus,20,41,82.15,43.72699999999999,18,0.009,0.05162698412698413,0.9547632733795186,2
Mean habitus,20,42,85.55,45.368500000000004,12,0.006,0.053402777777777785,0.9995495495495496,2
Mean habitus,20,43,57.8,38.084,36,0.018,0.0985138888888889,0.7448787192583118,1
Mean habitus,20,44,98.5,49.426,6,0.003,0.07277777777777779,0.40995993940816844,1
Mean habitus,20,45,71.95,37.251999999999995,20,0.01,0.07943055555555556,0.6714189441189117,3
Mean habitus,20,46,80.25,46.371,10,0.005,0.05250000000000001,0.9011056648168108,2
Mean habitus,20,47,69.8,41.38,25,0.0125,0.06144444444444444,0.9802810079167452,1
Mean habitus,20,48,62.35,42.23550000000001,22,0.011,0.08030555555555557,0.6797343086107099,1
Mean habitus,20,49,84.5,48.185,10,0.005,0.03594444444444445,0.7564187286390718,1
Mean habitus,20,50,67.25,37.8075,26,0.013,0.10720833333333335,0.7467160652213216,1
Mean habitus,20,51,81.15,43.0665,18,0.009,0.1197777777777778,0.5643484221194375,1
Mean habitus,20,52,71.55,37.76950000000001,34,0.017,0.09833333333333334,0.5699522215426631,1
Mean habitus,20,53,87.85,45.328500000000005,24,0.012,0.07854761904761905,0.9111060445898171,1
Mean habitus,20,54,84.8,44.21400000000001,18,0.009,0.06836111111111112,1.0,1
Mean habitus,20,55,69.2,36.997499999999995,28,0.014,0.05129166666666667,0.6739057826160006,2
Mean habitus,20,56,88.05,46.21550000000001,18,0.009,0.03629166666666668,0.9572507900621285,1
Mean habitus,20,57,88.5,47.71200000000001,8,0.004,0.05838888888888889,0.9908453980542467,3
Mean habitus,20,58,84.4,43.95249999999999,18,0.009,0.09666666666666668,0.7038829801558073,1
Mean habitus,20,59,100.9,51.39999999999999,2,0.001,0.04200000000000001,0.9489367664308865,1
Mean habitus,20,60,43.6,35.592,36,0.018,0.07679166666666667,0.5172491626404487,1
Mean habitus,20,61,80.35,38.030499999999996,28,0.014,0.08655555555555558,0.995273257224795,2
Mean habitus,20,62,87.6,46.49850000000001,18,0.009,0.06275,0.9756080832876162,1
Mean habitus,20,63,87.15,40.6395,38,0.019,0.09042320261437908,1.0,1
Mean habitus,20,64,92.9,46.78049999999999,14,0.007,0.05804166666666667,0.9995412844036696,2
Mean habitus,20,65,88.15,47.7365,8,0.004,0.051555555555555556,0.9625481359885384,3
Mean habitus,20,66,93.35,47.2725,12,0.006,0.079,0.7239705587651714,1
Mean habitus,20,67,78.95,38.3465,20,0.01,0.05077777777777778,1.0,1
Mean habitus,20,68,86.2,45.201499999999996,12,0.006,0.07988888888888891,0.9791064110468135,1
Mean habitus,20,69,81.85,38.4205,26,0.013,0.06211111111111111,0.5685674684903387,2
Mean habitus,20,70,67.05,40.471000000000004,32,0.016,0.07534722222222223,0.8399597570577304,1
Mean habitus,20,71,55.2,31.970999999999993,37,0.0185,0.12423183760683763,0.7072417045274733,3
Mean habitus,20,72,97.55,48.551500000000004,10,0.005,0.04177777777777778,1.0,1
Mean habitus,20,73,84.65,45.66749999999999,8,0.004,0.044722222222222247,0.8936015569499725,31
Mean habitus,20,74,91.75,45.646,14,0.007,0.05972222222222223,0.6367486126926736,1
Mean habitus,20,75,97.7,48.840999999999994,8,0.004,0.03691666666666668,1.0,2
Mean habitus,20,76,91.3,47.42500000000001,8,0.004,0.038611111111111124,1.0,2
Mean habitus,20,77,96.65,47.6915,14,0.007,0.06720833333333334,0.9967581472266867,3
Mean habitus,20,78,86.7,44.14,12,0.006,0.09727777777777778,0.9863243765027248,1
Mean habitus,20,79,75.4,40.8485,24,0.012,0.04841269841269842,0.9834542371337701,1
Mean habitus,20,80,83.9,44.65349999999999,16,0.008,0.06199999999999999,0.9500888730292754,2
Mean habitus,20,81,91.3,46.5505,12,0.006,0.06716666666666668,1.0,1
Mean habitus,20,82,73.35,42.91650000000001,18,0.009,0.10372222222222223,0.7525158356162859,1
Mean habitus,20,83,78.5,40.6785,22,0.011,0.06808333333333334,0.958280405308394,1
Mean habitus,20,84,75.95,39.3335,17,0.0085,0.08073202614379085,0.9796080832876161,1
Mean habitus,20,85,95.9,47.629,6,0.003,0.05505555555555555,0.9990990990990991,13
Mean habitus,20,86,81.7,45.051,16,0.008,0.05481944444444446,0.6894529037345112,2
Mean habitus,20,87,73.4,35.367000000000004,31,0.0155,0.10466666666666669,0.9372896260530753,1
Mean habitus,20,88,46.95,37.2145,26,0.013,0.17880555555555555,0.5309375352971778,1
Mean habitus,20,89,93.0,49.206,6,0.003,0.07788888888888891,0.8188325583706192,1
Mean habitus,20,90,79.85,39.395999999999994,22,0.011,0.10008333333333334,0.517669131109096,1
Mean habitus,20,91,85.9,43.27,10,0.005,0.0798888888888889,0.9973162445992013,5
Mean habitus,20,92,87.65,45.523999999999994,14,0.007,0.056833333333333326,0.9507310683394952,5
Mean habitus,20,93,76.6,44.92000000000001,22,0.011,0.03241666666666668,0.9450707615304633,1
Mean habitus,20,94,67.6,46.286,10,0.005,0.061333333333333344,0.7794555931615803,4
Mean habitus,20,95,89.9,43.6995,23,0.0115,0.10326307189542484,0.8674784050939159,2
Mean habitus,20,96,76.2,45.9525,17,0.0085,0.05794444444444445,0.6151562719753901,1
Mean habitus,20,97,76.5,44.54599999999999,26,0.013,0.04880555555555557,0.8877715020411688,2
Mean habitus,20,98,60.65,37.4655,22,0.011,0.10718055555555557,0.5625616040947504,8
Mean habitus,20,99,66.05,38.581,24,0.012,0.075,0.8755073203495533,3
Mean habitus,20,100,48.1,35.6355,28,0.014,0.06498412698412698,0.6482939623120463,2
Random,20,1,11.4,12.3455,146,0.073,0.5125261437908497,0.14503694151561378,1
Random,20,2,13.0,10.2225,175,0.0875,0.5084609997845291,0.13201638020893322,2
Random,20,3,14.5,10.866,176,0.088,0.5018134920634921,0.10165976455587193,1
Random,20,4,8.85,10.646999999999998,181,0.0905,0.5073433078359549,0.18027300271720587,3
Random,20,5,8.0,10.81,171,0.0855,0.4934665032679739,0.10284321290727394,5
Random,20,6,10.35,10.3095,171,0.0855,0.51053372118078,0.09487615021208382,1
Random,20,7,7.35,10.503,173,0.0865,0.48468160597572363,0.10270141770023988,2
Random,20,8,10.9,12.781,150,0.075,0.5153810690943044,0.12824723218029974,1
Random,20,9,9.2,9.807500000000001,177,0.0885,0.49809697083961796,0.18012860248452459,1
Random,20,10,14.95,13.775500000000001,131,0.0655,0.5109272875816994,0.14687980758749583,3
Random,20,11,15.65,11.289000000000001,172,0.086,0.5053860877684407,0.12981915358834573,1
Random,20,12,8.1,8.838500000000002,203,0.1015,0.5249761994541406,0.12357391036298022,1
Random,20,13,15.05,11.0025,169,0.0845,0.5172902661064426,0.14534969950213925,2
Random,20,14,15.0,11.573999999999998,160,0.08,0.5037982768865121,0.16864631827820253,1
Random,20,15,14.65,9.4895,198,0.099,0.49397746534511244,0.1665859847825709,1
Random,20,16,10.2,12.402000000000001,146,0.073,0.48019876283846874,0.18043892241294027,1
Random,20,17,14.8,10.360999999999999,186,0.093,0.5279900793650794,0.10706636932748995,1
Random,20,18,13.4,12.3665,165,0.0825,0.4861029942279943,0.13180224126184098,1
Random,20,19,16.0,12.7065,133,0.0665,0.5168794351073763,0.1793235742021738,6
Random,20,20,13.8,12.1995,163,0.0815,0.5121944444444444,0.1365916894029509,1
Random,20,21,12.65,12.614500000000003,156,0.078,0.4845890522875817,0.20470828863217133,1
Random,20,22,15.3,14.336500000000001,133,0.0665,0.485860410830999,0.19964796363147613,2
Random,20,23,10.25,11.261500000000002,154,0.077,0.49857220067514185,0.14233002232287434,1
Random,20,24,17.35,11.944499999999998,150,0.075,0.5058948412698413,0.1453129684528687,5
Random,20,25,15.8,9.697499999999998,170,0.085,0.48502253465488754,0.22944686245809418,1
Random,20,26,11.3,11.132,161,0.0805,0.4922669234360411,0.19805875865667671,1
Random,20,27,13.15,10.756000000000004,153,0.0765,0.5173925967823028,0.12705641239419094,1
Random,20,28,8.0,11.269,160,0.08,0.5150064192343604,0.1333258599814159,2
Random,20,29,12.9,12.452000000000004,142,0.071,0.5097702991452991,0.18638665970531829,1
Random,20,30,10.95,9.5845,186,0.093,0.48138491165697045,0.1488149113751128,1
Random,20,31,13.15,11.5575,154,0.077,0.487473721539898,0.14003817153855144,1
Random,20,32,12.45,9.412500000000001,196,0.098,0.5089151493930906,0.1527435198550648,2
Random,20,33,16.2,9.689500000000002,186,0.093,0.4958082399626517,0.14494423614252444,1
Random,20,34,8.5,13.575999999999999,148,0.074,0.4661448412698413,0.10078157919367339,1
Random,20,35,16.05,15.759,111,0.0555,0.4826438651218063,0.06826230959059022,1
Random,20,36,16.0,10.5175,174,0.087,0.5195220498455793,0.12335560857174825,2
Random,20,37,15.85,11.180499999999997,162,0.081,0.5100636087768441,0.16605304328894982,1
Random,20,38,10.35,12.207499999999998,169,0.0845,0.49865504022121665,0.12580277583769037,1
Random,20,39,18.25,13.278500000000001,146,0.073,0.49252182539682543,0.1541296510400955,1
Random,20,40,8.55,11.0935,158,0.079,0.46741911764705885,0.12950714909628544,1
Random,20,41,10.65,14.9015,137,0.0685,0.5144027777777778,0.116775292045312,1
Random,20,42,11.65,13.423500000000004,124,0.062,0.5077717086834734,0.09514674482084302,2
Random,20,43,21.55,14.210999999999999,113,0.0565,0.5021315359477124,0.18632916757284507,4
Random,20,44,7.85,9.454500000000001,189,0.0945,0.498890639589169,0.09383829042656205,2
Random,20,45,16.95,12.585500000000001,145,0.0725,0.48521568627450984,0.15846316216473894,1
Random,20,46,22.55,15.581,112,0.056,0.5067834967320262,0.1703122909418502,1
Random,20,47,12.5,10.276,175,0.0875,0.5006430905695611,0.12276181120173553,1
Random,20,48,17.8,11.534500000000001,153,0.0765,0.49629761904761915,0.13416463545562118,1
Random,20,49,13.05,11.514499999999998,154,0.077,0.5140985060690942,0.18165665695511568,1
Random,20,50,15.45,15.105500000000001,133,0.0665,0.49472759103641456,0.16682630163690518,1
Random,20,51,11.55,12.433500000000002,136,0.068,0.497044593478417,0.1540543463095037,1
Random,20,52,16.45,12.675500000000001,138,0.069,0.49073844537815126,0.18144625163174494,3
Random,20,53,12.75,9.8135,194,0.097,0.5126840120663649,0.14657814783090195,2
Random,20,54,10.7,12.966,173,0.0865,0.47775735294117644,0.12010931981060935,1
Random,20,55,11.8,10.883,164,0.082,0.5007762605042018,0.09848848536977836,2
Random,20,56,10.0,9.7,181,0.0905,0.5059737394957984,0.08276884724787284,1
Random,20,57,9.95,9.953500000000002,168,0.084,0.47943905767435174,0.1354599480297011,7
Random,20,58,10.8,13.133999999999999,143,0.0715,0.49887099583423117,0.1283642063862847,1
Random,20,59,17.0,9.51,180,0.09,0.5060250664368311,0.15214014199329626,1
Random,20,60,16.05,10.339,166,0.083,0.4917573529411765,0.11978328265818516,3
Random,20,61,8.1,10.878499999999999,153,0.0765,0.496499766573296,0.0989907581354496,3
Random,20,62,7.6,10.4365,177,0.0885,0.5014153828197947,0.07930406587712864,2
Random,20,63,11.4,10.1875,176,0.088,0.5009656862745098,0.13564732662090023,1
Random,20,64,23.85,12.982999999999997,140,0.07,0.48570646591970124,0.20085934537424582,1
Random,20,65,12.95,13.404500000000002,152,0.076,0.4784871615312792,0.12884026175814803,1
Random,20,66,16.15,11.548500000000004,152,0.076,0.5022015639589169,0.12435361569124333,1
Random,20,67,14.45,11.685500000000001,163,0.0815,0.4757344771241831,0.12484552364495563,2
Random,20,68,13.7,12.248,148,0.074,0.47424206349206344,0.17755962135421327,3
Random,20,69,14.4,10.5925,183,0.0915,0.5374218020541551,0.17325268255835677,4
Random,20,70,10.3,10.913999999999996,165,0.0825,0.48790114379084976,0.13264808351791418,2
Random,20,71,13.35,11.072999999999997,177,0.0885,0.478515172735761,0.17941784162780974,1
Random,20,72,10.0,10.923499999999999,161,0.0805,0.5042377450980392,0.1687625665203884,2
Random,20,73,11.05,11.648500000000002,156,0.078,0.48568710048121816,0.15386437898586897,1
Random,20,74,16.4,10.6285,185,0.0925,0.5112156862745099,0.14098854914131217,1
Random,20,75,12.8,12.651,155,0.0775,0.5234622566975509,0.12148083832915879,2
Random,20,76,15.7,12.2525,169,0.0845,0.49785576923076924,0.1050586328879575,1
Random,20,77,17.4,13.192,148,0.074,0.5046893490496431,0.15292237210779983,2
Random,20,78,13.45,10.993000000000002,192,0.096,0.48002977088271204,0.10934457984379582,1
Random,20,79,17.35,11.792999999999997,159,0.0795,0.4881157796451914,0.1664727977150882,1
Random,20,80,14.9,9.799999999999999,194,0.097,0.5150496839761546,0.18732458683305714,1
Random,20,81,17.75,9.9325,186,0.093,0.48398113732672565,0.170070104419037,1
Random,20,82,16.55,9.4865,187,0.0935,0.4806816149536738,0.13852017021461016,1
Random,20,83,10.6,13.285499999999999,142,0.071,0.4668949490052431,0.09096359104394172,1
Random,20,84,13.35,14.841499999999998,147,0.0735,0.5150347805788982,0.1700311452239989,1
Random,20,85,10.6,10.2605,199,0.0995,0.5184312558356676,0.14133355244231502,1
Random,20,86,11.55,11.4795,167,0.0835,0.48627065826330534,0.10841961900740069,1
Random,20,87,18.3,11.261999999999999,154,0.077,0.5047919000933707,0.14341185808145085,1
Random,20,88,18.3,12.203999999999999,145,0.0725,0.4713395191409897,0.2341435609729608,1
Random,20,89,11.0,11.769,153,0.0765,0.5112092670401495,0.11940839799704069,2
Random,20,90,15.15,10.277999999999999,173,0.0865,0.506812908496732,0.18419519948709895,1
Random,20,91,14.5,13.548000000000002,139,0.0695,0.4864786414565827,0.15603720228129672,4
Random,20,92,10.0,11.871999999999998,153,0.0765,0.4806929271708683,0.13202656041863853,1
Random,20,93,17.75,12.4275,147,0.0735,0.48646176046176054,0.20360898062550453,1
Random,20,94,10.45,10.782,166,0.083,0.50327616174675,0.12970710193873375,3
Random,20,95,16.35,12.009999999999998,164,0.082,0.49380660597572357,0.15158559613627104,1
Random,20,96,13.35,14.241,129,0.0645,0.5172475939093586,0.1916095388431847,1
Random,20,97,10.85,10.968499999999999,164,0.082,0.501782096171802,0.16419992041271528,1
Random,20,98,16.9,11.498000000000001,149,0.0745,0.496571105365223,0.12848513818179025,2
Random,20,99,15.6,11.2465,173,0.0865,0.5070343855490914,0.2129487124587351,1
Random,20,100,18.6,11.5925,163,0.0815,0.4969475957049486,0.16429225961583596,1
Naive,20,1,53.4,32.4225,38,0.019,0.11599999999999999,0.7017374625364674,1
Naive,20,2,89.85,48.03050000000001,10,0.005,0.04470833333333334,0.9642985594780923,3
Naive,20,3,88.9,47.15299999999999,10,0.005,0.047111111111111124,0.9631080832876162,2
Naive,20,4,80.7,41.6135,16,0.008,0.07961111111111112,0.6246171059587973,2
Naive,20,5,65.45,39.251,24,0.012,0.0993888888888889,0.7247395983719729,8
Naive,20,6,69.75,33.1905,38,0.019,0.10323214285714286,0.723328107434588,1
Naive,20,7,76.0,43.8185,16,0.008,0.05027777777777778,0.9406183404882761,2
Naive,20,8,97.8,49.292,2,0.001,0.03255555555555557,0.9995495495495496,32
Naive,20,9,83.05,44.80950000000001,16,0.008,0.07477777777777779,0.9957893259741614,1
Naive,20,10,83.85,47.03450000000001,8,0.004,0.05211111111111112,0.9082090434699255,1
Naive,20,11,52.55,30.188000000000002,42,0.021,0.1611666666666667,0.6797463807826217,2
Naive,20,12,78.05,40.5805,22,0.011,0.0805,0.9790295758454317,2
Naive,20,13,78.55,39.70250000000001,20,0.01,0.06890277777777779,0.7091877527169774,2
Naive,20,14,81.05,44.356,16,0.008,0.034753968253968266,0.9984766584766586,1
Naive,20,15,72.9,44.23299999999999,14,0.007,0.036791666666666674,0.9000219572086092,1
Naive,20,16,85.5,44.711000000000006,16,0.008,0.08144444444444446,0.9446977513578251,4
Naive,20,17,65.95,45.528499999999994,18,0.009,0.07388888888888889,0.8515136652345031,1
Naive,20,18,95.05,47.335,14,0.007,0.042472222222222224,1.0,1
Naive,20,19,88.0,43.147000000000006,14,0.007,0.11505555555555556,0.745574455975329,8
Naive,20,20,81.2,39.695499999999996,33,0.0165,0.11627450980392158,0.9805693251410516,1
Naive,20,21,90.35,46.12300000000001,12,0.006,0.0343888888888889,1.0,1
Naive,20,22,99.5,50.153999999999996,6,0.003,0.08350000000000002,0.7386629995123083,10
Naive,20,23,85.35,41.975,16,0.008,0.13311111111111112,0.8691085031656914,1
Naive,20,24,79.8,42.764,10,0.005,0.060833333333333336,0.9907248770459194,5
Naive,20,25,71.35,37.873999999999995,27,0.0135,0.11152457264957263,0.9221613189904779,1
Naive,20,26,81.85,44.0685,20,0.01,0.07295833333333333,0.9159997449349457,2
Naive,20,27,82.45,38.20399999999999,30,0.015,0.09545833333333334,0.742524676707973,2
Naive,20,28,73.0,41.2895,20,0.01,0.15338888888888888,0.7528657599043332,2
Naive,20,29,62.6,32.8595,42,0.021,0.09743055555555558,0.6488177429187832,1
Naive,20,30,82.75,49.3535,10,0.005,0.05802777777777779,0.9049185383742495,1
Naive,20,31,66.55,39.4245,26,0.013,0.11116666666666665,0.9047250132535961,1
Naive,20,32,77.45,39.107,22,0.011,0.09184722222222225,0.984055356283229,1
Naive,20,33,52.3,37.396,24,0.012,0.07272222222222224,0.714598455773024,1
Naive,20,34,85.5,45.5115,8,0.004,0.03277777777777779,0.9999941561477325,1
Naive,20,35,63.35,34.946999999999996,44,0.022,0.10210119047619051,0.8614108604253496,1
Naive,20,36,66.9,42.57199999999999,18,0.009,0.07227777777777779,0.9357934015738725,1
Naive,20,37,74.25,40.982,24,0.012,0.05355555555555556,0.9083333333333332,1
Naive,20,38,88.6,46.41300000000001,14,0.007,0.05383333333333334,0.9853938614871876,1
Naive,20,39,91.5,45.350500000000004,17,0.0085,0.07066666666666668,0.9655672173108669,1
Naive,20,40,69.95,37.90599999999999,28,0.014,0.11395238095238096,0.762786003079967,1
Naive,20,41,85.1,42.636500000000005,22,0.011,0.07786111111111112,0.990646623226717,1
Naive,20,42,59.2,37.3835,22,0.011,0.10706944444444445,0.6479753892755218,2
Naive,20,43,90.75,46.12799999999999,10,0.005,0.08594444444444445,0.4815050953944936,2
Naive,20,44,96.6,47.78350000000001,10,0.005,0.05111111111111113,1.0,2
Naive,20,45,88.0,47.973,12,0.006,0.0553888888888889,0.9298351648351648,1
Naive,20,46,84.0,40.705999999999996,24,0.012,0.0968888888888889,0.7370783222212735,1
Naive,20,47,96.85,48.59550000000001,12,0.006,0.10066468253968253,1.0,1
Naive,20,48,66.3,36.374,42,0.021,0.11604166666666668,0.6048323627774276,1
Naive,20,49,75.2,43.09400000000001,21,0.0105,0.053722222222222234,0.5495780071026888,5
Naive,20,50,80.2,42.5675,20,0.01,0.10483333333333335,0.7535082444870438,1
Naive,20,51,71.25,47.676500000000004,16,0.008,0.17891666666666667,0.2611889315417454,1
Naive,20,52,80.0,40.0105,12,0.006,0.1156111111111111,0.5929372949893759,3
Naive,20,53,93.45,46.114,16,0.008,0.054666666666666676,0.9981649037749527,1
Naive,20,54,80.7,40.041,20,0.01,0.04869841269841272,0.9715777910494492,1
Naive,20,55,83.65,43.06949999999999,10,0.005,0.04372222222222224,1.0,1
Naive,20,56,71.2,36.494499999999995,28,0.014,0.0779861111111111,0.9834542371337701,1
Naive,20,57,99.45,50.042,6,0.003,0.05638888888888889,0.9978040234810692,3
Naive,20,58,97.2,48.434,10,0.005,0.04011111111111112,1.0,1
Naive,20,59,87.7,43.799,8,0.004,0.03900000000000001,0.9999879807692308,38
Naive,20,60,78.75,42.226000000000006,10,0.005,0.06966666666666665,0.9729204213453997,53
Naive,20,61,69.0,43.8545,14,0.007,0.07436111111111111,0.7280421452456978,19
Naive,20,62,66.2,39.071,30,0.015,0.142875,0.5504441969297714,1
Naive,20,63,69.45,36.998999999999995,36,0.018,0.1231111111111111,0.7835083251770221,1
Naive,20,64,93.6,45.746,14,0.007,0.06372222222222224,0.9318185963391123,1
Naive,20,65,78.15,42.2545,14,0.007,0.053722222222222234,0.9537703870396863,23
Naive,20,66,99.9,50.42799999999999,8,0.004,0.05800000000000001,0.957083714208262,1
Naive,20,67,72.05,36.113,34,0.017,0.10894444444444444,0.7691667912194362,2
Naive,20,68,63.2,44.50249999999999,20,0.01,0.13631944444444444,0.6363124690558097,3
Naive,20,69,86.5,41.421499999999995,14,0.007,0.0652777777777778,0.9812045521471575,20
Naive,20,70,65.7,41.342,24,0.012,0.06538888888888889,0.7775281127661797,1
Naive,20,71,76.3,43.8375,20,0.01,0.07166666666666667,0.8678109341064364,1
Naive,20,72,58.5,40.193000000000005,26,0.013,0.14040277777777777,0.6151572243439418,2
Naive,20,73,84.65,45.66749999999999,8,0.004,0.050722222222222245,0.8936015569499725,31
Naive,20,74,85.1,48.206,12,0.006,0.03225000000000001,0.9157249594381947,1
Naive,20,75,57.2,41.715999999999994,18,0.009,0.08913888888888888,0.3889411133730699,2
Naive,20,76,99.8,50.41,4,0.002,0.04155555555555557,0.9684964559346014,1
Naive,20,77,61.45,39.326499999999996,20,0.01,0.1038888888888889,0.4762903165897562,3
Naive,20,78,91.75,47.8315,4,0.002,0.04272222222222223,1.0,61
Naive,20,79,75.9,38.623000000000005,16,0.008,0.07215277777777779,0.6058220869785124,1
Naive,20,80,88.65,42.224999999999994,16,0.008,0.06454166666666668,0.755784037322097,2
Naive,20,81,99.8,50.354,6,0.003,0.11516666666666668,0.9995495495495496,1
Naive,20,82,71.15,39.737500000000004,31,0.0155,0.09715277777777777,0.7857538474653324,1
Naive,20,83,83.25,46.8225,18,0.009,0.03773611111111113,0.9239161889452138,1
Naive,20,84,86.7,40.769999999999996,22,0.011,0.1201666666666667,0.7257268860566108,1
Naive,20,85,72.85,41.3445,16,0.008,0.09766666666666665,0.5534125735792654,13
Naive,20,86,79.9,42.43249999999999,17,0.0085,0.06299346405228759,0.9982836380788133,1
Naive,20,87,79.3,42.19,22,0.011,0.0690138888888889,0.9688448011834906,1
Naive,20,88,84.75,41.343500000000006,21,0.0105,0.0941576797385621,0.7931356528312453,2
Naive,20,89,84.0,44.702,10,0.005,0.06911111111111111,0.5871602444826836,6
Naive,20,90,92.75,46.5475,8,0.004,0.07672222222222225,0.5394458427697919,1
Naive,20,91,51.95,38.519,24,0.012,0.11036111111111112,0.6590214182879252,14
Naive,20,92,90.45,46.44049999999999,8,0.004,0.023722222222222235,1.0,1
Naive,20,93,61.85,40.5785,34,0.017,0.10554901960784316,0.7090141750834921,1
Naive,20,94,67.6,46.286,10,0.005,0.061333333333333344,0.7794555931615803,4
Naive,20,95,53.9,30.928999999999995,38,0.019,0.13872222222222225,0.6005691087497024,1
Naive,20,96,62.5,38.443000000000005,26,0.013,0.07134722222222223,0.937608576513241,1
Naive,20,97,79.1,40.533,26,0.013,0.09144444444444445,0.8431775416340251,1
Naive,20,98,60.65,37.4655,22,0.011,0.10318055555555557,0.5648639661821695,8
Naive,20,99,69.45,44.761,10,0.005,0.09138888888888892,0.8995773084044949,9
Naive,20,100,94.1,49.091,4,0.002,0.03377777777777779,1.0,2
Two-frame Naive,20,1,60.8,36.795,30,0.015,0.09211111111111112,0.7952235770477082,1
Two-frame Naive,20,2,65.05,40.379,20,0.01,0.06166666666666667,0.8878713960617987,3
Two-frame Naive,20,3,96.05,47.125,16,0.008,0.05900000000000001,0.8621011019652535,2
Two-frame Naive,20,4,56.8,32.8965,36,0.018,0.07608333333333334,0.859716568117525,2
Two-frame Naive,20,5,86.5,48.668,4,0.002,0.05555555555555556,0.9155710955710955,47
Two-frame Naive,20,6,77.4,40.326,28,0.014,0.08041666666666668,0.8329631741009234,1
Two-frame Naive,20,7,85.5,47.87,4,0.002,0.04000000000000001,0.9783834392887787,75
Two-frame Naive,20,8,97.8,49.292,2,0.001,0.026055555555555564,1.0,32
Two-frame Naive,20,9,73.9,42.16999999999999,16,0.008,0.08727777777777777,0.4821939745423859,1
Two-frame Naive,20,10,95.5,48.861999999999995,4,0.002,0.02977777777777779,1.0,1
Two-frame Naive,20,11,80.35,42.90800000000001,16,0.008,0.06566666666666668,0.5084367651848549,2
Two-frame Naive,20,12,99.3,50.01200000000001,4,0.002,0.039833333333333346,0.9646358197967284,2
Two-frame Naive,20,13,92.0,44.4825,16,0.008,0.07066666666666667,0.9641140208654251,2
Two-frame Naive,20,14,100.7,51.2,6,0.003,0.029928571428571436,0.9995495495495496,1
Two-frame Naive,20,15,86.35,43.23000000000001,16,0.008,0.04204166666666667,0.9947286481506967,1
Two-frame Naive,20,16,94.65,46.98749999999999,10,0.005,0.05177777777777779,0.9925867934216306,4
Two-frame Naive,20,17,68.7,41.308,24,0.012,0.04305555555555556,0.947523073331897,1
Two-frame Naive,20,18,74.15,43.0825,24,0.012,0.07247222222222223,0.8082475930249222,1
Two-frame Naive,20,19,86.6,46.276,6,0.003,0.05377777777777777,0.7364354464785284,8
Two-frame Naive,20,20,91.7,46.705999999999996,10,0.005,0.07173611111111111,0.9896637794231523,1
Two-frame Naive,20,21,88.35,46.151,10,0.005,0.03166666666666667,1.0,1
Two-frame Naive,20,22,86.35,43.57899999999999,14,0.007,0.04333333333333334,0.646851926766901,4
Two-frame Naive,20,23,68.15,37.6555,26,0.013,0.09530555555555555,0.648741267037678,1
Two-frame Naive,20,24,82.0,41.22,14,0.007,0.040000000000000015,1.0,2
Two-frame Naive,20,25,74.55,38.077000000000005,23,0.0115,0.062482905982905984,0.49884474838661086,1
Two-frame Naive,20,26,68.15,38.295500000000004,22,0.011,0.03394444444444445,0.9358119499202953,2
Two-frame Naive,20,27,93.8,48.391000000000005,6,0.003,0.03255555555555556,1.0,2
Two-frame Naive,20,28,76.35,44.742000000000004,18,0.009,0.06681944444444446,0.8816502639461531,2
Two-frame Naive,20,29,56.45,32.635999999999996,34,0.017,0.06405555555555557,0.8168674028329035,2
Two-frame Naive,20,30,70.6,41.255,22,0.011,0.08600000000000002,0.6032480651211705,1
Two-frame Naive,20,31,84.6,47.045,12,0.006,0.03565277777777779,0.8751316045318109,1
Two-frame Naive,20,32,62.1,39.076499999999996,22,0.011,0.08183333333333334,0.8871434759453596,1
Two-frame Naive,20,33,60.55,38.501000000000005,26,0.013,0.05627777777777778,0.6023468110909034,1
Two-frame Naive,20,34,69.1,41.849000000000004,20,0.01,0.0843888888888889,0.8415006834990768,1
Two-frame Naive,20,35,94.7,46.34349999999999,14,0.007,0.051666666666666666,0.9510936744563129,1
Two-frame Naive,20,36,67.6,43.124500000000005,18,0.009,0.07616666666666667,0.8756646538844949,1
Two-frame Naive,20,37,86.7,47.114,16,0.008,0.033611111111111126,0.9217533198594741,1
Two-frame Naive,20,38,88.6,46.41300000000001,14,0.007,0.045708333333333344,0.9853938614871876,1
Two-frame Naive,20,39,70.2,45.9715,19,0.0095,0.07866666666666668,0.511112635258759,1
Two-frame Naive,20,40,99.0,49.772,8,0.004,0.03839682539682541,1.0,1
Two-frame Naive,20,41,82.65,42.5635,24,0.012,0.05208333333333334,0.932985207154258,1
Two-frame Naive,20,42,86.85,43.9485,8,0.004,0.03561111111111112,1.0,17
Two-frame Naive,20,43,97.1,49.08200000000001,2,0.001,0.03255555555555557,1.0,39
Two-frame Naive,20,44,86.8,46.496,10,0.005,0.05619444444444446,0.9082255174856414,2
Two-frame Naive,20,45,85.8,48.75000000000001,6,0.003,0.03350000000000001,0.8991625716625716,1
Two-frame Naive,20,46,78.5,41.0965,26,0.013,0.0687638888888889,0.7902178282578458,1
Two-frame Naive,20,47,61.3,32.319,40,0.02,0.09712500000000002,0.8411274105648273,1
Two-frame Naive,20,48,60.85,41.12500000000001,24,0.012,0.0548888888888889,0.8227729371417283,1
Two-frame Naive,20,49,90.9,50.54,4,0.002,0.02350000000000001,0.8181958118261864,5
Two-frame Naive,20,50,60.7,43.0295,18,0.009,0.09905555555555556,0.48806078166037425,1
Two-frame Naive,20,51,90.65,50.61949999999999,8,0.004,0.062444444444444455,0.8889424244104405,1
Two-frame Naive,20,52,87.9,48.14999999999999,4,0.002,0.06133333333333334,0.3651554419798349,40
Two-frame Naive,20,53,96.2,47.583999999999996,16,0.008,0.06161904761904763,0.9984425452427983,1
Two-frame Naive,20,54,85.95,43.19449999999999,18,0.009,0.06122222222222223,0.9131255541041936,1
Two-frame Naive,20,55,94.55,47.5225,6,0.003,0.03211111111111112,0.9995495495495496,1
Two-frame Naive,20,56,69.35,39.515,22,0.011,0.06827777777777778,0.7467697022949157,1
Two-frame Naive,20,57,99.45,50.042,6,0.003,0.0498888888888889,1.0,3
Two-frame Naive,20,58,88.85,47.741500000000016,14,0.007,0.040055555555555566,0.9264681918810649,1
Two-frame Naive,20,59,88.3,46.882000000000005,4,0.002,0.04211111111111112,1.0,55
Two-frame Naive,20,60,82.0,42.1935,14,0.007,0.05527777777777779,0.723957467815192,1
Two-frame Naive,20,61,96.9,48.88399999999999,4,0.002,0.047444444444444456,1.0,2
Two-frame Naive,20,62,99.1,49.66250000000001,14,0.007,0.05008333333333335,1.0,1
Two-frame Naive,20,63,69.45,39.720499999999994,24,0.012,0.046027777777777786,0.9502972098309381,1
Two-frame Naive,20,64,89.05,47.60250000000002,10,0.005,0.04095833333333335,0.9527862312266336,2
Two-frame Naive,20,65,79.95,43.1025,12,0.006,0.03283333333333334,0.9482688442990131,23
Two-frame Naive,20,66,90.45,49.74099999999999,10,0.005,0.04888888888888889,0.6282939688774972,2
Two-frame Naive,20,67,74.4,39.1385,20,0.01,0.06495833333333334,0.9231076308077416,3
Two-frame Naive,20,68,83.25,46.083,12,0.006,0.04222222222222223,0.9199453053369211,3
Two-frame Naive,20,69,86.5,41.421499999999995,14,0.007,0.03950000000000001,1.0,20
Two-frame Naive,20,70,92.3,46.506499999999996,16,0.008,0.03287500000000001,1.0,1
Two-frame Naive,20,71,78.8,37.1835,26,0.013,0.061138888888888895,0.9436297328178783,1
Two-frame Naive,20,72,77.85,44.00950000000001,18,0.009,0.05601388888888889,0.7161689049911251,2
Two-frame Naive,20,73,84.65,45.66749999999999,8,0.004,0.03766666666666668,0.8936015569499725,31
Two-frame Naive,20,74,84.25,47.186499999999995,10,0.005,0.030875000000000003,0.9377289213913809,1
Two-frame Naive,20,75,67.05,39.9055,18,0.009,0.040472222222222236,0.9004375174383046,2
Two-frame Naive,20,76,99.8,50.41,4,0.002,0.03255555555555556,0.9684964559346014,1
Two-frame Naive,20,77,76.65,45.074,14,0.007,0.06761111111111111,0.9211428310046031,2
Two-frame Naive,20,78,91.75,47.8315,4,0.002,0.037666666666666675,1.0,61
Two-frame Naive,20,79,72.25,36.033,22,0.011,0.060388888888888895,0.6088821712372405,1
Two-frame Naive,20,80,59.65,37.851499999999994,28,0.014,0.10084722222222223,0.6684776272643453,2
Two-frame Naive,20,81,93.95,47.7435,10,0.005,0.036819444444444446,0.9995412844036696,1
Two-frame Naive,20,82,77.4,42.3945,20,0.01,0.04927777777777779,0.8093676337174562,1
Two-frame Naive,20,83,88.65,45.67099999999999,12,0.006,0.052222222222222225,0.9865450634005747,1
Two-frame Naive,20,84,76.3,43.1125,24,0.012,0.0657638888888889,0.8604930244465641,1
Two-frame Naive,20,85,88.8,42.449000000000005,14,0.007,0.07500000000000001,0.7652664162899452,13
Two-frame Naive,20,86,82.35,45.8385,15,0.0075,0.05150653594771242,0.9615380349784376,1
Two-frame Naive,20,87,70.35,41.639,20,0.01,0.04212698412698414,0.9419675177763412,1
Two-frame Naive,20,88,86.65,42.270999999999994,12,0.006,0.061833333333333344,0.9124070058715403,4
Two-frame Naive,20,89,79.4,41.466,10,0.005,0.09338888888888891,0.6769580555006478,6
Two-frame Naive,20,90,88.45,45.305499999999995,12,0.006,0.037277777777777785,0.9990950040950042,1
Two-frame Naive,20,91,82.7,49.03999999999999,8,0.004,0.062277777777777786,0.9078828828828828,2
Two-frame Naive,20,92,100.1,50.656000000000006,4,0.002,0.022166666666666678,1.0,1
Two-frame Naive,20,93,74.05,42.39149999999999,21,0.0105,0.05663165266106443,0.7433670160318534,1
Two-frame Naive,20,94,67.6,46.286,10,0.005,0.025111111111111126,0.8451695320503371,4
Two-frame Naive,20,95,78.9,37.961000000000006,26,0.013,0.09583333333333334,0.5494480210239556,1
Two-frame Naive,20,96,80.1,43.90100000000001,16,0.008,0.06559722222222224,0.9634144669649359,1
Two-frame Naive,20,97,65.85,42.1535,22,0.011,0.04994444444444445,0.6727929926185124,1
Two-frame Naive,20,98,89.6,47.38000000000001,6,0.003,0.037055555555555564,0.7666899774729151,12
Two-frame Naive,20,99,69.95,43.415,12,0.006,0.03933333333333335,0.9239161889452138,61
Two-frame Naive,20,100,94.1,49.091,4,0.002,0.028777777777777788,1.0,2
Decision-aware,20,1,96.1,48.51200000000001,4,0.002,0.043500000000000004,0.7351477532777528,5
Decision-aware,20,2,75.0,39.598,12,0.006,0.03561111111111112,0.6586264081823379,18
Decision-aware,20,3,96.6,48.664000000000016,6,0.003,0.03950000000000001,1.0,2
Decision-aware,20,4,77.8,45.96550000000001,11,0.0055,0.03246405228758171,0.8852404436808461,3
Decision-aware,20,5,94.3,49.22200000000001,2,0.001,0.025055555555555564,1.0,67
Decision-aware,20,6,93.3,46.63,6,0.003,0.04961111111111112,0.44165598983254045,1
Decision-aware,20,7,93.5,49.55,2,0.001,0.019000000000000013,0.9931518800899475,75
Decision-aware,20,8,97.8,49.292,2,0.001,0.021555555555555567,0.9995495495495496,32
Decision-aware,20,9,82.55,43.922000000000004,14,0.007,0.033166666666666685,0.9386420382972854,1
Decision-aware,20,10,97.6,49.22200000000001,2,0.001,0.024555555555555567,0.9999959049959048,34
Decision-aware,20,11,83.9,47.53,8,0.004,0.05011111111111112,0.7580926237888026,1
Decision-aware,20,12,96.4,48.04,4,0.002,0.029000000000000012,0.9645619224206247,15
Decision-aware,20,13,82.4,49.744,6,0.003,0.07177777777777779,0.582657446811556,2
Decision-aware,20,14,100.7,51.2,6,0.003,0.03585714285714288,0.9851410134822058,1
Decision-aware,20,15,100.9,51.39999999999999,2,0.001,0.01983333333333334,1.0,1
Decision-aware,20,16,90.2,46.672999999999995,8,0.004,0.05105555555555556,0.46184090775022496,6
Decision-aware,20,17,81.55,43.68150000000001,12,0.006,0.02800000000000001,1.0,1
Decision-aware,20,18,95.6,48.55600000000001,6,0.003,0.029000000000000012,0.9991803278688524,1
Decision-aware,20,19,101.0,51.5,0,0.0,0.04400000000000001,0.9809424019615142,101
Decision-aware,20,20,96.6,48.82200000000001,6,0.003,0.04293055555555557,0.9167646348020696,1
Decision-aware,20,21,84.85,43.521499999999996,14,0.007,0.02744444444444446,0.9636396953521963,1
Decision-aware,20,22,97.55,48.726499999999994,6,0.003,0.04994444444444445,0.5953384036041343,18
Decision-aware,20,23,87.6,48.07400000000001,6,0.003,0.04472222222222223,0.733653676742437,2
Decision-aware,20,24,81.8,47.338,6,0.003,0.031111111111111124,0.9528142988444678,59
Decision-aware,20,25,82.65,46.94999999999999,16,0.008,0.03324603174603176,0.8949142342540007,1
Decision-aware,20,26,88.2,49.214,4,0.002,0.06433333333333334,0.7339289985216919,29
Decision-aware,20,27,93.3,49.5,4,0.002,0.025333333333333347,0.997289184513342,1
Decision-aware,20,28,94.7,49.105999999999995,2,0.001,0.04050000000000001,0.9990990990990991,63
Decision-aware,20,29,94.65,49.02499999999999,4,0.002,0.03683333333333334,0.9986445536445536,1
Decision-aware,20,30,81.6,47.226000000000006,6,0.003,0.044000000000000004,0.5287796595476344,64
Decision-aware,20,31,87.45,45.9315,6,0.003,0.028500000000000004,0.9956968509997994,39
Decision-aware,20,32,97.0,48.33200000000001,4,0.002,0.02550000000000001,0.9995495495495496,14
Decision-aware,20,33,94.7,48.98199999999999,4,0.002,0.0338888888888889,1.0,1
Decision-aware,20,34,83.85,46.743500000000004,8,0.004,0.020388888888888897,0.951725327534151,1
Decision-aware,20,35,93.3,46.055,12,0.006,0.04411111111111113,0.9897905089157188,1
Decision-aware,20,36,62.15,47.00699999999999,16,0.008,0.058388888888888886,0.6832565685131005,1
Decision-aware,20,37,91.75,47.47,6,0.003,0.022944444444444455,1.0,1
Decision-aware,20,38,87.4,45.3195,12,0.006,0.05491666666666667,0.9792875704671035,19
Decision-aware,20,39,85.5,50.4335,9,0.0045,0.035862745098039224,0.8663461538461537,1
Decision-aware,20,40,84.3,42.141999999999996,10,0.005,0.0853888888888889,0.4679314882378197,12
Decision-aware,20,41,91.2,49.5075,10,0.005,0.045875000000000006,0.7212280369285089,1
Decision-aware,20,42,90.45,46.830499999999994,6,0.003,0.02550000000000001,0.9999959049959048,17
Decision-aware,20,43,101.0,51.5,0,0.0,0.02200000000000001,1.0,101
Decision-aware,20,44,96.7,49.00599999999999,2,0.001,0.032,0.21268184268568283,43
Decision-aware,20,45,85.3,47.968,4,0.002,0.03561111111111112,0.9995495495495496,78
Decision-aware,20,46,93.4,46.559,8,0.004,0.05750000000000001,0.773630820243695,1
Decision-aware,20,47,84.6,45.88800000000001,15,0.0075,0.05872222222222224,0.7083959742303988,1
Decision-aware,20,48,96.55,48.4225,8,0.004,0.038722222222222234,0.9990443295128688,1
Decision-aware,20,49,85.0,46.833999999999996,6,0.003,0.02866666666666667,0.95551581335568,9
Decision-aware,20,50,91.0,51.4,2,0.001,0.03605555555555557,0.8760659178480644,100
Decision-aware,20,51,84.7,44.000499999999995,9,0.0045,0.03422222222222223,0.9958229379825042,1
Decision-aware,20,52,87.4,47.254,4,0.002,0.041611111111111126,0.3519311406217328,57
Decision-aware,20,53,89.9,49.477999999999994,4,0.002,0.03555555555555556,0.45845812963500565,24
Decision-aware,20,54,80.85,44.9675,10,0.005,0.04355555555555556,0.5517798952588826,1
Decision-aware,20,55,94.55,47.5225,6,0.003,0.02511111111111113,0.9995495495495496,1
Decision-aware,20,56,59.85,37.9415,18,0.009,0.03100000000000001,0.9211810452134852,1
Decision-aware,20,57,83.5,45.826,6,0.003,0.02750000000000001,1.0,24
Decision-aware,20,58,80.15,44.494,10,0.005,0.02261111111111112,0.9254217549101114,33
Decision-aware,20,59,86.9,47.19999999999999,4,0.002,0.021555555555555567,1.0,70
Decision-aware,20,60,92.5,47.70399999999999,4,0.002,0.021000000000000008,1.0,56
Decision-aware,20,61,89.2,46.744,4,0.002,0.06105555555555556,0.9305813663558787,49
Decision-aware,20,62,92.3,45.31,7,0.0035,0.04037581699346406,0.5215081840114276,24
Decision-aware,20,63,85.0,47.748999999999995,8,0.004,0.053000000000000005,0.5473584812239978,3
Decision-aware,20,64,90.4,45.117,12,0.006,0.054666666666666676,0.9437512946098863,1
Decision-aware,20,65,95.7,48.95599999999999,2,0.001,0.025055555555555567,0.9997097230148239,53
Decision-aware,20,66,100.8,51.30200000000001,2,0.001,0.044555555555555564,0.39634957552186506,2
Decision-aware,20,67,91.8,45.400000000000006,6,0.003,0.05605555555555557,0.3940810365645551,20
Decision-aware,20,68,84.6,43.351000000000006,14,0.007,0.047347222222222235,0.8436431400522043,8
Decision-aware,20,69,85.9,45.05799999999999,6,0.003,0.024111111111111125,0.9999579831932774,27
Decision-aware,20,70,92.4,49.87399999999999,4,0.002,0.026277777777777782,0.9746673566077589,2
Decision-aware,20,71,96.0,48.036,6,0.003,0.023833333333333345,0.9959005231252938,1
Decision-aware,20,72,73.5,48.92700000000001,8,0.004,0.023555555555555562,0.8530782705078034,84
Decision-aware,20,73,71.8,46.506,10,0.005,0.02022222222222223,0.9131183723876717,1
Decision-aware,20,74,94.3,49.22200000000001,2,0.001,0.03255555555555557,0.9222790758701315,67
Decision-aware,20,75,96.9,48.41299999999999,4,0.002,0.039166666666666676,0.7256248142339665,22
Decision-aware,20,76,99.8,50.41,4,0.002,0.024666666666666674,0.9900708959873021,1
Decision-aware,20,77,76.65,43.202999999999996,12,0.006,0.06972222222222223,0.5471577731652013,12
Decision-aware,20,78,91.75,47.8315,4,0.002,0.024722222222222232,1.0,61
Decision-aware,20,79,83.75,45.341,10,0.005,0.03400000000000001,0.9399036942195472,1
Decision-aware,20,80,100.9,51.39999999999999,2,0.001,0.051666666666666666,0.6593546796114993,1
Decision-aware,20,81,99.0,49.88,2,0.001,0.02405555555555556,1.0,20
Decision-aware,20,82,84.95,45.948499999999996,8,0.004,0.0568888888888889,0.9514184247212125,4
Decision-aware,20,83,78.55,42.87,10,0.005,0.03600000000000001,0.9996130307932717,22
Decision-aware,20,84,87.8,48.26200000000001,6,0.003,0.02694444444444446,0.947523073331897,1
Decision-aware,20,85,101.0,51.5,0,0.0,0.035500000000000004,0.40990856270740206,101
Decision-aware,20,86,90.9,47.393499999999996,10,0.005,0.03202777777777779,1.0,1
Decision-aware,20,87,91.15,47.6365,6,0.003,0.04544444444444446,0.6266800720535025,1
Decision-aware,20,88,87.3,44.00800000000001,12,0.006,0.046555555555555565,0.8372876113488005,1
Decision-aware,20,89,87.25,44.165499999999994,10,0.005,0.044111111111111115,0.9573424951129015,11
Decision-aware,20,90,87.3,48.34800000000001,4,0.002,0.06955555555555555,0.3957117856983944,43
Decision-aware,20,91,96.5,48.98,2,0.001,0.04200000000000001,0.8721029656572739,45
Decision-aware,20,92,98.15,49.39249999999999,4,0.002,0.017055555555555567,0.9981733255357108,1
Decision-aware,20,93,96.9,48.733999999999995,8,0.004,0.03534722222222223,0.9886571310993405,1
Decision-aware,20,94,87.4,47.163999999999994,6,0.003,0.022555555555555565,0.9913706277271116,2
Decision-aware,20,95,92.2,48.34,10,0.005,0.025285714285714304,0.9995495495495496,1
Decision-aware,20,96,86.5,45.815999999999995,8,0.004,0.0198888888888889,1.0,1
Decision-aware,20,97,99.85,50.41600000000001,6,0.003,0.020555555555555563,0.9995495495495496,1
Decision-aware,20,98,88.95,48.648499999999984,4,0.002,0.030055555555555565,0.8290473518086785,73
Decision-aware,20,99,84.9,48.96,4,0.002,0.027055555555555565,0.8988462640867653,61
Decision-aware,20,100,93.05,45.9875,8,0.004,0.02150000000000001,1.0,1
Unsure,20,1,23.15,14.9975,120,0.06,0.010158730158730162,0.7731801585086516,5
Unsure,20,2,7.6,12.0975,152,0.076,0.010486111111111116,0.36390171863615467,2
Unsure,20,3,13.75,10.2725,183,0.0915,0.012427521008403365,0.5751643708944967,2
Unsure,20,4,6.7,9.921,191,0.0955,0.010444444444444449,0.3588333220469275,3
Unsure,20,5,24.85,13.666999999999998,123,0.0615,0.009138888888888893,0.769759897426496,4
Unsure,20,6,14.2,10.9225,177,0.0885,0.01018650793650794,0.5858271612268644,1
Unsure,20,7,14.35,15.575999999999999,142,0.071,0.006222222222222227,0.327625865276881,1
Unsure,20,8,22.25,17.1985,113,0.0565,0.009625000000000003,0.735454246194479,1
Unsure,20,9,10.8,12.1005,146,0.073,0.012398692810457523,0.38809398710271703,3
Unsure,20,10,11.5,13.4825,148,0.074,0.010083333333333338,0.49155516493536877,1
Unsure,20,11,11.55,12.46,165,0.0825,0.0130102438411262,0.49044924538790263,1
Unsure,20,12,17.0,18.7005,120,0.06,0.008777777777777784,0.49687043469273584,1
Unsure,20,13,14.05,13.6475,144,0.072,0.013046568627450987,0.4931337246205958,2
Unsure,20,14,33.55,17.074499999999997,111,0.0555,0.009343137254901967,0.7824763948613611,1
Unsure,20,15,9.85,8.859,197,0.0985,0.005888888888888892,0.47320620844287015,1
Unsure,20,16,6.05,9.443999999999999,203,0.1015,0.0066805555555555585,0.29839587520584293,1
Unsure,20,17,16.7,11.979000000000001,147,0.0735,0.012982026143790857,0.6456011309867865,2
Unsure,20,18,18.5,12.6455,137,0.0685,0.010046568627450982,0.672152479727653,1
Unsure,20,19,19.5,12.5055,153,0.0765,0.012699346405228764,0.5730326482443215,3
Unsure,20,20,12.85,9.763,176,0.088,0.006972222222222226,0.4721213408315477,1
Unsure,20,21,20.1,10.689999999999998,173,0.0865,0.010236111111111118,0.7304968097321776,2
Unsure,20,22,22.0,12.542,133,0.0665,0.0067916666666666715,0.7338351662410821,3
Unsure,20,23,6.7,9.1445,203,0.1015,0.009472222222222226,0.3140264003712146,1
Unsure,20,24,22.15,15.079500000000001,142,0.071,0.011586251167133526,0.534089124483915,2
Unsure,20,25,21.15,14.123500000000003,119,0.0595,0.010102124183006543,0.6804454924123048,1
Unsure,20,26,16.2,10.141000000000002,165,0.0825,0.011404034690799402,0.5875536492633774,2
Unsure,20,27,14.15,12.771,146,0.073,0.009263888888888891,0.4499398962877891,1
Unsure,20,28,19.05,14.3155,140,0.07,0.008718137254901965,0.6389644776398444,2
Unsure,20,29,14.1,10.458999999999998,176,0.088,0.009319444444444448,0.5998118018020427,1
Unsure,20,30,12.15,9.971499999999999,166,0.083,0.01085212418300654,0.5448186068256925,1
Unsure,20,31,13.55,12.084000000000001,148,0.074,0.008833333333333339,0.4913538832762459,1
Unsure,20,32,26.35,12.757999999999997,140,0.07,0.007486111111111115,0.7317592425910261,1
Unsure,20,33,20.8,14.772,122,0.061,0.010430555555555561,0.6074421444864061,3
Unsure,20,34,10.05,12.061499999999999,172,0.086,0.008569444444444449,0.3626767170681943,1
Unsure,20,35,21.75,10.45,170,0.085,0.00941666666666667,0.7253820200661718,1
Unsure,20,36,10.15,10.9145,161,0.0805,0.011027777777777782,0.44107479054401083,1
Unsure,20,37,18.2,17.647000000000002,141,0.0705,0.011097222222222229,0.41360760445757966,1
Unsure,20,38,15.6,12.55,147,0.0735,0.010782679738562095,0.5252525326045322,1
Unsure,20,39,11.5,10.356,179,0.0895,0.013524743230625589,0.45817677731227546,1
Unsure,20,40,7.8,8.982999999999999,202,0.101,0.007399743230625586,0.3246862067568598,1
Unsure,20,41,12.45,12.914499999999999,175,0.0875,0.009130952380952384,0.4590924611818238,2
Unsure,20,42,11.0,10.001000000000001,168,0.084,0.011968137254901968,0.48749271255469806,2
Unsure,20,43,14.25,11.6825,177,0.0885,0.0049583333333333346,0.5187908196858231,1
Unsure,20,44,12.05,11.121999999999998,171,0.0855,0.00900291783380019,0.40362517786455143,1
Unsure,20,45,18.35,10.658499999999998,180,0.09,0.011255952380952386,0.6684379293129246,2
Unsure,20,46,14.0,14.018000000000002,135,0.0675,0.009936507936507943,0.5351374856116299,3
Unsure,20,47,13.2,10.656,181,0.0905,0.014722222222222227,0.4607087909344319,1
Unsure,20,48,15.1,13.825999999999999,162,0.081,0.013205128205128211,0.4757401820906673,1
Unsure,20,49,38.45,24.3605,86,0.043,0.00505555555555556,0.7678692842413779,1
Unsure,20,50,11.45,12.663999999999998,165,0.0825,0.00933333333333334,0.4866811868187003,1
Unsure,20,51,21.05,11.7605,180,0.09,0.012708333333333337,0.670013477007147,1
Unsure,20,52,8.6,13.365499999999999,162,0.081,0.011533730158730165,0.4430533022730997,1
Unsure,20,53,14.9,10.732000000000003,171,0.0855,0.014275183150183154,0.497100565524595,1
Unsure,20,54,15.65,11.884500000000003,141,0.0705,0.010972222222222227,0.5865354848398122,1
Unsure,20,55,13.95,13.223500000000001,139,0.0695,0.007630952380952385,0.47527590622473853,5
Unsure,20,56,9.3,12.579,143,0.0715,0.009416666666666674,0.44085885634758293,1
Unsure,20,57,13.5,12.068,162,0.081,0.010257819794584504,0.47258711182047464,7
Unsure,20,58,12.1,10.411000000000001,187,0.0935,0.01289119622207858,0.5313514669511317,1
Unsure,20,59,10.25,12.782,153,0.0765,0.011916666666666673,0.4612421849954226,1
Unsure,20,60,18.9,11.229500000000003,169,0.0845,0.01043650793650794,0.5798455569563774,1
Unsure,20,61,10.15,9.1,195,0.0975,0.013829248366013078,0.39056500065981486,2
Unsure,20,62,19.45,15.865,123,0.0615,0.0043472222222222245,0.7013088052142719,1
Unsure,20,63,13.65,11.134500000000003,181,0.0905,0.011902777777777783,0.48725662031013606,1
Unsure,20,64,11.1,9.167,198,0.099,0.010276154401154404,0.5520368900323854,2
Unsure,20,65,7.8,16.5005,121,0.0605,0.007569444444444449,0.3393092455766604,3
Unsure,20,66,12.75,12.7725,161,0.0805,0.006527777777777782,0.3889452299433065,1
Unsure,20,67,13.35,11.621999999999998,161,0.0805,0.008777777777777784,0.5957401989440789,1
Unsure,20,68,15.95,11.014999999999997,177,0.0885,0.008116013071895429,0.5107221795324965,1
Unsure,20,69,15.85,14.128999999999998,135,0.0675,0.00868055555555556,0.5912769859246307,2
Unsure,20,70,14.45,12.509500000000001,139,0.0695,0.008811507936507939,0.4934736409116808,1
Unsure,20,71,9.9,10.966500000000002,171,0.0855,0.01018055555555556,0.5013845603016758,2
Unsure,20,72,19.15,16.620500000000003,134,0.067,0.009083333333333339,0.49814689674790297,1
Unsure,20,73,12.0,14.3345,126,0.063,0.00945833333333334,0.46600236080452373,3
Unsure,20,74,18.25,12.451500000000001,152,0.076,0.007902777777777781,0.4606670102823127,1
Unsure,20,75,14.4,14.768500000000001,125,0.0625,0.01425490196078432,0.5314391942766985,2
Unsure,20,76,16.2,9.4585,183,0.0915,0.006560457516339872,0.7047112911044555,3
Unsure,20,77,10.45,11.767999999999999,164,0.082,0.009413632119514476,0.4269906324294171,2
Unsure,20,78,12.95,13.9405,131,0.0655,0.008935457516339874,0.4483737906097824,1
Unsure,20,79,13.25,10.9185,175,0.0875,0.010430555555555561,0.5423260869409579,1
Unsure,20,80,12.65,11.392500000000002,189,0.0945,0.008271019013666076,0.4547159346563848,2
Unsure,20,81,21.35,11.911,161,0.0805,0.009055555555555561,0.6725117757672969,1
Unsure,20,82,19.2,10.499500000000001,159,0.0795,0.01405555555555556,0.7286524986781628,1
Unsure,20,83,11.75,10.2225,181,0.0905,0.008475140056022411,0.5219689829689662,1
Unsure,20,84,9.3,9.008,185,0.0925,0.007680555555555559,0.4680071041322602,1
Unsure,20,85,11.5,14.2435,138,0.069,0.010769230769230774,0.46657877619627913,3
Unsure,20,86,12.4,10.015500000000001,184,0.092,0.010792483660130725,0.378039645470134,2
Unsure,20,87,12.9,11.177500000000002,163,0.0815,0.011361111111111117,0.5790757517972336,1
Unsure,20,88,19.1,11.460499999999998,158,0.079,0.013718137254901968,0.7071771892817409,1
Unsure,20,89,10.5,8.65,194,0.097,0.014650183150183153,0.4868373497841171,1
Unsure,20,90,15.75,11.711500000000001,150,0.075,0.010013888888888895,0.5856119834266662,1
Unsure,20,91,12.8,14.245,132,0.066,0.011152777777777784,0.53923795152181,5
Unsure,20,92,15.15,12.568000000000001,162,0.081,0.008708333333333335,0.49237976156289437,2
Unsure,20,93,14.25,10.32,201,0.1005,0.010691409897292252,0.5167754447722576,1
Unsure,20,94,17.2,13.949500000000002,130,0.065,0.012380952380952387,0.5540303771343107,4
Unsure,20,95,11.35,8.588000000000001,216,0.108,0.01187135495223731,0.42530018132551073,3
Unsure,20,96,9.4,10.554,193,0.0965,0.00964775910364146,0.48581294620026283,1
Unsure,20,97,15.9,15.566000000000004,137,0.0685,0.00941666666666667,0.5316767438687948,2
Unsure,20,98,19.8,14.712499999999999,125,0.0625,0.009245915032679743,0.6011202477600903,2
Unsure,20,99,23.85,12.0435,156,0.078,0.010769841269841277,0.6945467097529346,3
Unsure,20,100,14.15,13.122500000000002,170,0.085,0.009158730158730161,0.48667814352701255,2
Switch,20,1,12.75,10.507,240,0.12,0.6906459186238598,0.07624963672095306,1
Switch,20,2,6.3,9.084,214,0.107,0.6965280112044817,0.09683762332675375,2
Switch,20,3,5.85,7.973000000000001,255,0.1275,0.5899617718882425,0.11945110781854688,1
Switch,20,4,15.2,13.097000000000001,177,0.0885,0.7865347356891473,0.07918547892342066,2
Switch,20,5,11.5,9.167,231,0.1155,0.7344456654456654,0.10548057084600822,1
Switch,20,6,9.55,8.821,215,0.1075,0.7469572829131651,0.08405001706127309,1
Switch,20,7,5.55,10.537499999999998,184,0.092,0.7342182539682538,0.07824722800419395,1
Switch,20,8,11.25,12.667,159,0.0795,0.8059642857142856,0.09888938376994248,1
Switch,20,9,8.5,11.2825,178,0.089,0.6545646591970121,0.14660365425502267,1
Switch,20,10,6.5,8.6295,246,0.123,0.6684027777777779,0.07411146125993595,1
Switch,20,11,17.8,10.953500000000002,202,0.101,0.6358782679738562,0.18876286009592708,1
Switch,20,12,15.75,15.174499999999998,165,0.0825,0.7356190476190476,0.05934384167418305,1
Switch,20,13,8.95,7.815500000000001,232,0.116,0.6394200423759248,0.09012914007747329,1
Switch,20,14,9.55,10.324000000000002,204,0.102,0.7633761132658192,0.052183537893598995,1
Switch,20,15,11.5,6.857,252,0.126,0.6647340372046255,0.1306504078468591,1
Switch,20,16,11.55,8.578,237,0.1185,0.6753253968253969,0.1594504219302954,1
Switch,20,17,8.45,8.842,235,0.1175,0.7363346171802054,0.09328918964023217,1
Switch,20,18,14.75,9.2815,200,0.1,0.8000218253968255,0.04594778976538082,1
Switch,20,19,5.85,9.0895,194,0.097,0.7380428338001868,0.05905884401166404,2
Switch,20,20,7.35,11.402999999999999,180,0.09,0.7493571428571429,0.11660611061144137,1
Switch,20,21,12.15,9.192499999999999,223,0.1115,0.6749502735826263,0.062480427547010865,1
Switch,20,22,11.9,8.9425,191,0.0955,0.801689066652302,0.10731733082744185,4
Switch,20,23,10.45,9.1525,208,0.104,0.7250654761904761,0.10798632615229486,1
Switch,20,24,16.4,8.826,240,0.12,0.7777950962436257,0.0903927458164536,2
Switch,20,25,10.5,9.3115,216,0.108,0.7171676811750344,0.12140107974540308,1
Switch,20,26,12.0,10.9115,199,0.0995,0.7452076763106174,0.08551036844326754,1
Switch,20,27,12.3,7.007,258,0.129,0.7128462526036056,0.1562472022605351,1
Switch,20,28,12.05,9.019,224,0.112,0.7638960622710623,0.12018487577718191,1
Switch,20,29,4.75,8.4975,252,0.126,0.5746967787114845,0.07141244929140445,1
Switch,20,30,9.55,7.5685,259,0.1295,0.7006000053867703,0.15297015210290618,1
Switch,20,31,13.75,10.943,195,0.0975,0.7250300043094161,0.10430791793812333,1
Switch,20,32,9.65,9.497,225,0.1125,0.7495474811136575,0.10334526153570078,1
Switch,20,33,5.65,8.2905,258,0.129,0.6577717576541108,0.1106571222353124,1
Switch,20,34,8.35,8.2645,261,0.1305,0.618614010989011,0.11945926645716032,1
Switch,20,35,6.9,8.706,259,0.1295,0.7839988059326295,0.11104638527689885,1
Switch,20,36,10.55,8.4315,249,0.1245,0.7215773450405802,0.08656174666609665,1
Switch,20,37,14.4,9.565,206,0.103,0.6559368850104144,0.12248049240992705,1
Switch,20,38,19.8,10.083,198,0.099,0.7472800491991669,0.15021163204875415,1
Switch,20,39,4.4,10.28,197,0.0985,0.7808670186023128,0.07543445945791948,1
Switch,20,40,10.85,7.41,257,0.1285,0.7169232744379802,0.150810840807271,1
Switch,20,41,15.4,10.697500000000002,170,0.085,0.7354007936507937,0.1302210627303522,1
Switch,20,42,11.8,9.43,210,0.105,0.7095665535444947,0.11556500698076984,2
Switch,20,43,13.65,8.6225,228,0.114,0.7345909384732914,0.05764468057333427,1
Switch,20,44,10.4,7.787500000000001,249,0.1245,0.6252571733821735,0.12549705567188124,1
Switch,20,45,14.05,9.844,191,0.0955,0.7751091269841269,0.1318522505384123,1
Switch,20,46,15.5,7.787000000000001,254,0.127,0.6769146825396827,0.12290423065329543,1
Switch,20,47,8.55,9.750499999999999,210,0.105,0.7397820512820512,0.17820198314554875,1
Switch,20,48,8.95,8.750000000000002,219,0.1095,0.6915587068160598,0.14977432570454474,1
Switch,20,49,16.5,10.615499999999999,175,0.0875,0.7627881652661066,0.12573382076889433,1
Switch,20,50,13.05,8.3855,240,0.12,0.7307500987574517,0.0791690226471264,1
Switch,20,51,12.45,7.9315,235,0.1175,0.6763541083099908,0.11966683446355852,1
Switch,20,52,12.05,11.1005,165,0.0825,0.7886929810385692,0.07574068524834339,1
Switch,20,53,8.6,8.9385,249,0.1245,0.7108788246067658,0.09367273428798348,1
Switch,20,54,7.65,7.9559999999999995,227,0.1135,0.6699668534080299,0.1378895376845734,1
Switch,20,55,17.55,11.2925,188,0.094,0.6544599583423114,0.26028034026924585,1
Switch,20,56,15.95,13.717,160,0.08,0.7704424603174602,0.07377544258378506,1
Switch,20,57,9.35,9.124500000000001,201,0.1005,0.7080852725705666,0.11173269806543237,5
Switch,20,58,12.0,8.752,241,0.1205,0.773109477124183,0.10696328522296608,1
Switch,20,59,7.15,11.832500000000003,175,0.0875,0.8079503968253968,0.09998373797714341,2
Switch,20,60,10.8,9.804,189,0.0945,0.7577387865402572,0.10045649902083657,1
Switch,20,61,11.7,8.867,215,0.1075,0.7878675303454716,0.14475784876034994,1
Switch,20,62,10.2,8.585500000000001,222,0.111,0.7129950980392156,0.20233213437062375,1
Switch,20,63,17.75,9.3545,209,0.1045,0.667999649859944,0.20894785538077754,1
Switch,20,64,11.95,10.376,213,0.1065,0.7768334500466852,0.10412549848220631,1
Switch,20,65,10.7,16.2355,149,0.0745,0.7658772175536881,0.09411368475134,3
Switch,20,66,10.3,9.225,213,0.1065,0.6892447478991595,0.11552806633798088,1
Switch,20,67,11.3,7.6215,235,0.1175,0.7478660130718954,0.1476411870797249,1
Switch,20,68,25.1,15.100999999999999,137,0.0685,0.7336468253968254,0.15600604837315318,3
Switch,20,69,9.65,8.323500000000001,222,0.111,0.7056820728291316,0.07969620393364299,2
Switch,20,70,7.3,8.41,250,0.125,0.7182634008148715,0.10055810731670825,1
Switch,20,71,10.2,7.6095,249,0.1245,0.7091523827479712,0.08649712720458475,1
Switch,20,72,7.3,9.552999999999999,204,0.102,0.7829384920634921,0.07521797517260667,1
Switch,20,73,11.85,9.6605,171,0.0855,0.8325039682539682,0.10236500902740478,2
Switch,20,74,10.6,14.678999999999998,158,0.079,0.7909114145658265,0.08835840776748034,1
Switch,20,75,9.1,8.703000000000001,233,0.1165,0.6583041549953316,0.15142075821573667,2
Switch,20,76,7.35,7.652,257,0.1285,0.688879403276462,0.07998605747888929,1
Switch,20,77,6.65,10.0175,211,0.1055,0.6999175824175823,0.12516216060146468,2
Switch,20,78,12.9,8.4635,213,0.1065,0.7224414098972923,0.10549499562140045,1
Switch,20,79,10.75,8.7905,218,0.109,0.6903431821446527,0.0700097248414899,1
Switch,20,80,9.6,10.841,197,0.0985,0.8128649895855777,0.055955907079997716,1
Switch,20,81,7.95,9.8325,212,0.106,0.712666334482511,0.06083923683450605,1
Switch,20,82,13.8,9.836,212,0.106,0.6990440458234578,0.16864147342622254,1
Switch,20,83,7.55,8.517499999999998,217,0.1085,0.7174816131580838,0.049425568990618104,1
Switch,20,84,11.55,7.3439999999999985,262,0.131,0.6894985994397759,0.09596382922270899,1
Switch,20,85,9.1,7.547000000000001,232,0.116,0.6825262515262516,0.13833988106234454,1
Switch,20,86,10.8,8.950999999999999,202,0.101,0.7329662698412699,0.06147061196451833,1
Switch,20,87,5.75,10.6885,204,0.102,0.6930853892839188,0.066609097409337,1
Switch,20,88,12.6,8.5175,212,0.106,0.7718256482080013,0.17139857727817817,2
Switch,20,89,8.25,9.8115,241,0.1205,0.6883422484378365,0.09508179734127412,1
Switch,20,90,8.1,13.898499999999999,188,0.094,0.7344414098972922,0.05728079645258795,1
Switch,20,91,9.55,9.0895,217,0.1085,0.7552748509660276,0.14099932871734833,2
Switch,20,92,20.0,11.582,183,0.0915,0.7651789215686275,0.117349430076001,1
Switch,20,93,14.8,10.393999999999998,197,0.0985,0.7489527735336559,0.16181363050657085,1
Switch,20,94,12.4,8.953,217,0.1085,0.7415987574516987,0.12511553145891469,1
Switch,20,95,8.4,8.7575,223,0.1115,0.7321865079365081,0.11526546214959647,1
Switch,20,96,9.5,8.6905,234,0.117,0.7520666433239963,0.12443280925398899,1
Switch,20,97,16.35,10.1935,193,0.0965,0.7329004884004883,0.08554059501629578,1
Switch,20,98,9.15,8.043999999999999,221,0.1105,0.7653507236227826,0.11932297676962814,2
Switch,20,99,5.0,7.3885000000000005,262,0.131,0.6855034654887596,0.11675711011580307,1
Switch,20,100,7.85,8.254999999999999,215,0.1075,0.6951009570494864,0.10335850238144276,1
Per-entity habitus,40,1,48.375,21.35325,171,0.04275,0.09485019383200498,0.9642544090727119,1
Per-entity habitus,40,2,38.2,17.883250000000004,216,0.054,0.11244567859455382,0.8779919464410527,1
Per-entity habitus,40,3,86.25,44.88125,31,0.00775,0.03292492260061921,0.9972553933863091,1
Per-entity habitus,40,4,74.325,37.916999999999994,81,0.02025,0.0662254160742938,0.9964294139393791,1
Per-entity habitus,40,5,74.95,39.51174999999999,48,0.012,0.039907206742346074,0.9735144191680517,1
Per-entity habitus,40,6,61.05,27.7815,114,0.0285,0.07980902225755168,0.9985151898646688,1
Per-entity habitus,40,7,62.575,31.351749999999992,99,0.02475,0.07216659428114537,0.9429994363001739,1
Per-entity habitus,40,8,78.025,40.1295,58,0.0145,0.03459795321637428,0.9953019924402918,1
Per-entity habitus,40,9,43.075,18.736500000000003,215,0.05375,0.10183696433657735,0.9597547980944334,1
Per-entity habitus,40,10,70.65,36.549,90,0.0225,0.048845824733402134,0.935935071400246,1
Per-entity habitus,40,11,83.85,42.906000000000006,62,0.0155,0.05050289434171014,0.9949593885353807,1
Per-entity habitus,40,12,81.075,42.952,48,0.012,0.03950438776096672,0.9589683932529409,1
Per-entity habitus,40,13,80.3,42.57725000000001,43,0.01075,0.036935697482162085,0.9779504312842378,1
Per-entity habitus,40,14,54.475,23.873500000000003,162,0.0405,0.09422311294447518,0.8976859567635984,1
Per-entity habitus,40,15,75.5,35.90275,105,0.02625,0.0609775236315484,0.9461349658488434,1
Per-entity habitus,40,16,89.3,44.111000000000004,35,0.00875,0.03269511680270196,0.9806632302774396,1
Per-entity habitus,40,17,62.7,40.371249999999996,63,0.01575,0.0411528059499662,0.8173975812681391,1
Per-entity habitus,40,18,82.6,44.161500000000004,40,0.01,0.030378654970760248,0.9825228568261138,1
Per-entity habitus,40,19,68.425,39.729,78,0.0195,0.05650304193512398,0.8473367671363912,1
Per-entity habitus,40,20,88.025,46.79424999999999,38,0.0095,0.03233271479982007,0.9621338055523531,1
Per-entity habitus,40,21,74.725,42.097750000000005,48,0.012,0.03080701754385966,0.9434453902964662,1
Per-entity habitus,40,22,83.95,43.50199999999999,39,0.00975,0.029247076023391817,0.9990618992515655,1
Per-entity habitus,40,23,72.425,38.385,67,0.01675,0.05444027463996506,0.9140031760654248,1
Per-entity habitus,40,24,62.75,29.32125,137,0.03425,0.08442304093174836,0.8995169054084403,1
Per-entity habitus,40,25,55.8,27.303500000000003,130,0.0325,0.07646696790272642,0.9078633636577302,1
Per-entity habitus,40,26,74.725,39.2555,83,0.02075,0.049886072411420714,0.9518985027575685,1
Per-entity habitus,40,27,73.125,41.689499999999995,47,0.01175,0.04676737186102512,0.9125623746684374,1
Per-entity habitus,40,28,79.4,43.50299999999999,38,0.0095,0.030207602339181298,0.9666951097550778,1
Per-entity habitus,40,29,17.375,15.945,246,0.0615,0.11951843019741626,0.6201883500766554,1
Per-entity habitus,40,30,41.675,19.2875,215,0.05375,0.11511765488862763,0.8455923548694271,1
Per-entity habitus,40,31,73.975,44.99925000000001,36,0.009,0.023187134502923982,0.8728795797211261,1
Per-entity habitus,40,32,83.775,43.75524999999999,45,0.01125,0.03589026487788099,0.9857207083104746,1
Per-entity habitus,40,33,70.15,34.526,86,0.0215,0.06515987272101825,0.951391752802518,1
Per-entity habitus,40,34,81.475,41.452749999999995,51,0.01275,0.0404799488785557,0.9540847355282583,1
Per-entity habitus,40,35,37.325,19.3155,193,0.04825,0.11259147584418482,0.8300005466402576,1
Per-entity habitus,40,36,52.075,23.721499999999995,172,0.043,0.0839505795324294,0.9051873217005154,1
Per-entity habitus,40,37,37.025,16.773250000000004,218,0.0545,0.10254788352040674,0.8624389352358939,1
Per-entity habitus,40,38,97.9,48.95125,27,0.00675,0.03813795853269539,0.9808995770946016,1
Per-entity habitus,40,39,82.425,43.920750000000005,50,0.0125,0.028116541353383467,0.9808503391807099,1
Per-entity habitus,40,40,55.475,26.945749999999997,137,0.03425,0.07792370043085989,0.9085761195192859,1
Per-entity habitus,40,41,82.925,41.86000000000001,54,0.0135,0.044882069055283545,1.0,2
Per-entity habitus,40,42,23.625,13.423250000000001,295,0.07375,0.14595867180040256,0.7314457014702554,1
Per-entity habitus,40,43,20.2,15.62575,253,0.06325,0.12485964739783524,0.5985276802161533,1
Per-entity habitus,40,44,73.75,44.43125,59,0.01475,0.04548758743263388,0.882597789618752,1
Per-entity habitus,40,45,75.8,43.42925,56,0.014,0.037777498280013776,0.8553592388131113,1
Per-entity habitus,40,46,80.875,40.9675,61,0.01525,0.034762460686028805,0.9898040416438082,1
Per-entity habitus,40,47,87.325,40.833499999999994,76,0.019,0.06344795414609657,0.9879680583224519,1
Per-entity habitus,40,48,86.375,45.90549999999999,20,0.005,0.042435676106728756,0.976452086973795,1
Per-entity habitus,40,49,88.9,45.41025,49,0.01225,0.03280889724310778,0.9944675708196474,1
Per-entity habitus,40,50,17.475,14.804749999999999,260,0.065,0.12829613293697484,0.6371529917337013,1
Per-entity habitus,40,51,61.95,31.253999999999998,111,0.02775,0.05927464125840611,0.8804226308607592,1
Per-entity habitus,40,52,73.35,32.69775,114,0.0285,0.07179378726360151,0.9980632026522646,1
Per-entity habitus,40,53,81.425,42.91075,39,0.00975,0.035291866028708145,0.9857207083104746,1
Per-entity habitus,40,54,72.475,35.56775,122,0.0305,0.07198183403242453,0.9490790791925745,1
Per-entity habitus,40,55,65.7,33.72474999999999,104,0.026,0.053861945536868155,0.9268788487290525,1
Per-entity habitus,40,56,77.55,40.343500000000006,84,0.021,0.0715302715506638,0.9551739766031829,1
Per-entity habitus,40,57,51.275,24.246,161,0.04025,0.08285839500552873,0.8977525494007587,1
Per-entity habitus,40,58,77.55,34.959250000000004,91,0.02275,0.064971073683148,0.9551198086535647,1
Per-entity habitus,40,59,83.025,41.68675,61,0.01525,0.04403006092080298,0.9554056558015447,1
Per-entity habitus,40,60,97.75,49.03550000000001,14,0.0035,0.020955108359133136,0.9997685946997873,1
Per-entity habitus,40,61,48.025,21.221999999999998,196,0.049,0.09228624211563266,0.9017276883302514,1
Per-entity habitus,40,62,67.85,32.696749999999994,114,0.0285,0.06301920294265247,0.9373345233517112,1
Per-entity habitus,40,63,79.775,41.5875,53,0.01325,0.04145324254534781,0.970154866214834,1
Per-entity habitus,40,64,77.475,39.89875,69,0.01725,0.06190822354309197,0.9173952725121343,1
Per-entity habitus,40,65,66.2,33.35,100,0.025,0.06661916051389737,0.9297595015872581,1
Per-entity habitus,40,66,66.15,30.38175,89,0.02225,0.06808817721666019,0.9734926874587428,1
Per-entity habitus,40,67,17.05,16.177,241,0.06025,0.11537051603692472,0.5574599101084553,1
Per-entity habitus,40,68,66.575,38.6125,61,0.01525,0.05451315789473685,0.9275187228040014,1
Per-entity habitus,40,69,82.35,42.835750000000004,60,0.015,0.04348684210526318,0.9495755948855292,1
Per-entity habitus,40,70,16.975,14.919749999999999,258,0.0645,0.12422343384959485,0.5153882840261705,1
Per-entity habitus,40,71,85.025,44.26324999999999,36,0.009,0.03400374041163516,0.9816076163018721,1
Per-entity habitus,40,72,55.925,26.11625,145,0.03625,0.08831015916000436,0.8840964898769634,1
Per-entity habitus,40,73,87.975,43.843500000000006,51,0.01275,0.042000509022954866,0.9985538209150894,1
Per-entity habitus,40,74,77.05,40.69750000000001,58,0.0145,0.04645894822125722,0.9541666666666668,1
Per-entity habitus,40,75,78.875,41.844750000000005,46,0.0115,0.041747420020639844,0.9456055402930401,1
Per-entity habitus,40,76,84.0,43.68600000000001,32,0.008,0.025347953216374276,0.9826115128097603,1
Per-entity habitus,40,77,76.4,45.85324999999999,39,0.00975,0.029104919160646725,0.8879436225094011,1
Per-entity habitus,40,78,36.85,17.63225,199,0.04975,0.1010652091333955,0.9006048636671377,1
Per-entity habitus,40,79,81.875,42.118249999999996,44,0.011,0.026695540935672522,0.9953559495542065,1
Per-entity habitus,40,80,83.375,43.759499999999996,41,0.01025,0.04385467045993363,0.9715571501934607,1
Per-entity habitus,40,81,66.425,38.68425,69,0.01725,0.04838225912374519,0.8918570042565879,1
Per-entity habitus,40,82,17.325,16.6565,258,0.0645,0.13028024033832325,0.4649753558851035,1
Per-entity habitus,40,83,86.125,44.61575,44,0.011,0.030415086138770357,0.9678173571923573,1
Per-entity habitus,40,84,64.175,27.066250000000004,144,0.036,0.07181453028105506,0.9903045940367944,1
Per-entity habitus,40,85,73.575,41.58775,44,0.011,0.034195648434812535,0.9613195366180698,1
Per-entity habitus,40,86,51.55,21.256500000000003,165,0.04125,0.08634379394040587,0.9958462438040907,1
Per-entity habitus,40,87,78.675,41.785250000000005,43,0.01075,0.026428088938924864,0.9956071191869024,1
Per-entity habitus,40,88,58.8,26.002250000000004,138,0.0345,0.08538402635829108,0.9760205985992328,1
Per-entity habitus,40,89,87.9,44.562,55,0.01375,0.039810985797827915,0.9827795318398864,1
Per-entity habitus,40,90,55.775,24.2955,146,0.0365,0.07722712534515941,0.9608820908911267,1
Per-entity habitus,40,91,58.275,28.130750000000003,132,0.033,0.0713616332573376,0.9006905141467396,1
Per-entity habitus,40,92,82.075,40.88625,65,0.01625,0.04670062646378437,0.9862004761200259,1
Per-entity habitus,40,93,84.1,45.20275000000001,40,0.01,0.03223498498498499,0.9499979524979525,1
Per-entity habitus,40,94,39.5,18.730999999999998,181,0.04525,0.08379598859534942,0.9437533261318093,1
Per-entity habitus,40,95,48.275,20.5925,146,0.0365,0.08135768076789748,0.9744321337955653,1
Per-entity habitus,40,96,76.1,42.3925,36,0.009,0.03750386996904026,0.9562745192167867,1
Per-entity habitus,40,97,50.425,22.971250000000005,124,0.031,0.08262015477316213,0.9503676389027925,1
Per-entity habitus,40,98,89.775,45.896499999999996,34,0.0085,0.03154600963192296,0.9997747747747748,1
Per-entity habitus,40,99,47.55,21.8375,178,0.0445,0.08227729405806031,0.9428688600444041,1
Per-entity habitus,40,100,71.6,43.14725000000001,57,0.01425,0.03548701298701299,0.9055050499363626,1
Mean habitus,40,1,79.825,39.318999999999996,87,0.02175,0.06233908072283811,0.9593170872039936,1
Mean habitus,40,2,61.8,37.023250000000004,104,0.026,0.09643145854833161,0.8491935249133391,1
Mean habitus,40,3,86.325,43.968999999999994,47,0.01175,0.053418451152390786,0.9806169083246388,1
Mean habitus,40,4,62.375,33.754,111,0.02775,0.09398849565304275,0.79553129945914,1
Mean habitus,40,5,74.875,45.728500000000004,35,0.00875,0.03807855223644699,0.8687210331188308,1
Mean habitus,40,6,61.125,33.04600000000001,94,0.0235,0.08948391812865497,0.8431330106982292,1
Mean habitus,40,7,80.575,45.492,38,0.0095,0.057279239766081874,0.9115550034116211,1
Mean habitus,40,8,90.025,44.799249999999994,44,0.011,0.026741572067423464,0.9997596153846153,1
Mean habitus,40,9,62.05,35.074,98,0.0245,0.08424260752688173,0.8689632034313345,1
Mean habitus,40,10,84.275,43.91625,75,0.01875,0.05778671416732562,0.8202048102195933,1
Mean habitus,40,11,70.625,35.76975,111,0.02775,0.06883726780185759,0.9782060353864521,1
Mean habitus,40,12,67.05,39.846500000000006,54,0.0135,0.04229437960687961,0.9363733727779697,1
Mean habitus,40,13,77.6,42.01950000000001,54,0.0135,0.06694412194702443,0.9298652864401304,1
Mean habitus,40,14,75.95,39.10724999999999,68,0.017,0.06280108359133128,0.8394797508335637,1
Mean habitus,40,15,79.5,40.6165,64,0.016,0.048937797529877834,0.9786655565568744,1
Mean habitus,40,16,66.15,34.356750000000005,86,0.0215,0.07058823529411765,0.9293680113017538,1
Mean habitus,40,17,77.8,39.731500000000004,74,0.0185,0.05220750732381239,0.9438581728140468,1
Mean habitus,40,18,61.55,36.71,68,0.017,0.06564217836257312,0.6001685997747077,1
Mean habitus,40,19,81.8,42.624500000000005,52,0.013,0.04358931419457735,0.9690482532289504,1
Mean habitus,40,20,87.8,44.815250000000006,52,0.013,0.03797014170040486,0.9583577773419186,1
Mean habitus,40,21,84.05,43.441,44,0.011,0.040314904909332164,1.0,1
Mean habitus,40,22,79.575,43.4105,41,0.01025,0.03452820777433782,0.9615842490842489,1
Mean habitus,40,23,64.75,34.4915,79,0.01975,0.09265892672858618,0.6430991224587339,1
Mean habitus,40,24,68.525,33.757250000000006,92,0.023,0.08367543859649125,0.8336925768282845,1
Mean habitus,40,25,66.275,38.61275,76,0.019,0.07727278981768147,0.8980323878351957,1
Mean habitus,40,26,57.4,30.801500000000004,96,0.024,0.11585091321972125,0.8757220245648277,1
Mean habitus,40,27,70.675,38.27225000000001,107,0.02675,0.08728546054049152,0.9218079669270249,1
Mean habitus,40,28,53.275,37.53475,64,0.016,0.04740247678018576,0.9392258427840847,1
Mean habitus,40,29,76.9,35.923750000000005,79,0.01975,0.0605123624011008,0.8871622574161773,1
Mean habitus,40,30,61.725,34.4865,119,0.02975,0.07708959285468574,0.8697648717984301,1
Mean habitus,40,31,70.15,40.1815,54,0.0135,0.051671654626763,0.8857180640136487,1
Mean habitus,40,32,69.675,37.172250000000005,65,0.01625,0.04469465329991648,0.9650269492690707,1
Mean habitus,40,33,71.625,39.743249999999996,64,0.016,0.043505912452700385,0.9552508579209263,1
Mean habitus,40,34,74.8,43.07500000000001,58,0.0145,0.04802034132761688,0.8662653044444337,1
Mean habitus,40,35,81.925,44.89275000000001,38,0.0095,0.04723219814241487,0.9537369033615164,1
Mean habitus,40,36,69.9,41.274750000000004,64,0.016,0.039527777777777794,0.8501093814754889,1
Mean habitus,40,37,66.425,33.482,89,0.02225,0.07433178534571723,0.90393467620289,1
Mean habitus,40,38,68.275,38.23625,97,0.02425,0.05505345746889198,0.942714834959772,1
Mean habitus,40,39,84.25,45.49100000000001,46,0.0115,0.02701279239766083,0.9897871725479916,1
Mean habitus,40,40,70.2,37.436749999999996,81,0.02025,0.05337202412725527,0.9763201071865462,1
Mean habitus,40,41,72.425,39.698,59,0.01475,0.04950029951484528,0.9651030850161002,2
Mean habitus,40,42,62.3,36.74575000000001,79,0.01975,0.05074153429745536,0.8759686734245472,1
Mean habitus,40,43,78.425,42.086499999999994,51,0.01275,0.0522748538011696,0.9387655401854366,1
Mean habitus,40,44,58.075,41.57575,70,0.0175,0.0416809476072781,0.8121907106335963,1
Mean habitus,40,45,56.5,34.582,100,0.025,0.05011683006535948,0.878638570559908,1
Mean habitus,40,46,77.575,40.2095,51,0.01275,0.03882628920786817,0.9730474656277674,1
Mean habitus,40,47,70.025,34.7825,104,0.026,0.06342987147011915,0.985574738720526,1
Mean habitus,40,48,67.2,40.553999999999995,53,0.01325,0.045281960471588965,0.8919934009999462,1
Mean habitus,40,49,75.8,41.90525,72,0.018,0.05953847176215598,0.8907978775180787,1
Mean habitus,40,50,80.35,41.420500000000004,87,0.02175,0.06567594872877382,0.8784810216430291,1
Mean habitus,40,51,54.55,26.676000000000002,138,0.0345,0.09869608943092789,0.8625438008051635,1
Mean habitus,40,52,76.575,39.1795,56,0.014,0.044254127966976274,0.9650678418721126,1
Mean habitus,40,53,78.0,44.163000000000004,32,0.008,0.031093567251462,0.9562398710105683,1
Mean habitus,40,54,72.85,42.32875000000001,56,0.014,0.045371392190152814,0.848365502722886,1
Mean habitus,40,55,81.575,44.244249999999994,38,0.0095,0.0488264533883729,0.9111973198749986,1
Mean habitus,40,56,65.1,34.082249999999995,98,0.0245,0.05498406455991597,0.8829880245290438,1
Mean habitus,40,57,68.75,39.08725,74,0.0185,0.08527572607990566,0.809635550095631,1
Mean habitus,40,58,62.725,36.454249999999995,75,0.01875,0.05700991665039653,0.8682151962618592,1
Mean habitus,40,59,79.8,43.24700000000001,44,0.011,0.04199269005847954,0.9555671283656615,1
Mean habitus,40,60,80.875,43.38174999999999,40,0.01,0.022413914688682497,0.9414113224881415,1
Mean habitus,40,61,81.225,43.03850000000001,77,0.01925,0.04775721371851404,0.927928203332615,1
Mean habitus,40,62,72.9,39.661500000000004,70,0.0175,0.04690359701253666,0.8692153409538182,1
Mean habitus,40,63,73.8,39.383250000000004,75,0.01875,0.06888713763017171,0.9439839328100363,1
Mean habitus,40,64,74.825,39.66349999999999,74,0.0185,0.08502975576195389,0.3835170866813244,1
Mean habitus,40,65,70.975,40.03075,66,0.0165,0.06486041614369788,0.959015974615593,1
Mean habitus,40,66,66.2,31.657999999999994,128,0.032,0.1123951883384933,0.9546698302866743,1
Mean habitus,40,67,77.825,38.67649999999999,76,0.019,0.04591310160427809,0.9770532651165847,1
Mean habitus,40,68,83.425,39.79900000000001,63,0.01575,0.04849621603027176,0.9772603057630647,1
Mean habitus,40,69,75.975,43.28025000000002,58,0.0145,0.048687085360459986,0.9095448148267637,1
Mean habitus,40,70,88.85,42.96125,54,0.0135,0.04138802889576884,1.0,1
Mean habitus,40,71,85.45,45.77474999999998,38,0.0095,0.04803397775766197,0.9464437983143658,1
Mean habitus,40,72,82.975,44.88525000000001,46,0.0115,0.06537813897488823,0.9594992554525532,1
Mean habitus,40,73,66.5,38.4495,52,0.013,0.03618653250773995,0.9100709313709586,1
Mean habitus,40,74,72.125,41.10875,67,0.01675,0.059185197775174565,0.967744776304744,1
Mean habitus,40,75,62.775,35.14775,96,0.024,0.07811005761953906,0.8669211918428206,1
Mean habitus,40,76,77.825,40.75175,70,0.0175,0.05452027253732711,0.8417014758028044,1
Mean habitus,40,77,77.075,41.73775,59,0.01475,0.0370217578259374,0.9680407617782143,1
Mean habitus,40,78,82.025,41.74450000000001,68,0.017,0.07115127404569256,0.7714808251053527,1
Mean habitus,40,79,84.15,44.28625,40,0.01,0.03152244582043344,0.9951394594792259,1
Mean habitus,40,80,66.8,41.077,56,0.014,0.05094283195734435,0.8718971924869588,1
Mean habitus,40,81,67.15,42.08299999999999,53,0.01325,0.06893744722769492,0.4243517646288823,1
Mean habitus,40,82,63.725,34.266999999999996,94,0.0235,0.060369858469703684,0.886986053327778,1
Mean habitus,40,83,75.725,40.796749999999996,61,0.01525,0.06308384932920537,0.9662924436788172,1
Mean habitus,40,84,75.4,33.757250000000006,96,0.024,0.09341374269005849,0.8202609339677863,1
Mean habitus,40,85,66.675,40.501250000000006,54,0.0135,0.042365497076023405,0.9168516093908557,1
Mean habitus,40,86,68.225,33.52775,94,0.0235,0.07953328173374613,0.9497866701063791,1
Mean habitus,40,87,68.575,39.775749999999995,51,0.01275,0.0366654626762986,0.965690567989719,1
Mean habitus,40,88,68.025,32.85175,112,0.028,0.10190982972136224,0.7756920101772055,1
Mean habitus,40,89,66.625,36.3545,126,0.0315,0.07938914948085526,0.8684038414422405,1
Mean habitus,40,90,84.15,42.25125,54,0.0135,0.06678143274853804,0.9857809471061568,1
Mean habitus,40,91,70.825,36.99974999999999,83,0.02075,0.05273334154235858,0.9319243936071265,1
Mean habitus,40,92,79.425,42.80200000000001,52,0.013,0.05673350041771095,0.9676199733559973,1
Mean habitus,40,93,67.325,34.9975,83,0.02075,0.07797463020295839,0.9773411999169678,1
Mean habitus,40,94,52.275,30.2775,91,0.02275,0.08574447047666861,0.7596529502948025,1
Mean habitus,40,95,79.0,41.97774999999999,50,0.0125,0.05629557963536293,0.8135013870514058,1
Mean habitus,40,96,75.725,35.268499999999996,81,0.02025,0.07632196913853262,0.9256450739163118,1
Mean habitus,40,97,76.025,39.74325000000001,61,0.01525,0.06074356461599922,0.9394041958967282,1
Mean habitus,40,98,74.525,40.633500000000005,55,0.01375,0.04423673767752716,0.964733571988587,1
Mean habitus,40,99,68.4,37.7445,53,0.01325,0.0643405572755418,0.5007366721739517,1
Mean habitus,40,100,65.85,35.986999999999995,91,0.02275,0.08074437064602007,0.6540043818536437,1
Random,40,1,6.4,7.572249999999998,641,0.16025,0.5053324491192123,0.09449345429474987,1
Random,40,2,5.025,6.147499999999999,717,0.17925,0.5214150900905026,0.11174524517151382,1
Random,40,3,5.375,6.934,597,0.14925,0.5019581780937632,0.08610377116876007,1
Random,40,4,5.45,5.702750000000001,720,0.18,0.4989383529515933,0.10008302801923705,1
Random,40,5,8.4,6.491999999999999,622,0.1555,0.49704528450802266,0.15277377260127062,1
Random,40,6,4.325,5.982,728,0.182,0.5004515914282117,0.08299314026616658,1
Random,40,7,5.325,5.601500000000001,732,0.183,0.5262665527098577,0.0919737639935574,1
Random,40,8,4.325,7.620500000000001,600,0.15,0.5204784736385861,0.0895352041073622,1
Random,40,9,7.575,7.055750000000001,601,0.15025,0.48889408755861313,0.11514334706629825,1
Random,40,10,6.45,5.75175,738,0.1845,0.5031380489807293,0.09963221870580459,1
Random,40,11,6.15,7.893,601,0.15025,0.4921697273884388,0.07406971991891964,1
Random,40,12,4.725,7.2315,573,0.14325,0.5148903393513659,0.0527477793434578,1
Random,40,13,8.95,5.839250000000001,679,0.16975,0.5155403669372872,0.11388793855863058,1
Random,40,14,5.525,5.924999999999999,712,0.178,0.49910198170509396,0.11830222921669771,1
Random,40,15,8.65,6.680750000000001,640,0.16,0.4993089586459271,0.14425578561143654,1
Random,40,16,7.5,6.035749999999999,678,0.1695,0.5119031717723435,0.09448060523727694,1
Random,40,17,4.7,6.19175,676,0.169,0.5016216845347858,0.10391026848015505,1
Random,40,18,6.775,6.30025,640,0.16,0.49726385660948574,0.08165079429428197,1
Random,40,19,6.85,5.9505,710,0.1775,0.4941580455561482,0.13192959281361194,1
Random,40,20,6.925,6.4472499999999995,624,0.156,0.4963052370833132,0.11707418012451495,1
Random,40,21,8.4,5.468249999999999,702,0.1755,0.4703698323792419,0.11610642398893067,1
Random,40,22,5.3,5.78525,718,0.1795,0.5023390841289272,0.08638338489463304,1
Random,40,23,5.8,6.445250000000001,624,0.156,0.4919677536213695,0.10859999922944304,1
Random,40,24,6.5,6.40775,677,0.16925,0.48533105596227616,0.09381257921071559,1
Random,40,25,7.275,6.021249999999998,667,0.16675,0.5182582600174633,0.11008885560850587,1
Random,40,26,5.175,6.084499999999999,693,0.17325,0.49169618533413,0.08656816861366598,1
Random,40,27,4.425,5.9639999999999995,695,0.17375,0.468494420063673,0.06811451682673457,1
Random,40,28,5.925,5.9,693,0.17325,0.5052443095600422,0.10387119558494169,1
Random,40,29,5.475,5.961000000000001,702,0.1755,0.49148700249055544,0.09340687413583802,1
Random,40,30,6.35,7.1695,615,0.15375,0.4792706010498986,0.09680877139367514,1
Random,40,31,6.425,7.011749999999999,626,0.1565,0.5008905526195908,0.08745649778441686,1
Random,40,32,6.25,6.159249999999999,718,0.1795,0.5026918181623464,0.09332194307428851,1
Random,40,33,6.55,6.160499999999998,705,0.17625,0.4802115809521096,0.10128089780658045,1
Random,40,34,8.475,6.69625,655,0.16375,0.49671451667376204,0.1346412231223077,1
Random,40,35,5.975,5.603249999999999,736,0.184,0.5073824983031566,0.08555359099873242,1
Random,40,36,4.875,5.62125,712,0.178,0.503888493505966,0.08298320528859919,1
Random,40,37,5.55,6.473499999999999,671,0.16775,0.5043934112918229,0.09746822067432177,1
Random,40,38,4.9,6.702499999999999,670,0.1675,0.5092018124686403,0.0799167156329352,1
Random,40,39,5.225,5.92875,669,0.16725,0.49818276254158556,0.058207923279666264,1
Random,40,40,6.825,5.599750000000001,729,0.18225,0.48439103090016006,0.11368982875223432,1
Random,40,41,7.2,5.840749999999999,688,0.172,0.5200118235997135,0.12091030917342134,1
Random,40,42,5.65,6.72,606,0.1515,0.5023788430577604,0.11309844292523656,1
Random,40,43,6.65,5.780500000000001,657,0.16425,0.49500088406730325,0.11677314569376791,1
Random,40,44,5.15,5.88825,723,0.18075,0.5099503151214781,0.08537127231384156,1
Random,40,45,5.55,5.867749999999998,738,0.1845,0.486990323758435,0.09221376772996501,1
Random,40,46,6.2,5.942249999999999,709,0.17725,0.5070730754590661,0.10639261754440192,1
Random,40,47,7.325,6.88975,649,0.16225,0.481235761795708,0.12431757605414809,1
Random,40,48,6.375,5.1985,762,0.1905,0.48994131811513386,0.13220522144140964,1
Random,40,49,8.075,6.02475,668,0.167,0.4799656230357626,0.13326425705975264,1
Random,40,50,4.875,5.819249999999999,701,0.17525,0.5010295016124264,0.09548730946854853,1
Random,40,51,5.55,5.981249999999999,680,0.17,0.4931900966349063,0.11138456085108564,1
Random,40,52,6.525,6.617499999999999,634,0.1585,0.5021733288288285,0.09816061542820223,1
Random,40,53,10.625,6.526,604,0.151,0.5011234912892633,0.12813296009964614,1
Random,40,54,6.2,5.778500000000001,724,0.181,0.5105713781826247,0.1028089179956174,1
Random,40,55,6.35,5.58375,701,0.17525,0.4823513205400469,0.11197050322704376,1
Random,40,56,8.275,5.619,713,0.17825,0.49608304577084134,0.11920916520276496,1
Random,40,57,7.65,5.698499999999999,724,0.181,0.48994667448881624,0.11120025387923163,1
Random,40,58,8.725,5.9585,677,0.16925,0.5101851348464878,0.12281240025658902,1
Random,40,59,5.375,6.06675,696,0.174,0.4821985851225581,0.10377792171982878,1
Random,40,60,6.9,6.119999999999999,684,0.171,0.4957165355970571,0.11612104827126228,1
Random,40,61,4.95,6.15575,682,0.1705,0.4952956978108593,0.06698241074694837,1
Random,40,62,6.15,5.89925,722,0.1805,0.5001995603448562,0.08521327549255032,1
Random,40,63,5.0,5.598,695,0.17375,0.5142015052749417,0.07308989749488133,1
Random,40,64,5.8,5.81525,718,0.1795,0.5001838188105665,0.10779070186714867,1
Random,40,65,6.65,6.437,617,0.15425,0.4929539529903434,0.12077133519808436,1
Random,40,66,5.825,5.597,719,0.17975,0.5063323724395619,0.10980964371255564,1
Random,40,67,8.1,6.475,675,0.16875,0.493448281424077,0.1469674738385839,1
Random,40,68,5.225,6.00075,719,0.17975,0.490658901671844,0.09911545465090137,1
Random,40,69,7.6,5.69625,716,0.179,0.4970730173812364,0.11607927891611158,1
Random,40,70,4.55,6.204249999999999,645,0.16125,0.48945867028112583,0.0750702515905521,1
Random,40,71,6.025,6.0055,714,0.1785,0.4968906521596375,0.09389989690753184,1
Random,40,72,7.9,6.087,643,0.16075,0.49096995511764696,0.13095776694451222,1
Random,40,73,6.275,6.453750000000001,697,0.17425,0.5132045238694332,0.1258146346447016,1
Random,40,74,4.65,5.950500000000001,731,0.18275,0.49141277077358425,0.12748368158882997,1
Random,40,75,6.65,5.9165,687,0.17175,0.48641187301834227,0.12379544925150039,1
Random,40,76,7.425,6.159250000000001,689,0.17225,0.49948000931914777,0.1041274114400063,1
Random,40,77,6.55,5.505999999999999,735,0.18375,0.4805028021598987,0.11233947332976993,1
Random,40,78,6.15,6.602,661,0.16525,0.49530957042101803,0.10736514274813465,1
Random,40,79,8.125,5.865,682,0.1705,0.5018653444693447,0.12497105036735465,1
Random,40,80,4.7,5.2445,745,0.18625,0.47875017855308116,0.10860820918560857,1
Random,40,81,7.0,7.042249999999999,645,0.16125,0.5098324440551579,0.10338740573722571,1
Random,40,82,6.225,5.551750000000001,708,0.177,0.5149470275617118,0.10486723732377345,1
Random,40,83,4.475,6.0335,710,0.1775,0.4981771560526407,0.10409867024959904,1
Random,40,84,4.5,5.44625,749,0.18725,0.5017707118343555,0.08404918944275688,1
Random,40,85,6.475,6.696000000000001,625,0.15625,0.48703474863317003,0.09191815315932127,1
Random,40,86,9.175,6.1972499999999995,629,0.15725,0.5063497036014817,0.11946919078319207,1
Random,40,87,5.175,6.648249999999999,649,0.16225,0.4919674523021411,0.08568650383414314,1
Random,40,88,7.3,6.915250000000001,643,0.16075,0.5098373511884956,0.11071895003966001,1
Random,40,89,5.9,5.506749999999999,726,0.1815,0.49956745620989124,0.09712826723299806,1
Random,40,90,10.65,7.19775,609,0.15225,0.50149776110023,0.12025824113522152,1
Random,40,91,6.95,5.00075,814,0.2035,0.4774735894380371,0.11723889227428697,1
Random,40,92,5.25,5.9967500000000005,676,0.169,0.5059368552568969,0.09564790275800336,1
Random,40,93,5.0,5.586,725,0.18125,0.5054054109914609,0.10015913860690243,1
Random,40,94,7.225,6.411249999999999,621,0.15525,0.47577854405908243,0.10107775202277187,1
Random,40,95,7.2,6.3855,656,0.164,0.5024793364263108,0.10985205342786464,1
Random,40,96,5.925,6.25225,690,0.1725,0.49997157186996494,0.11490209520298525,1
Random,40,97,5.425,5.569749999999999,713,0.17825,0.5004323346797277,0.06986818330161984,1
Random,40,98,5.4,6.1365,679,0.16975,0.5101428138508325,0.0785191385479614,1
Random,40,99,5.65,6.018749999999999,660,0.165,0.4818759887660541,0.10756267897815379,1
Random,40,100,4.925,6.272249999999999,681,0.17025,0.4825275733901051,0.08132628300622814,1
Naive,40,1,77.7,40.571749999999994,54,0.0135,0.05966318038686461,0.9906322570443917,1
Naive,40,2,72.1,38.09075,63,0.01575,0.07375958195037143,0.7468542153219625,1
Naive,40,3,78.9,43.559749999999994,34,0.0085,0.04435526315789474,0.9370244037782317,1
Naive,40,4,91.15,44.736749999999994,42,0.0105,0.040698830409356734,1.0,1
Naive,40,5,59.45,37.06475,78,0.0195,0.06656011351909184,0.6955424486236303,1
Naive,40,6,76.0,37.3455,76,0.019,0.07675978997573424,0.9729248757122806,1
Naive,40,7,73.425,40.483250000000005,54,0.0135,0.045463880288957696,0.9815256447224288,1
Naive,40,8,79.075,42.78575,41,0.01025,0.03595326678765881,0.9355942247205749,1
Naive,40,9,72.75,38.0345,61,0.01525,0.04926939978028565,0.9857017689261116,1
Naive,40,10,75.525,40.008500000000005,58,0.0145,0.07396764275885793,0.687436958970283,1
Naive,40,11,76.975,40.19125,69,0.01725,0.04267341572188376,0.9510083332447561,1
Naive,40,12,62.7,34.654999999999994,68,0.017,0.07262349501203992,0.8307921181880562,1
Naive,40,13,80.55,38.605500000000006,75,0.01875,0.07385856240422804,0.9944384745000636,1
Naive,40,14,77.1,40.6535,56,0.014,0.04529160216718267,0.9922169814315727,1
Naive,40,15,73.675,36.7695,70,0.0175,0.05702229532163743,0.8790940190910327,1
Naive,40,16,71.825,41.434,47,0.01175,0.04054829500553185,0.8896267349351715,1
Naive,40,17,71.75,36.152,76,0.019,0.08111915204678365,0.7352518828296606,1
Naive,40,18,94.025,48.299,22,0.0055,0.029600232198142423,0.9951103923182767,1
Naive,40,19,76.75,42.93,64,0.016,0.05107389490884074,0.9337893957990456,1
Naive,40,20,79.725,41.088249999999995,40,0.01,0.06406578947368423,0.6964513375616328,1
Naive,40,21,76.4,39.074250000000006,63,0.01575,0.04783350421508317,0.9580107354419279,1
Naive,40,22,99.025,49.8625,16,0.004,0.03728044375644996,0.9753868103047119,1
Naive,40,23,70.825,37.25599999999999,73,0.01825,0.05238155397982624,0.966343954248366,1
Naive,40,24,70.575,40.7425,58,0.0145,0.05906295149638803,0.799891917691262,1
Naive,40,25,56.475,30.34575,104,0.026,0.06889361885104921,0.9061340190823476,1
Naive,40,26,56.95,38.62799999999999,70,0.0175,0.04720687134502925,0.8366510760378626,1
Naive,40,27,64.75,35.6925,98,0.0245,0.06693983127864707,0.9545135191163137,1
Naive,40,28,65.625,38.8585,53,0.01325,0.05841919551130079,0.9484548644604152,1
Naive,40,29,65.525,39.53625,59,0.01475,0.04299036025893612,0.8959650671485105,1
Naive,40,30,69.0,39.2535,60,0.015,0.04660907032978342,0.9242099777699455,1
Naive,40,31,85.4,45.446749999999994,26,0.0065,0.02478947368421053,0.9663617685100998,1
Naive,40,32,77.35,43.40975000000001,37,0.00925,0.0517037480063796,0.9346602992743088,1
Naive,40,33,60.7,28.751499999999997,150,0.0375,0.11872129772961816,0.8103446851724161,1
Naive,40,34,88.0,45.77725,30,0.0075,0.03422368421052632,0.9615842490842489,1
Naive,40,35,68.65,34.5045,110,0.0275,0.12185635024624963,0.48315400491313953,1
Naive,40,36,68.475,38.222,70,0.0175,0.0446359649122807,0.929354398093302,1
Naive,40,37,52.6,34.7035,94,0.0235,0.11385487616099071,0.5035154846342611,1
Naive,40,38,79.975,41.093999999999994,56,0.014,0.0553796654626763,0.9685707463797119,1
Naive,40,39,66.825,38.439499999999995,52,0.013,0.046176169590643294,0.9287041463748553,1
Naive,40,40,68.525,36.549749999999996,70,0.0175,0.05601943584451325,0.9081081081081084,1
Naive,40,41,65.225,37.798,60,0.015,0.06869792741658069,0.9162408677327075,1
Naive,40,42,77.1,42.7295,47,0.01175,0.05302072890559734,0.9117328692473816,1
Naive,40,43,64.825,37.840999999999994,60,0.015,0.06330899552803577,0.9229556940155496,1
Naive,40,44,40.1,24.75725,165,0.04125,0.14215473817118554,0.6305811706474567,1
Naive,40,45,78.05,43.42575,36,0.009,0.049579312865497084,0.961214461540256,1
Naive,40,46,76.2,43.23949999999999,36,0.009,0.04572039473684211,0.9451583637807282,1
Naive,40,47,79.175,41.684,88,0.022,0.07783443953277545,0.9334968955364603,1
Naive,40,48,84.5,46.016999999999996,18,0.0045,0.04384210526315791,0.9567367095828903,1
Naive,40,49,79.875,43.197750000000006,40,0.01,0.024921052631578955,0.9997747747747748,1
Naive,40,50,76.65,41.20475,68,0.017,0.05891928137651822,0.7265706949029049,1
Naive,40,51,74.775,39.062000000000005,72,0.018,0.058619281045751634,0.9593204469061891,1
Naive,40,52,62.2,31.137749999999997,83,0.02075,0.048139752791068594,0.9669423346908197,1
Naive,40,53,76.45,42.391999999999996,36,0.009,0.03374380804953561,0.9288644724083964,1
Naive,40,54,65.5,37.747,78,0.0195,0.052957279841761275,0.9297384908415929,1
Naive,40,55,82.825,44.22074999999999,41,0.01025,0.03607739156268568,0.9364002326502326,1
Naive,40,56,79.8,41.063750000000006,53,0.01325,0.05999207620132143,0.9779231151070341,1
Naive,40,57,64.875,39.0895,64,0.016,0.03476496388028897,0.9053908447456956,1
Naive,40,58,68.375,38.3125,49,0.01225,0.06105591183841959,0.9509960591116183,1
Naive,40,59,77.05,44.126000000000005,28,0.007,0.034884868421052644,0.9624844406828643,1
Naive,40,60,70.2,46.92275000000001,36,0.009,0.029777691778465776,0.781924423433501,2
Naive,40,61,62.05,35.18175000000001,71,0.01775,0.05290070988523001,0.8970906739640896,1
Naive,40,62,81.05,40.1835,64,0.016,0.058075512708639664,0.876722906156761,1
Naive,40,63,83.8,44.396750000000004,30,0.0075,0.04403792569659444,0.9997209745195075,1
Naive,40,64,79.675,41.2495,59,0.01475,0.0568404958474618,0.9343761027450441,1
Naive,40,65,50.25,42.584250000000004,67,0.01675,0.046231029333583515,0.7178984509396706,1
Naive,40,66,88.425,45.643,23,0.00575,0.057819106590004436,0.9758910242302818,1
Naive,40,67,86.375,42.456,51,0.01275,0.05196943972835315,1.0,1
Naive,40,68,77.15,36.897000000000006,86,0.0215,0.0706593098164306,0.971715702312111,1
Naive,40,69,73.35,38.62875,71,0.01775,0.05883973681436355,0.8709685772790454,1
Naive,40,70,82.075,41.18,46,0.0115,0.04093507051943585,1.0,1
Naive,40,71,77.925,36.908500000000004,99,0.02475,0.0915950753108261,0.8283542562387733,1
Naive,40,72,82.325,44.71099999999999,34,0.0085,0.030870248538011708,0.9774478268773598,1
Naive,40,73,74.9,35.983000000000004,72,0.018,0.058219907545758946,0.9495396391232406,1
Naive,40,74,72.2,42.00825,48,0.012,0.05305349157206743,0.9142391152910075,1
Naive,40,75,78.75,44.5375,32,0.008,0.04626754385964913,0.8707585336629455,1
Naive,40,76,73.075,36.9895,78,0.0195,0.05988649319376875,0.8936178629621028,1
Naive,40,77,63.8,37.502750000000006,46,0.0115,0.040700722394220866,0.9456055402930401,1
Naive,40,78,76.15,38.50125,58,0.0145,0.06795321637426902,0.7614578230594856,1
Naive,40,79,80.125,41.48725,50,0.0125,0.043409270725834205,0.9999926943308006,1
Naive,40,80,79.55,40.398250000000004,46,0.0115,0.06844132290184923,0.6475667563575349,1
Naive,40,81,81.85,46.26200000000001,26,0.0065,0.032083333333333346,0.949388290728057,1
Naive,40,82,80.275,40.3875,50,0.0125,0.0506155615755074,0.9980591455257489,1
Naive,40,83,71.15,38.51325,56,0.014,0.043076625386996914,0.9970888226354855,1
Naive,40,84,81.925,42.151500000000006,50,0.0125,0.05150251547987616,0.9997671408012746,1
Naive,40,85,51.1,33.12925,92,0.023,0.09668957431457433,0.6928445324269499,1
Naive,40,86,69.7,40.20225,49,0.01225,0.04649092787250684,0.9390121632323642,1
Naive,40,87,67.8,38.48975,69,0.01725,0.0489543578196829,0.9351047911194884,1
Naive,40,88,54.225,36.38075,99,0.02475,0.07181023263976051,0.7777772588455283,1
Naive,40,89,68.05,37.43050000000001,86,0.0215,0.07329596550798644,0.8675454820221777,1
Naive,40,90,50.325,37.36875,66,0.0165,0.06449974200206399,0.8084468176371347,1
Naive,40,91,71.75,38.075,53,0.01325,0.06050383945315535,0.9508974220181875,1
Naive,40,92,70.8,44.17475,37,0.00925,0.03704385964912282,0.8889356599757668,1
Naive,40,93,70.65,37.980000000000004,64,0.016,0.05945186188510493,0.9410514891832799,1
Naive,40,94,75.825,39.20025,54,0.0135,0.05044427244582044,0.9835467952669965,1
Naive,40,95,66.4,36.2425,64,0.016,0.05044926040591676,0.9280872523363286,1
Naive,40,96,64.4,41.765499999999996,48,0.012,0.052581871345029264,0.8582876048530073,1
Naive,40,97,79.075,42.667249999999996,41,0.01025,0.041990392648287404,0.9556010029926603,1
Naive,40,98,77.225,44.523500000000006,36,0.009,0.058602876676986604,0.8612035194860723,1
Naive,40,99,67.7,36.260749999999994,58,0.0145,0.03504179566563468,0.9349028631791704,1
Naive,40,100,73.475,41.605,49,0.01225,0.04299619278721448,0.9438865336533977,1
Two-frame Naive,40,1,86.025,41.766000000000005,54,0.0135,0.03486642983779208,0.9994132604465783,1
Two-frame Naive,40,2,82.325,41.43299999999999,54,0.0135,0.054001203990368084,0.6347355438150029,1
Two-frame Naive,40,3,78.975,41.13924999999999,34,0.0085,0.027349415204678373,0.9999966586474205,1
Two-frame Naive,40,4,83.325,44.10875,38,0.0095,0.03600085999312007,0.9540148130095965,1
Two-frame Naive,40,5,68.125,45.896,32,0.008,0.03316812865497077,0.8497101127398947,1
Two-frame Naive,40,6,76.275,38.66875,65,0.01625,0.05478994784257944,0.7625963067035644,1
Two-frame Naive,40,7,59.675,37.33550000000001,62,0.0155,0.05048391812865498,0.7429009133972558,1
Two-frame Naive,40,8,58.825,35.18275,89,0.02225,0.052766580276448705,0.744478446423553,1
Two-frame Naive,40,9,78.525,42.05199999999999,40,0.01,0.03679489164086689,0.9786356179024821,1
Two-frame Naive,40,10,78.2,42.75875,37,0.00925,0.030637635756056814,0.949885691902943,1
Two-frame Naive,40,11,76.025,43.646499999999996,48,0.012,0.03094883040935674,0.9142219196921211,1
Two-frame Naive,40,12,75.925,40.1145,60,0.015,0.03554850234416798,0.9635201723166131,1
Two-frame Naive,40,13,66.05,40.107,52,0.013,0.042382417440660486,0.8643363258006334,1
Two-frame Naive,40,14,75.8,39.9015,48,0.012,0.03412547299621604,0.9964665672865618,1
Two-frame Naive,40,15,82.9,47.957249999999995,30,0.0075,0.02383548331613348,0.9467420852632296,1
Two-frame Naive,40,16,75.4,42.91425,34,0.0085,0.02730409356725147,0.9272189980109704,1
Two-frame Naive,40,17,66.575,32.55925,85,0.02125,0.06235329447094154,0.8347600149110448,1
Two-frame Naive,40,18,71.675,41.799499999999995,58,0.0145,0.02398968008255935,0.8891556768977098,1
Two-frame Naive,40,19,73.9,39.850750000000005,66,0.0165,0.04281949665831245,0.9223574528978957,1
Two-frame Naive,40,20,75.725,43.13,52,0.013,0.03678188424492604,0.9212951559280759,1
Two-frame Naive,40,21,85.775,44.308499999999995,37,0.00925,0.03309979494190021,0.9982014552012763,1
Two-frame Naive,40,22,93.975,47.78200000000001,27,0.00675,0.02397292800967938,0.9999979524979524,1
Two-frame Naive,40,23,82.5,43.8675,39,0.00975,0.03503594771241831,0.9713861855544088,1
Two-frame Naive,40,24,85.15,44.43299999999999,48,0.012,0.06099312005503957,0.9789909768515285,1
Two-frame Naive,40,25,63.075,36.72774999999999,75,0.01875,0.03907540197742935,0.969451559104853,1
Two-frame Naive,40,26,57.2,36.53425,66,0.0165,0.043173976608187135,0.8711512470830328,1
Two-frame Naive,40,27,71.95,42.073,60,0.015,0.041406067251462,0.8578891941391943,1
Two-frame Naive,40,28,68.225,41.99025,48,0.012,0.037574733402132784,0.8719293197913036,2
Two-frame Naive,40,29,68.075,41.923,40,0.01,0.036342277261781915,0.9068475274725275,1
Two-frame Naive,40,30,64.9,36.4245,92,0.023,0.04957541916288047,0.8322589391676726,1
Two-frame Naive,40,31,79.825,44.930499999999995,26,0.0065,0.021938596491228077,0.9315951158917789,1
Two-frame Naive,40,32,81.65,43.855999999999995,50,0.0125,0.028074905400756803,0.935629139388789,1
Two-frame Naive,40,33,52.325,33.271499999999996,86,0.0215,0.075764221158958,0.6722955867071001,1
Two-frame Naive,40,34,95.075,47.85974999999999,22,0.0055,0.03608333333333334,0.9734889113788103,1
Two-frame Naive,40,35,72.525,38.433,80,0.02,0.09315583075335399,0.7218617138335214,1
Two-frame Naive,40,36,84.6,43.37000000000002,42,0.0105,0.03382410990712075,0.9646884991676657,1
Two-frame Naive,40,37,60.475,35.99525,60,0.015,0.056486842105263155,0.7730776877240272,1
Two-frame Naive,40,38,84.275,38.97925000000001,71,0.01775,0.049867853922033495,0.9528927898496693,1
Two-frame Naive,40,39,91.75,46.22675,34,0.0085,0.04523606811145513,0.9272382071198104,1
Two-frame Naive,40,40,76.6,42.743750000000006,38,0.0095,0.03350877192982457,0.9868928642792938,1
Two-frame Naive,40,41,67.175,40.656000000000006,48,0.012,0.03109330925352598,0.9109581305319651,1
Two-frame Naive,40,42,54.775,36.029,66,0.0165,0.04069101675758024,0.8360378162407681,1
Two-frame Naive,40,43,79.325,39.428,56,0.014,0.0438888888888889,0.9220116901965181,1
Two-frame Naive,40,44,83.15,41.75525,59,0.01475,0.042403865054793856,0.9908848357018467,1
Two-frame Naive,40,45,76.0,41.86875,46,0.0115,0.04763596491228071,0.9666228573989164,1
Two-frame Naive,40,46,86.375,42.462250000000004,44,0.011,0.046596491228070185,0.9944694510493937,1
Two-frame Naive,40,47,76.175,44.43875,42,0.0105,0.03969865841073273,0.906118341064046,1
Two-frame Naive,40,48,73.65,39.1365,48,0.012,0.039324561403508776,0.9253799597154859,1
Two-frame Naive,40,49,85.45,46.199,36,0.009,0.021338815789473692,0.9854382431290855,1
Two-frame Naive,40,50,65.475,33.31974999999999,85,0.02125,0.06049664718898466,0.894373604258426,1
Two-frame Naive,40,51,66.05,36.14150000000001,74,0.0185,0.04457456140350878,0.889389896172065,1
Two-frame Naive,40,52,77.1,40.925,41,0.01025,0.052157268170426076,0.6980936582009034,1
Two-frame Naive,40,53,77.525,42.73875,34,0.0085,0.030242088063295505,0.948589927072991,1
Two-frame Naive,40,54,86.6,43.36950000000001,44,0.011,0.03456303749570004,0.9999979524979524,1
Two-frame Naive,40,55,79.75,42.0125,50,0.0125,0.0436827915376677,0.9667454487379267,1
Two-frame Naive,40,56,69.2,36.948499999999996,67,0.01675,0.038549334938653826,0.9109548740685975,1
Two-frame Naive,40,57,78.8,42.80375,48,0.012,0.035343567251461996,0.9690760621360297,1
Two-frame Naive,40,58,75.05,40.880250000000004,44,0.011,0.04312538699690404,0.9825948670209556,1
Two-frame Naive,40,59,80.975,43.891500000000015,26,0.0065,0.038424342105263166,0.9797573008386722,1
Two-frame Naive,40,60,92.725,47.654500000000006,16,0.004,0.02420356037151704,0.9915018933416597,2
Two-frame Naive,40,61,67.85,37.31625,76,0.019,0.060575335397316826,0.6232502440989224,1
Two-frame Naive,40,62,85.575,43.72675,42,0.0105,0.03218739980582087,0.6323007720049691,1
Two-frame Naive,40,63,81.825,45.14525,30,0.0075,0.03262848297213623,0.9670153216337077,1
Two-frame Naive,40,64,83.3,42.740750000000006,42,0.0105,0.027593614401663948,1.0,1
Two-frame Naive,40,65,68.475,40.638000000000005,53,0.01325,0.03990643274853802,0.916804050008446,1
Two-frame Naive,40,66,82.575,46.10699999999999,23,0.00575,0.03586166429587483,0.9299656107864207,1
Two-frame Naive,40,67,73.375,39.65575,50,0.0125,0.03435414516683868,0.9785696217491548,1
Two-frame Naive,40,68,88.175,45.053250000000006,46,0.0115,0.040759496781168615,0.9987554893021524,1
Two-frame Naive,40,69,80.35,41.29774999999999,54,0.0135,0.04280811403508773,0.8319436988539151,1
Two-frame Naive,40,70,70.975,40.89825,56,0.014,0.03376937134502924,0.797665670964187,1
Two-frame Naive,40,71,80.2,43.165499999999994,35,0.00875,0.025532200599538073,0.9477456370854036,1
Two-frame Naive,40,72,77.1,41.56675,42,0.0105,0.03361293859649124,0.9375604519002183,1
Two-frame Naive,40,73,57.7,36.211749999999995,75,0.01875,0.038469494815470046,0.9492527985131953,1
Two-frame Naive,40,74,81.125,45.9715,28,0.007,0.030231080151358797,0.976532285631702,1
Two-frame Naive,40,75,82.35,43.11900000000001,30,0.0075,0.033524853801169596,0.9774372022810527,2
Two-frame Naive,40,76,86.325,41.338249999999995,46,0.0115,0.03347987616099072,0.8054893678482647,1
Two-frame Naive,40,77,89.225,48.359750000000005,18,0.0045,0.022767543859649134,0.9522528090925755,1
Two-frame Naive,40,78,90.15,47.055499999999995,16,0.004,0.03740935672514621,0.7862286045578591,6
Two-frame Naive,40,79,85.7,44.55075,63,0.01575,0.04110435842188939,0.8392573601699297,1
Two-frame Naive,40,80,49.0,34.149,74,0.0185,0.08277718507981666,0.740635252628068,1
Two-frame Naive,40,81,66.875,36.894,50,0.0125,0.026807619539043696,0.9512203874012736,1
Two-frame Naive,40,82,64.45,40.952,58,0.0145,0.04954540763673891,0.7823178411629481,1
Two-frame Naive,40,83,73.325,44.257749999999994,30,0.0075,0.0325077399380805,0.9284796065888463,1
Two-frame Naive,40,84,84.725,45.68200000000001,34,0.0085,0.03850662194702443,0.9149088066646239,1
Two-frame Naive,40,85,66.45,35.604,66,0.0165,0.03964946680426557,0.9745972280903274,1
Two-frame Naive,40,86,79.8,39.0405,57,0.01425,0.05470238095238095,0.7038982347693651,1
Two-frame Naive,40,87,80.825,42.32,53,0.01325,0.04625938900281008,0.9500347591942166,1
Two-frame Naive,40,88,80.625,42.263250000000006,46,0.0115,0.055013157894736854,0.8753525604532312,1
Two-frame Naive,40,89,74.75,40.24675,52,0.013,0.03971990024079807,0.9739511498867804,1
Two-frame Naive,40,90,77.95,44.9745,34,0.0085,0.041533625730994166,0.8976999609851217,1
Two-frame Naive,40,91,79.95,43.598249999999986,45,0.01125,0.03799232260687369,0.9644592490842492,1
Two-frame Naive,40,92,80.9,44.554249999999996,37,0.00925,0.04565497076023393,0.8645329051267575,1
Two-frame Naive,40,93,70.475,40.075500000000005,49,0.01225,0.0472999164578112,0.7383213617350002,1
Two-frame Naive,40,94,84.05,43.4425,42,0.0105,0.034671912624699014,0.9580107730107729,1
Two-frame Naive,40,95,73.3,40.35925000000001,51,0.01275,0.049744508329647656,0.8918229509236628,2
Two-frame Naive,40,96,87.75,46.34974999999999,26,0.0065,0.039931114551083606,0.9709796638840757,1
Two-frame Naive,40,97,84.3,45.11175,32,0.008,0.031954678362573104,0.9492722545387544,1
Two-frame Naive,40,98,88.825,44.74199999999999,36,0.009,0.03547308221534228,0.9875885406113312,1
Two-frame Naive,40,99,66.75,36.1295,62,0.0155,0.057774853801169604,0.6158401660848232,1
Two-frame Naive,40,100,73.85,39.73199999999999,68,0.017,0.04998000515995872,0.7119769016843635,1
Decision-aware,40,1,72.875,38.126,53,0.01325,0.03216878106354461,0.9987554893021524,1
Decision-aware,40,2,80.875,43.501749999999994,26,0.0065,0.02270321637426902,0.9497727272727273,1
Decision-aware,40,3,85.7,46.666,14,0.0035,0.022210526315789486,0.9713508369108046,1
Decision-aware,40,4,79.775,41.805249999999994,44,0.011,0.038000730994152056,0.9136608510508815,1
Decision-aware,40,5,73.0,42.608250000000005,34,0.0085,0.02363467492260063,0.9302322419638728,1
Decision-aware,40,6,73.175,41.405,33,0.00825,0.039568318318318314,0.9384043119402186,1
Decision-aware,40,7,79.65,45.59174999999999,34,0.0085,0.0343216374269006,0.9172611297857814,1
Decision-aware,40,8,85.725,45.18075000000001,20,0.005,0.020830409356725154,0.9864988786392267,1
Decision-aware,40,9,77.75,40.7545,45,0.01125,0.03169478030662242,0.9983962089740913,1
Decision-aware,40,10,81.925,46.25475,18,0.0045,0.030907894736842113,0.9239865422913477,1
Decision-aware,40,11,76.55,41.528,47,0.01175,0.03315270703640824,0.9707115795991725,1
Decision-aware,40,12,77.9,46.394,28,0.007,0.029095201238390104,0.8803838389132504,1
Decision-aware,40,13,84.625,45.07475,22,0.0055,0.03934287925696595,0.9486398165465694,2
Decision-aware,40,14,84.875,47.05350000000001,18,0.0045,0.02279643962848298,0.9337758059592651,1
Decision-aware,40,15,81.975,43.90225,24,0.006,0.02929179566563468,0.98141553819456,1
Decision-aware,40,16,76.225,40.3735,47,0.01175,0.040321919996068614,0.9650847662959245,1
Decision-aware,40,17,65.45,40.339999999999996,58,0.0145,0.038156320287899254,0.8594529996732273,1
Decision-aware,40,18,88.175,46.78525,18,0.0045,0.028791021671826632,0.9343221181841816,1
Decision-aware,40,19,68.35,39.911,53,0.01325,0.027427752759796115,0.9457012977196577,1
Decision-aware,40,20,81.85,42.7385,36,0.009,0.06094736842105264,0.630616456385684,1
Decision-aware,40,21,79.3,46.008,29,0.00725,0.020500907441016344,0.940415230194642,1
Decision-aware,40,22,93.75,47.71424999999999,18,0.0045,0.03373142414860683,0.9669468808834726,1
Decision-aware,40,23,70.725,35.7245,57,0.01425,0.07854071453142661,0.866505033271126,1
Decision-aware,40,24,71.9,45.26275,34,0.0085,0.03457456140350878,0.8750561013254007,1
Decision-aware,40,25,95.45,47.271499999999996,20,0.005,0.033691520467836265,0.9997747747747748,1
Decision-aware,40,26,91.65,48.763999999999996,10,0.0025,0.0447763157894737,0.9788858285765356,1
Decision-aware,40,27,80.575,46.048500000000004,26,0.0065,0.037750601995184055,0.9240365537240536,1
Decision-aware,40,28,80.0,46.92849999999999,18,0.0045,0.02874415204678364,0.9260216086019106,1
Decision-aware,40,29,74.875,37.12625,52,0.013,0.07361257309941521,0.5925803618919497,1
Decision-aware,40,30,75.975,40.47,50,0.0125,0.03931286549707604,0.9055327731500306,1
Decision-aware,40,31,73.725,40.866,38,0.0095,0.020073099415204684,0.928679915891393,1
Decision-aware,40,32,86.65,43.24724999999999,28,0.007,0.038105263157894746,0.9967987795973127,2
Decision-aware,40,33,74.975,41.239,38,0.0095,0.03577923976608188,0.9428600335610087,2
Decision-aware,40,34,78.75,43.66725,26,0.0065,0.02175877192982457,0.9454070260910546,1
Decision-aware,40,35,72.775,40.22075,47,0.01175,0.03949834044570887,0.9540749775719402,1
Decision-aware,40,36,82.15,46.33725,24,0.006,0.032657894736842115,0.8993703307067742,1
Decision-aware,40,37,80.625,44.702749999999995,38,0.0095,0.0483214654282766,0.8767576888959866,1
Decision-aware,40,38,85.425,45.38300000000001,27,0.00675,0.02962238930659984,0.9297671923483566,1
Decision-aware,40,39,73.05,40.707,42,0.0105,0.04964400584795323,0.9717780633272763,1
Decision-aware,40,40,77.25,41.9415,32,0.008,0.05591959064327487,0.9723363645575128,1
Decision-aware,40,41,81.825,43.595499999999994,32,0.008,0.02874252735707845,0.9813750749858002,1
Decision-aware,40,42,85.25,45.2425,26,0.0065,0.05141099071207431,0.9555673573919796,1
Decision-aware,40,43,86.3,46.57,16,0.004,0.01926315789473685,0.979400282878349,1
Decision-aware,40,44,86.175,43.37975,42,0.0105,0.029888738390092887,0.9953798674349006,1
Decision-aware,40,45,87.925,45.842749999999995,20,0.005,0.03655959752321983,0.9558863884379525,1
Decision-aware,40,46,86.35,45.00775000000001,28,0.007,0.036592105263157905,0.9845964301668303,1
Decision-aware,40,47,74.375,40.0315,56,0.014,0.03696778404344195,0.9383995206663848,1
Decision-aware,40,48,68.325,42.585,38,0.0095,0.02842251461988305,0.8530681786747962,1
Decision-aware,40,49,85.825,45.09199999999999,24,0.006,0.04488157894736844,0.9540414081936583,1
Decision-aware,40,50,80.775,42.55399999999999,40,0.01,0.02697316821465429,0.9649175824175824,1
Decision-aware,40,51,86.625,41.755,36,0.009,0.03895880632954937,0.8844745335108332,1
Decision-aware,40,52,82.25,45.26275,26,0.0065,0.028187306501548003,0.9229361559063569,1
Decision-aware,40,53,84.25,46.226499999999994,23,0.00575,0.023899004267425323,0.9315428756972872,1
Decision-aware,40,54,73.225,41.83200000000001,46,0.0115,0.04143311403508774,0.884090255205178,1
Decision-aware,40,55,86.75,45.90200000000001,18,0.0045,0.032561403508771944,0.9703378323186598,1
Decision-aware,40,56,73.075,41.507,43,0.01075,0.05246570972886763,0.6443266043870896,1
Decision-aware,40,57,78.95,41.104749999999996,28,0.007,0.026523391812865508,0.9709837588881708,1
Decision-aware,40,58,91.2,46.09825,16,0.004,0.02857894736842107,1.0,1
Decision-aware,40,59,83.05,44.370500000000014,22,0.0055,0.03349342105263159,0.9576026702689774,1
Decision-aware,40,60,90.3,47.76775,14,0.0035,0.018460526315789486,0.9577855477855477,1
Decision-aware,40,61,71.95,43.260999999999996,34,0.0085,0.03095510835913313,0.8990481088394262,1
Decision-aware,40,62,85.875,47.05825,25,0.00625,0.02605749170222855,0.9465330651731497,2
Decision-aware,40,63,79.3,42.31675,32,0.008,0.04248830409356726,0.8941822776095251,2
Decision-aware,40,64,94.3,46.980250000000005,20,0.005,0.023457602339181302,1.0,1
Decision-aware,40,65,80.3,41.499,43,0.01075,0.06717224433633104,0.7883392848863539,1
Decision-aware,40,66,84.25,45.98,24,0.006,0.02625232198142416,0.942991522294987,1
Decision-aware,40,67,74.65,43.681749999999994,31,0.00775,0.03237407143986092,0.9394745224675555,1
Decision-aware,40,68,93.525,49.33874999999999,14,0.0035,0.03778801169590644,0.957979879933184,1
Decision-aware,40,69,73.35,41.56325000000001,45,0.01125,0.04036509835194048,0.8871342598732888,1
Decision-aware,40,70,79.175,44.457750000000004,28,0.007,0.036511609907120754,0.9113834036431184,1
Decision-aware,40,71,83.525,42.505500000000005,32,0.008,0.024061833505331965,1.0,1
Decision-aware,40,72,72.275,40.06575000000001,43,0.01075,0.036812030075187976,0.9350584666085681,1
Decision-aware,40,73,78.2,41.729000000000006,32,0.008,0.028150670794633653,0.983288640443352,1
Decision-aware,40,74,89.9,44.595499999999994,28,0.007,0.0381621947024424,0.9022113643124474,1
Decision-aware,40,75,67.475,39.6205,32,0.008,0.03401608187134503,0.9115544871794873,14
Decision-aware,40,76,91.4,45.202749999999995,22,0.0055,0.03588957688338494,0.8580427111045597,1
Decision-aware,40,77,83.4,45.25199999999999,24,0.006,0.02825000000000001,0.9315405021340224,1
Decision-aware,40,78,72.65,37.81275,40,0.01,0.038763157894736854,0.8296246442259841,6
Decision-aware,40,79,86.525,45.074749999999995,32,0.008,0.047021327829377374,0.7335775852427384,1
Decision-aware,40,80,91.15,46.013999999999996,16,0.004,0.026926900584795327,0.9982648867471162,3
Decision-aware,40,81,76.75,44.40875,30,0.0075,0.029133040935672518,0.9119055500264187,1
Decision-aware,40,82,69.275,37.59975,48,0.012,0.0313154454764362,0.9460516581801413,1
Decision-aware,40,83,71.575,38.39075,47,0.01175,0.0276194879089616,0.9964131469598098,1
Decision-aware,40,84,85.525,43.014749999999985,34,0.0085,0.0312789359763044,0.9786954981328639,1
Decision-aware,40,85,79.625,41.795249999999996,30,0.0075,0.025505847953216386,0.9707448573285143,2
Decision-aware,40,86,91.55,45.465,26,0.0065,0.04499707602339182,0.9786512432992523,1
Decision-aware,40,87,79.6,43.06450000000001,35,0.00875,0.02692344497607656,0.9636730717197347,1
Decision-aware,40,88,71.025,42.395,30,0.0075,0.04267982456140352,0.9039419354566544,1
Decision-aware,40,89,81.125,44.1685,31,0.00775,0.02823713496778513,0.9605134407746286,1
Decision-aware,40,90,73.875,42.091,45,0.01125,0.02379425837320575,0.932565960470372,1
Decision-aware,40,91,87.025,44.892999999999994,24,0.006,0.03867543859649124,0.9717547297927368,1
Decision-aware,40,92,94.3,46.30700000000001,32,0.008,0.0389185586515308,0.7974145582564004,1
Decision-aware,40,93,79.8,41.22775000000001,30,0.0075,0.025906432748538016,0.9690727814198337,1
Decision-aware,40,94,72.125,35.194500000000005,52,0.013,0.0423452872377021,0.8597218766366023,1
Decision-aware,40,95,85.75,43.505,34,0.0085,0.04676625386996905,0.9052181149832528,1
Decision-aware,40,96,79.725,42.60175000000001,30,0.0075,0.0374342105263158,0.9519605588741713,3
Decision-aware,40,97,73.3,42.2165,38,0.0095,0.029242690058479542,0.9288712118827936,1
Decision-aware,40,98,79.075,43.788500000000006,26,0.0065,0.020191520467836267,0.9487554893021523,1
Decision-aware,40,99,88.05,45.73725,26,0.0065,0.04196345029239768,0.9526821311697564,1
Decision-aware,40,100,87.725,46.86200000000001,23,0.00575,0.021639549141671398,0.9835467952669965,1
Unsure,40,1,14.0,10.674499999999998,405,0.10125,0.00815021423457956,0.5753427855593883,1
Unsure,40,2,17.725,10.5635,418,0.1045,0.007098164147119255,0.5789848627002283,1
Unsure,40,3,8.825,9.83575,462,0.1155,0.00741184318430773,0.39615982760030816,1
Unsure,40,4,5.475,7.0,633,0.15825,0.011837279656182536,0.26727436088020456,1
Unsure,40,5,8.05,7.0985000000000005,576,0.144,0.012915430384245275,0.3870367501046175,1
Unsure,40,6,7.65,8.75975,493,0.12325,0.009430044601927404,0.3620133411648467,1
Unsure,40,7,13.5,8.84025,469,0.11725,0.005345229401730949,0.5213549385366083,1
Unsure,40,8,6.225,8.8925,489,0.12225,0.009217671219431433,0.32915083097549613,1
Unsure,40,9,5.55,6.9375,597,0.14925,0.00829902552547489,0.27902933542753844,1
Unsure,40,10,9.95,9.83975,410,0.1025,0.008030285122583884,0.45291760778602497,1
Unsure,40,11,14.825,8.58,487,0.12175,0.012756102096135051,0.5503488370454959,1
Unsure,40,12,12.15,8.102749999999999,519,0.12975,0.010540802083602694,0.6053803427775057,1
Unsure,40,13,12.425,7.818250000000001,549,0.13725,0.00942290772186283,0.48123126249390535,1
Unsure,40,14,8.9,6.8892500000000005,602,0.1505,0.006829166517247012,0.44459114615277817,1
Unsure,40,15,9.425,7.578999999999999,547,0.13675,0.008913847319525539,0.40422825945356244,1
Unsure,40,16,12.35,8.509749999999999,495,0.12375,0.009994980440819598,0.4654780727531584,1
Unsure,40,17,6.925,7.020499999999999,640,0.16,0.011922382964002564,0.32368636237710974,1
Unsure,40,18,11.65,9.521,444,0.111,0.008535409580793683,0.4551431560668597,1
Unsure,40,19,17.225,8.624,479,0.11975,0.00960489289958975,0.71333297955913,1
Unsure,40,20,6.05,6.3294999999999995,658,0.1645,0.009733626985667437,0.3283995615430869,1
Unsure,40,21,14.5,7.0285,603,0.15075,0.009020879009760317,0.577860267203719,1
Unsure,40,22,12.4,11.46125,375,0.09375,0.008778564035460672,0.5188309794276582,1
Unsure,40,23,12.1,8.53575,493,0.12325,0.010316530834950637,0.4899076572343789,1
Unsure,40,24,10.75,7.49,561,0.14025,0.00890770599402503,0.5325286518846851,1
Unsure,40,25,14.825,9.107750000000001,511,0.12775,0.009637142160642214,0.4830326553390738,1
Unsure,40,26,10.7,6.974500000000001,591,0.14775,0.012116940234480537,0.4381210949238297,1
Unsure,40,27,6.375,7.903,580,0.145,0.008059343594296213,0.3348871483546504,1
Unsure,40,28,7.525,9.792250000000001,446,0.1115,0.011322179844101346,0.36358194166763635,1
Unsure,40,29,12.825,10.2355,434,0.1085,0.009146433187841857,0.5479034404657315,1
Unsure,40,30,9.1,7.203250000000001,605,0.15125,0.009977831478149166,0.42851797104018774,1
Unsure,40,31,10.85,9.231,471,0.11775,0.00961344063143599,0.48931841856630387,1
Unsure,40,32,12.275,10.51625,452,0.113,0.007944747135361837,0.4408401455028469,1
Unsure,40,33,12.5,7.288750000000001,591,0.14775,0.012607053691292282,0.5089247186431254,1
Unsure,40,34,12.05,10.35425,437,0.10925,0.009709056192415326,0.5124588425429023,1
Unsure,40,35,14.675,10.60075,439,0.10975,0.00902038616398074,0.5110947712409413,1
Unsure,40,36,10.65,7.5847500000000005,566,0.1415,0.009238866940385566,0.48370449478993083,1
Unsure,40,37,10.675,7.0525,592,0.148,0.010090627896092642,0.43281252896023537,1
Unsure,40,38,6.0,6.9495000000000005,623,0.15575,0.009100528899296106,0.2992929183479266,1
Unsure,40,39,6.95,11.03425,400,0.1,0.009071576296053228,0.3382102636866232,1
Unsure,40,40,6.325,8.394,542,0.1355,0.011747260149156431,0.3106808022410149,1
Unsure,40,41,9.7,7.58825,569,0.14225,0.010220070623357556,0.45229814533856916,2
Unsure,40,42,7.225,7.21375,578,0.1445,0.012394350967771124,0.3740652942595163,1
Unsure,40,43,8.075,7.463750000000001,552,0.138,0.007848934712817267,0.3743188041729291,1
Unsure,40,44,12.675,7.8635,535,0.13375,0.006217391756970907,0.5177676132932605,1
Unsure,40,45,9.85,6.87875,611,0.15275,0.010007491195589125,0.41353376871769176,1
Unsure,40,46,8.475,7.670750000000001,541,0.13525,0.008416129968867014,0.4363709894676628,1
Unsure,40,47,7.1,8.51525,546,0.1365,0.008530374888595453,0.35198932740027605,1
Unsure,40,48,5.025,6.504250000000001,647,0.16175,0.008667792493856111,0.26808173483705416,1
Unsure,40,49,12.325,8.70825,526,0.1315,0.007076825045865293,0.4985638779058676,1
Unsure,40,50,10.575,9.99875,504,0.126,0.009083703016983502,0.39016665838992115,1
Unsure,40,51,7.425,6.44275,604,0.151,0.007207092891434496,0.38562202221266595,1
Unsure,40,52,6.8,8.37225,568,0.142,0.008414300530980096,0.34805377953604727,1
Unsure,40,53,6.75,8.55425,541,0.13525,0.012600487524636132,0.30273869061394276,1
Unsure,40,54,10.875,7.4555,559,0.13975,0.011451346865645777,0.4792190689906902,1
Unsure,40,55,4.875,8.27775,513,0.12825,0.00827818429823883,0.22629834641442023,1
Unsure,40,56,6.125,7.185499999999999,568,0.142,0.010606952493793351,0.3134247774671369,1
Unsure,40,57,7.5,7.711,542,0.1355,0.009046829788159808,0.3369414776745829,1
Unsure,40,58,15.4,9.84775,479,0.11975,0.010609199941155252,0.577365504973133,1
Unsure,40,59,9.175,8.94325,487,0.12175,0.010703025788745603,0.41087471141752746,1
Unsure,40,60,11.925,10.4915,429,0.10725,0.009574209202785802,0.49653445504272486,1
Unsure,40,61,6.375,7.657,560,0.14,0.009279687016422362,0.31952399634031586,1
Unsure,40,62,8.375,8.41375,521,0.13025,0.009879801180903498,0.401507997623491,1
Unsure,40,63,14.1,8.396249999999998,509,0.12725,0.010991308334999039,0.5546841477086225,1
Unsure,40,64,7.4,8.527249999999999,516,0.129,0.00818698300799694,0.32654922209949805,1
Unsure,40,65,7.725,7.652,553,0.13825,0.010607734917475358,0.3594177578191166,1
Unsure,40,66,9.9,6.867999999999999,569,0.14225,0.008552165719966328,0.43892736118620057,1
Unsure,40,67,9.2,9.3975,498,0.1245,0.008906711489634293,0.4258430336925181,1
Unsure,40,68,7.9,7.04275,594,0.1485,0.011581725470501309,0.36180316493275,1
Unsure,40,69,10.15,7.017249999999999,618,0.1545,0.007036500242437481,0.4829719800516724,1
Unsure,40,70,11.75,8.35725,519,0.12975,0.008705664859708351,0.4816778099806312,1
Unsure,40,71,11.125,8.1065,514,0.1285,0.006571654709773905,0.48234063293319485,1
Unsure,40,72,9.5,8.29125,505,0.12625,0.007181914186576874,0.395663156649408,1
Unsure,40,73,8.3,6.764499999999999,576,0.144,0.008519491619817444,0.4398999344726057,1
Unsure,40,74,4.825,6.810999999999999,605,0.15125,0.010209785696801326,0.19466354570022998,1
Unsure,40,75,10.325,10.32525,423,0.10575,0.011803142431642839,0.4264904639471917,1
Unsure,40,76,3.625,7.52875,579,0.14475,0.0076063051370713905,0.1794819787466762,1
Unsure,40,77,7.225,10.20525,482,0.1205,0.00728546813327159,0.3563111468474741,1
Unsure,40,78,8.75,7.20625,584,0.146,0.01109499268535517,0.4043004541334313,1
Unsure,40,79,11.475,7.4375,592,0.148,0.008793076290260554,0.4083195776647214,1
Unsure,40,80,9.15,13.149250000000002,397,0.09925,0.009266020740497673,0.41740605489864147,1
Unsure,40,81,9.225,8.316249999999998,524,0.131,0.010281259924841371,0.3953066336365013,1
Unsure,40,82,7.25,7.54075,573,0.14325,0.009967005491991114,0.34426704063027685,1
Unsure,40,83,12.7,7.123000000000002,571,0.14275,0.01055616786008462,0.4882070714760225,1
Unsure,40,84,7.7,8.822500000000002,484,0.121,0.006740904315419944,0.41461653794975345,1
Unsure,40,85,8.475,10.288,405,0.10125,0.00836520985321295,0.4172134058854985,1
Unsure,40,86,8.675,7.5785,520,0.13,0.008332819093760473,0.3726914466591552,1
Unsure,40,87,5.975,10.047500000000001,459,0.11475,0.009547367134721676,0.2815519177686757,1
Unsure,40,88,6.1,7.042500000000001,586,0.1465,0.011549396001096293,0.2751238767661029,1
Unsure,40,89,7.2,7.045000000000001,597,0.14925,0.011800582407604485,0.3576366287492365,1
Unsure,40,90,6.675,9.110999999999999,484,0.121,0.009429843374956537,0.26664004356765214,1
Unsure,40,91,13.15,9.55875,445,0.11125,0.010313329799784905,0.4790198658388934,1
Unsure,40,92,6.425,7.55225,573,0.14325,0.00651074066205645,0.29621615579232774,1
Unsure,40,93,9.425,9.324499999999999,473,0.11825,0.011811218945313371,0.3648653324967358,1
Unsure,40,94,7.775,8.855,479,0.11975,0.01141963697903971,0.3670116490086227,1
Unsure,40,95,10.35,7.324249999999999,539,0.13475,0.010365692565033422,0.5086428843899645,1
Unsure,40,96,10.175,8.05175,561,0.14025,0.006606083157360248,0.48416279221365316,1
Unsure,40,97,11.875,7.5215,547,0.13675,0.008564638784683975,0.5509150688869443,1
Unsure,40,98,6.85,7.364000000000001,573,0.14325,0.006839067644601699,0.35401633559042034,1
Unsure,40,99,11.125,7.6875,522,0.1305,0.011297686371589646,0.5148040884659877,1
Unsure,40,100,7.8,7.8225,519,0.12975,0.008707318094701997,0.3919278621674179,1
Switch,40,1,4.775,4.885249999999999,919,0.22975,0.6723253211149758,0.05571255312025436,1
Switch,40,2,5.75,5.34375,891,0.22275,0.71007718911,0.05814436605411908,1
Switch,40,3,5.225,4.48475,881,0.22025,0.6904443843152631,0.060511184872059476,1
Switch,40,4,5.375,4.818,860,0.215,0.6900268889606967,0.08015817383212051,1
Switch,40,5,5.475,4.926500000000001,921,0.23025,0.6859415833842024,0.08398871358803531,1
Switch,40,6,4.225,4.46975,920,0.23,0.7233719737482704,0.0641778324015166,1
Switch,40,7,4.85,4.7445,883,0.22075,0.7286133476593725,0.06553883336604766,1
Switch,40,8,4.025,4.386500000000001,923,0.23075,0.694966404222678,0.08520802267679925,1
Switch,40,9,4.15,5.232499999999999,858,0.2145,0.7396051037264393,0.09063140217215696,1
Switch,40,10,3.7,4.462,903,0.22575,0.7243440648671589,0.05362704431492289,1
Switch,40,11,4.4,4.48025,882,0.2205,0.754922540703914,0.0320842138700279,1
Switch,40,12,5.325,5.31075,782,0.1955,0.7842697797803149,0.06575040893190207,1
Switch,40,13,8.125,5.2625,828,0.207,0.6966883950763996,0.16097438976054385,1
Switch,40,14,5.65,4.669499999999999,880,0.22,0.7152665692266514,0.0703072430378035,1
Switch,40,15,5.1,4.3735,899,0.22475,0.7556052478475169,0.08440918754608959,1
Switch,40,16,3.475,4.83175,960,0.24,0.7240465964980722,0.06403091057250433,1
Switch,40,17,5.175,4.72525,905,0.22625,0.6968006130790567,0.07156998618047244,1
Switch,40,18,4.125,4.83675,853,0.21325,0.7524372634694402,0.03650382095077713,1
Switch,40,19,5.725,4.688750000000001,870,0.2175,0.6754459482026188,0.0573847245308061,1
Switch,40,20,5.3,5.052,850,0.2125,0.7599022964182125,0.07207853482875508,1
Switch,40,21,4.95,4.57725,896,0.224,0.7086918228736181,0.0653074097310428,1
Switch,40,22,5.575,5.029999999999999,857,0.21425,0.727539456263497,0.08662375263257212,1
Switch,40,23,4.725,4.6795,891,0.22275,0.7115721735436078,0.07560477450956485,1
Switch,40,24,5.575,4.4135,918,0.2295,0.6775518571023365,0.06285588607463741,1
Switch,40,25,4.825,4.6615,861,0.21525,0.7327914000912112,0.11604832692546382,1
Switch,40,26,3.825,4.42525,990,0.2475,0.6981517451208933,0.07074737634239249,1
Switch,40,27,4.7,4.443250000000001,963,0.24075,0.6644400865090053,0.05979393192532578,1
Switch,40,28,4.975,4.844250000000001,867,0.21675,0.6913596432339658,0.06275170141620168,1
Switch,40,29,4.925,5.387749999999999,798,0.1995,0.7229024423137969,0.08615072029662654,1
Switch,40,30,5.075,5.02175,867,0.21675,0.6991261495288231,0.04810089581222136,1
Switch,40,31,5.525,4.7292499999999995,856,0.214,0.7432526253062616,0.0775313628165483,1
Switch,40,32,4.8,5.194,831,0.20775,0.7313983499085943,0.05661536236941742,1
Switch,40,33,6.725,4.42375,958,0.2395,0.6935139390792746,0.055575790367802705,1
Switch,40,34,4.4,4.80525,941,0.23525,0.6942938811704515,0.0526185736002861,1
Switch,40,35,6.95,5.375249999999999,821,0.20525,0.7142970740088651,0.09028645525054829,1
Switch,40,36,5.675,4.3545,910,0.2275,0.7209665936198835,0.06938283880759315,1
Switch,40,37,5.675,5.4014999999999995,855,0.21375,0.7471558085686418,0.04109540417610985,1
Switch,40,38,4.45,5.1545000000000005,818,0.2045,0.7530204378723352,0.07958778683177996,1
Switch,40,39,6.45,4.377750000000001,968,0.242,0.6876784401846814,0.07530222417761116,1
Switch,40,40,4.2,4.617249999999999,918,0.2295,0.727104965782855,0.07508835970792493,1
Switch,40,41,6.0,5.906250000000001,778,0.1945,0.7355034150111615,0.08789390325272564,1
Switch,40,42,4.075,4.9255,839,0.20975,0.7222531060972479,0.07967965370673506,1
Switch,40,43,6.675,5.05875,840,0.21,0.7048406366621529,0.06149919707398431,1
Switch,40,44,4.55,4.7452499999999995,852,0.213,0.7017447312974102,0.06789177427201556,1
Switch,40,45,6.0,5.74,779,0.19475,0.7242092135094714,0.05464806045915074,1
Switch,40,46,6.65,5.282,809,0.20225,0.695426539302924,0.0865701352373014,1
Switch,40,47,3.6,4.9007499999999995,859,0.21475,0.6788277343186253,0.06040901500460323,1
Switch,40,48,5.0,5.279,830,0.2075,0.7457842875415218,0.03445027581077183,1
Switch,40,49,5.275,4.766749999999999,871,0.21775,0.6941011106938739,0.0919498409843954,1
Switch,40,50,8.0,4.72225,888,0.222,0.6705958604327599,0.10795535872274006,1
Switch,40,51,5.75,4.55925,939,0.23475,0.7017059067686746,0.07444972191993157,1
Switch,40,52,4.2,4.845,863,0.21575,0.7125115748655836,0.06451651025142577,1
Switch,40,53,4.625,5.2095,779,0.19475,0.7990351360798985,0.07549456122521978,1
Switch,40,54,5.05,6.092749999999999,767,0.19175,0.7055283842655239,0.057442088962643204,1
Switch,40,55,6.175,4.84875,883,0.22075,0.7166437700629136,0.0936230603817594,1
Switch,40,56,7.775,5.284,790,0.1975,0.7643666560230256,0.07794103407793558,1
Switch,40,57,4.15,5.353,847,0.21175,0.690245253109247,0.06350824099062422,1
Switch,40,58,5.075,5.06675,832,0.208,0.694471872850306,0.13265039633744435,1
Switch,40,59,4.25,4.9239999999999995,891,0.22275,0.7016533891376114,0.09736539078527401,1
Switch,40,60,6.725,4.6785000000000005,865,0.21625,0.7115008331883038,0.07050669033999331,1
Switch,40,61,4.8,4.57875,924,0.231,0.7355154224125242,0.07675093070700656,1
Switch,40,62,5.225,5.02,827,0.20675,0.7658288517199507,0.08279419184695339,1
Switch,40,63,4.6,4.776,877,0.21925,0.6735964514799643,0.09714147755826481,1
Switch,40,64,4.825,5.810250000000001,770,0.1925,0.7729161078328076,0.06259656591695253,1
Switch,40,65,5.025,4.606,893,0.22325,0.7090862800041982,0.05672731007967917,1
Switch,40,66,3.875,5.185499999999999,864,0.216,0.6826225573643326,0.06913618793941684,1
Switch,40,67,6.225,5.154000000000001,822,0.2055,0.710791409317325,0.08369905066865324,1
Switch,40,68,6.875,5.09325,831,0.20775,0.7117170252401899,0.07456861036536493,1
Switch,40,69,7.175,5.094,820,0.205,0.708895577046981,0.05752560873689929,1
Switch,40,70,7.5,4.8435,838,0.2095,0.7758472516751176,0.061194188274046546,1
Switch,40,71,4.925,4.2387500000000005,968,0.242,0.7040014725659431,0.08546052510597106,1
Switch,40,72,3.6,5.6485,818,0.2045,0.7456120108422074,0.057592433396621366,1
Switch,40,73,3.825,5.029,816,0.204,0.7541381959833636,0.08432996422795555,1
Switch,40,74,4.6,4.3305,922,0.2305,0.6875955388459336,0.06189136445732217,1
Switch,40,75,4.7,4.944249999999999,825,0.20625,0.7603497141671851,0.04969511705601824,1
Switch,40,76,6.15,4.8305,849,0.21225,0.7598803000509706,0.09340711699650014,1
Switch,40,77,8.35,5.24625,794,0.1985,0.7805987883097584,0.08348047472521276,1
Switch,40,78,5.35,4.07425,1004,0.251,0.652610784922739,0.07465320510684387,1
Switch,40,79,5.175,4.63225,921,0.23025,0.6884225752894804,0.0832316718257289,1
Switch,40,80,4.05,4.29425,949,0.23725,0.7136893776553328,0.06272270454841972,1
Switch,40,81,4.0,4.46525,945,0.23625,0.7350092288766564,0.040517862018442506,1
Switch,40,82,8.475,5.0585,817,0.20425,0.7766319381872715,0.07324178236845216,1
Switch,40,83,6.075,4.9639999999999995,840,0.21,0.7273055910659184,0.08279980523125667,1
Switch,40,84,5.1,4.9185,934,0.2335,0.6827223025689326,0.08070144546567412,1
Switch,40,85,4.3,5.27525,843,0.21075,0.7363176962430644,0.08085875286147023,1
Switch,40,86,4.55,5.0235,852,0.213,0.7636153848412934,0.0473058974159531,1
Switch,40,87,4.2,5.1935,827,0.20675,0.7577345014609346,0.05946583913592427,1
Switch,40,88,4.575,5.6375,772,0.193,0.6834134319012664,0.1003600816064317,1
Switch,40,89,5.8,4.39625,951,0.23775,0.6482722132968965,0.06660538209097674,1
Switch,40,90,4.375,4.394,952,0.238,0.6296024792278588,0.09059562338974944,1
Switch,40,91,5.275,4.833749999999999,881,0.22025,0.7361652182117805,0.0790616708143148,1
Switch,40,92,4.625,4.26625,977,0.24425,0.6591052259514119,0.06677062092392816,1
Switch,40,93,4.075,4.63725,904,0.226,0.6968591018400718,0.07820249266688054,1
Switch,40,94,6.525,6.3925,706,0.1765,0.7917378578153473,0.07177987784116871,1
Switch,40,95,6.525,4.94125,848,0.212,0.7473169597993362,0.07900359647087377,1
Switch,40,96,4.525,4.9822500000000005,869,0.21725,0.7168882500349136,0.09865443750984235,1
Switch,40,97,5.3,4.6205,890,0.2225,0.6805796031774473,0.08487612440032012,1
Switch,40,98,4.05,4.44275,947,0.23675,0.6531922791427638,0.05272290097542487,1
Switch,40,99,4.025,4.564999999999999,911,0.22775,0.714911213522957,0.08382201494624936,1
Switch,40,100,4.275,5.04,902,0.2255,0.7123511321091587,0.07130568961312364,1
Per-entity habitus,60,1,65.9,32.051500000000004,211,0.035166666666666666,0.05899963751639094,0.9462256976146627,1
Per-entity habitus,60,2,62.333333333333336,32.52483333333333,229,0.03816666666666667,0.06807419375384105,0.9246633927453858,1
Per-entity habitus,60,3,66.51666666666667,37.24550000000001,129,0.0215,0.04043189043451413,0.9176183458488203,1
Per-entity habitus,60,4,67.46666666666667,37.601,156,0.026,0.04609851453075097,0.9115287967829168,1
Per-entity habitus,60,5,13.683333333333334,14.595833333333335,594,0.099,0.136414940369777,0.358706285563466,1
Per-entity habitus,60,6,53.8,22.212000000000003,408,0.068,0.0903500382823558,0.9521065924673,1
Per-entity habitus,60,7,12.316666666666666,10.447166666666664,715,0.11916666666666667,0.15444429787174896,0.4189365794764226,1
Per-entity habitus,60,8,61.583333333333336,32.466666666666676,209,0.034833333333333334,0.053080965199146825,0.9074057196936918,1
Per-entity habitus,60,9,57.71666666666667,34.0595,147,0.0245,0.04180098522201167,0.8413559182064937,1
Per-entity habitus,60,10,77.55,41.114333333333335,108,0.018,0.0442162457732173,0.956444553511501,1
Per-entity habitus,60,11,70.23333333333333,34.13166666666666,185,0.030833333333333334,0.06224841696194562,0.9778889063559003,1
Per-entity habitus,60,12,29.866666666666667,13.006499999999999,599,0.09983333333333333,0.13090053915286337,0.9263853698538401,1
Per-entity habitus,60,13,21.15,13.152666666666667,578,0.09633333333333334,0.13824620740989588,0.6004958244829872,1
Per-entity habitus,60,14,33.81666666666667,14.854666666666667,487,0.08116666666666666,0.12133751925777048,0.8775775378413344,1
Per-entity habitus,60,15,65.01666666666667,33.7565,187,0.031166666666666665,0.05020390580501889,0.942359613958476,1
Per-entity habitus,60,16,78.11666666666666,41.21583333333333,135,0.0225,0.047581632007611015,0.9265678560165266,1
Per-entity habitus,60,17,42.18333333333333,19.3285,347,0.057833333333333334,0.0882155936609586,0.8827446194406364,1
Per-entity habitus,60,18,79.03333333333333,37.40566666666667,156,0.026,0.04841697033697837,0.9995462642403016,1
Per-entity habitus,60,19,68.76666666666667,37.41433333333333,111,0.0185,0.04300099558668698,0.9953973001066068,1
Per-entity habitus,60,20,31.9,15.365833333333335,398,0.06633333333333333,0.10624798792684802,0.8870122756183031,1
Per-entity habitus,60,21,73.56666666666666,39.67033333333333,111,0.0185,0.03221777237540786,0.9338410306076435,1
Per-entity habitus,60,22,78.56666666666666,39.81733333333333,103,0.017166666666666667,0.047860970402040674,0.9834370110574759,1
Per-entity habitus,60,23,60.0,38.2455,114,0.019,0.05509084553227557,0.9138826848237777,1
Per-entity habitus,60,24,72.75,40.36683333333334,116,0.019333333333333334,0.039087452686965445,0.9567403718851684,1
Per-entity habitus,60,25,63.0,32.82933333333333,153,0.0255,0.05016899368490978,0.9614085527937205,1
Per-entity habitus,60,26,74.2,34.31883333333333,204,0.034,0.0688029983260559,0.9607852115498365,1
Per-entity habitus,60,27,41.766666666666666,17.494666666666667,420,0.07,0.10799588539866006,0.8544682472286821,1
Per-entity habitus,60,28,64.1,30.190333333333328,252,0.042,0.08075446319634129,0.9378282255078952,1
Per-entity habitus,60,29,69.55,38.82316666666667,130,0.021666666666666667,0.04011396297607348,0.9569856743451935,1
Per-entity habitus,60,30,56.21666666666667,26.985166666666665,363,0.0605,0.09794196743918276,0.8735342060352582,1
Per-entity habitus,60,31,74.18333333333334,38.83166666666667,136,0.02266666666666667,0.047260790415341446,0.9800631507343667,1
Per-entity habitus,60,32,41.083333333333336,16.397666666666666,463,0.07716666666666666,0.10738449185784141,0.9271521237558908,1
Per-entity habitus,60,33,56.233333333333334,25.92983333333333,284,0.04733333333333333,0.06395386794879444,0.9612712788407998,1
Per-entity habitus,60,34,23.966666666666665,12.143000000000002,641,0.10683333333333334,0.14241807871895643,0.7880924119403613,1
Per-entity habitus,60,35,67.61666666666666,37.656000000000006,168,0.028,0.052398467084359066,0.8891547840475237,1
Per-entity habitus,60,36,45.916666666666664,20.793166666666664,333,0.0555,0.08277658831750165,0.9249281790743081,1
Per-entity habitus,60,37,59.75,34.3135,171,0.0285,0.06195213391036908,0.8985203969697771,1
Per-entity habitus,60,38,65.23333333333333,35.74916666666666,151,0.025166666666666667,0.04250463737571109,0.9277143733802335,1
Per-entity habitus,60,39,76.11666666666666,38.50033333333334,139,0.023166666666666665,0.04607772732671808,0.9529456927036115,1
Per-entity habitus,60,40,74.88333333333334,37.87183333333333,113,0.018833333333333334,0.04292115222191525,0.9823467873315707,1
Per-entity habitus,60,41,73.31666666666666,38.0585,107,0.017833333333333333,0.04401208194742679,0.9695374496744184,1
Per-entity habitus,60,42,34.43333333333333,15.482000000000001,450,0.075,0.11453833644233664,0.8958264037513514,1
Per-entity habitus,60,43,67.63333333333334,36.37283333333333,176,0.029333333333333333,0.05065352256256051,0.8987735647857235,1
Per-entity habitus,60,44,62.71666666666667,30.924833333333336,223,0.03716666666666667,0.0629736275205278,0.929484512574599,1
Per-entity habitus,60,45,63.9,37.33166666666667,140,0.023333333333333334,0.0443367189635701,0.851892260280594,1
Per-entity habitus,60,46,64.85,39.155,135,0.0225,0.039422641853676346,0.8751343580557069,1
Per-entity habitus,60,47,80.1,39.227666666666664,135,0.0225,0.05886759061125187,0.9381836145714494,1
Per-entity habitus,60,48,58.416666666666664,26.586166666666664,276,0.046,0.06722351063841575,0.9351161986675248,1
Per-entity habitus,60,49,79.71666666666667,41.768499999999996,101,0.016833333333333332,0.04176467406886127,0.9628369208368981,1
Per-entity habitus,60,50,64.15,40.75316666666667,156,0.026,0.051161222560774294,0.8274505953195955,1
Per-entity habitus,60,51,85.1,41.217,128,0.021333333333333333,0.04352327007251325,0.9806585757425788,1
Per-entity habitus,60,52,53.43333333333333,26.862666666666666,278,0.04633333333333333,0.08032906805349337,0.8901002892990116,1
Per-entity habitus,60,53,63.833333333333336,39.45716666666667,125,0.020833333333333332,0.04900766283524904,0.8582765703241582,1
Per-entity habitus,60,54,52.05,25.08366666666667,355,0.059166666666666666,0.08453244914651961,0.9019851876385871,1
Per-entity habitus,60,55,79.96666666666667,42.459999999999994,96,0.016,0.044259820253046867,0.9552826235021198,1
Per-entity habitus,60,56,12.633333333333333,11.759166666666667,667,0.11116666666666666,0.13590029940728565,0.4425509969327759,1
Per-entity habitus,60,57,26.5,13.795,551,0.09183333333333334,0.13174864452132648,0.8248051860947221,1
Per-entity habitus,60,58,62.75,36.97,131,0.021833333333333333,0.038911708357630026,0.8629733958207109,1
Per-entity habitus,60,59,29.066666666666666,13.256333333333332,579,0.0965,0.12881099330013895,0.7978831946528898,1
Per-entity habitus,60,60,74.83333333333333,41.8395,92,0.015333333333333332,0.05263904860756436,0.9075678115002684,1
Per-entity habitus,60,61,70.98333333333333,37.35549999999999,113,0.018833333333333334,0.04056471691564208,0.9838234568359463,1
Per-entity habitus,60,62,56.06666666666667,25.530999999999995,295,0.049166666666666664,0.07936514805296926,0.9358953027281465,1
Per-entity habitus,60,63,67.15,30.324,260,0.043333333333333335,0.08032681297777552,0.9621003297854448,1
Per-entity habitus,60,64,79.65,43.11966666666666,138,0.023,0.047738278490902196,0.9045441855298227,1
Per-entity habitus,60,65,52.96666666666667,24.053833333333333,319,0.05316666666666667,0.08157591870218686,0.9593694938259879,1
Per-entity habitus,60,66,51.666666666666664,23.080166666666663,343,0.057166666666666664,0.08985325457038838,0.8964623837231016,1
Per-entity habitus,60,67,63.63333333333333,31.876833333333334,236,0.03933333333333333,0.05718913176261529,0.9506130977090393,1
Per-entity habitus,60,68,69.78333333333333,38.910666666666664,116,0.019333333333333334,0.03697392546681818,0.8974866995852703,1
Per-entity habitus,60,69,75.41666666666667,42.911833333333334,140,0.023333333333333334,0.04829158341064426,0.9024832583490102,1
Per-entity habitus,60,70,15.0,11.063166666666667,748,0.12466666666666666,0.14349575306284668,0.5214531533464826,1
Per-entity habitus,60,71,37.333333333333336,16.201666666666664,430,0.07166666666666667,0.10241182980245568,0.9124001903359357,1
Per-entity habitus,60,72,64.15,32.88066666666667,192,0.032,0.06399891632561483,0.9305534684794264,1
Per-entity habitus,60,73,35.8,15.623000000000001,462,0.077,0.11875663095761586,0.8657776231875703,1
Per-entity habitus,60,74,72.71666666666667,39.364333333333335,132,0.022,0.04103754367743664,0.9647106579923918,1
Per-entity habitus,60,75,29.966666666666665,13.42,550,0.09166666666666666,0.13786868313646822,0.7858540502422725,1
Per-entity habitus,60,76,61.36666666666667,28.985166666666668,283,0.04716666666666667,0.07585463054308166,0.9056538784997415,1
Per-entity habitus,60,77,16.466666666666665,14.221333333333334,520,0.08666666666666667,0.1394463282171721,0.5144066680812724,1
Per-entity habitus,60,78,54.55,33.54900000000001,160,0.02666666666666667,0.044401733028103234,0.8621401659716567,1
Per-entity habitus,60,79,66.86666666666666,38.98566666666667,101,0.016833333333333332,0.04047798162884371,0.9097031424358286,1
Per-entity habitus,60,80,70.26666666666667,38.7325,102,0.017,0.039578335679535094,0.9651348432337219,1
Per-entity habitus,60,81,66.98333333333333,37.24616666666666,141,0.0235,0.03073740622685857,0.923161510918505,1
Per-entity habitus,60,82,66.03333333333333,36.958666666666666,127,0.021166666666666667,0.03739432831846626,0.9279271645565577,1
Per-entity habitus,60,83,60.78333333333333,34.29533333333333,212,0.035333333333333335,0.05628639741778192,0.9127918951941218,1
Per-entity habitus,60,84,76.78333333333333,36.93966666666666,159,0.0265,0.058230558408219585,0.9667783365140352,1
Per-entity habitus,60,85,75.23333333333333,38.015499999999996,120,0.02,0.046690213062173316,0.9750825896518712,1
Per-entity habitus,60,86,12.916666666666666,11.725,692,0.11533333333333333,0.14217504564922054,0.41965814705572385,1
Per-entity habitus,60,87,68.66666666666667,35.076166666666666,149,0.024833333333333332,0.07074901604925092,0.935186674224743,1
Per-entity habitus,60,88,47.233333333333334,25.0865,302,0.050333333333333334,0.08586195039856939,0.8385764206725741,1
Per-entity habitus,60,89,52.8,30.956000000000003,238,0.03966666666666667,0.05819685479314177,0.8496612873650284,1
Per-entity habitus,60,90,65.25,37.34916666666666,162,0.027,0.04661325850209166,0.8651342155977244,1
Per-entity habitus,60,91,33.53333333333333,16.237166666666667,414,0.069,0.10775956510249156,0.865759092823977,1
Per-entity habitus,60,92,55.0,28.018166666666666,252,0.042,0.07027107745380069,0.9734663486398442,1
Per-entity habitus,60,93,74.21666666666667,40.2695,91,0.015166666666666667,0.04210724210108447,0.9400833963641286,1
Per-entity habitus,60,94,69.68333333333334,40.86933333333333,116,0.019333333333333334,0.04098887833936758,0.8871723092888167,1
Per-entity habitus,60,95,14.433333333333334,12.493500000000001,675,0.1125,0.14690280555600752,0.4894253259725028,1
Per-entity habitus,60,96,74.55,36.305666666666674,133,0.022166666666666668,0.04062734212536389,0.9859287437422114,1
Per-entity habitus,60,97,70.93333333333334,33.6475,232,0.03866666666666667,0.0714247447540949,0.9316942766424571,1
Per-entity habitus,60,98,72.56666666666666,36.02983333333333,166,0.027666666666666666,0.048242446576960744,0.9529316692714358,1
Per-entity habitus,60,99,28.183333333333334,14.955666666666668,519,0.0865,0.12712587085378763,0.7885963065152108,1
Per-entity habitus,60,100,68.48333333333333,31.261833333333325,256,0.042666666666666665,0.07053700299057328,0.9570102154792949,1
Mean habitus,60,1,35.06666666666667,27.6545,288,0.048,0.09363768778799285,0.7488409632788512,1
Mean habitus,60,2,58.483333333333334,29.582666666666668,224,0.037333333333333336,0.07764558135305644,0.9151852029518147,1
Mean habitus,60,3,61.1,37.259499999999996,183,0.0305,0.07052484985111696,0.8224731458769331,1
Mean habitus,60,4,68.66666666666667,35.36033333333333,155,0.025833333333333333,0.062062437953340384,0.941056166056166,1
Mean habitus,60,5,67.28333333333333,37.0405,172,0.028666666666666667,0.06628888607382995,0.8793095076768703,1
Mean habitus,60,6,63.31666666666667,34.070166666666665,169,0.028166666666666666,0.05601806714433491,0.9516697967582203,1
Mean habitus,60,7,63.15,28.769833333333334,276,0.046,0.08232296993479192,0.9354549043954743,1
Mean habitus,60,8,58.18333333333333,34.18816666666667,152,0.025333333333333333,0.054123801194640775,0.9218001882460877,1
Mean habitus,60,9,62.36666666666667,36.71266666666667,138,0.023,0.05630322104460037,0.8810217230885473,1
Mean habitus,60,10,71.0,36.39883333333333,172,0.028666666666666667,0.0646416386917025,0.9321366054009179,1
Mean habitus,60,11,69.41666666666667,37.18066666666667,170,0.028333333333333332,0.06812719766782496,0.9209683831973758,1
Mean habitus,60,12,64.5,31.269833333333334,243,0.0405,0.09966435241787808,0.8866646694341853,1
Mean habitus,60,13,61.71666666666667,33.850833333333334,185,0.030833333333333334,0.06800887274368458,0.8989621942919909,1
Mean habitus,60,14,57.916666666666664,32.87266666666667,187,0.031166666666666665,0.06268121181812054,0.8764739686178138,1
Mean habitus,60,15,54.25,28.615333333333332,224,0.037333333333333336,0.08365227042144899,0.8863594312970917,1
Mean habitus,60,16,53.28333333333333,32.784166666666664,178,0.029666666666666668,0.06351467483917575,0.8008120405333023,1
Mean habitus,60,17,48.0,29.541999999999998,220,0.03666666666666667,0.08200108382479397,0.8133044472737034,1
Mean habitus,60,18,37.583333333333336,15.880999999999998,468,0.078,0.15000417334276253,0.7802763471664769,1
Mean habitus,60,19,54.6,31.463833333333334,222,0.037,0.08479623782751852,0.8605902328094981,1
Mean habitus,60,20,60.21666666666667,34.20733333333334,199,0.033166666666666664,0.06803087408609723,0.8930551918423781,1
Mean habitus,60,21,60.45,30.15233333333333,225,0.0375,0.07904463456268679,0.8175174749714055,1
Mean habitus,60,22,66.08333333333333,38.840833333333336,124,0.020666666666666667,0.04661206225279096,0.8736007369028557,1
Mean habitus,60,23,70.98333333333333,38.33383333333333,121,0.020166666666666666,0.05419935840933379,0.9567225187302243,1
Mean habitus,60,24,59.1,30.64216666666666,195,0.0325,0.08577782030155255,0.9050629439715594,1
Mean habitus,60,25,70.13333333333334,32.6375,224,0.037333333333333336,0.08501730031923646,0.9577141408530797,1
Mean habitus,60,26,61.11666666666667,28.863833333333336,236,0.03933333333333333,0.07779954504710945,0.9490481186869911,1
Mean habitus,60,27,60.43333333333333,33.42016666666667,184,0.030666666666666665,0.08612541085989366,0.8188120561370893,1
Mean habitus,60,28,58.233333333333334,33.98416666666666,162,0.027,0.05129699361073915,0.856497474599206,1
Mean habitus,60,29,58.2,29.14116666666666,242,0.04033333333333333,0.08748455888431415,0.8739221142644497,1
Mean habitus,60,30,61.88333333333333,32.1395,163,0.027166666666666665,0.06768887008795922,0.9315727940876529,1
Mean habitus,60,31,66.91666666666667,40.72966666666666,111,0.0185,0.05338154470051022,0.8557854522212106,1
Mean habitus,60,32,64.6,35.5675,134,0.022333333333333334,0.06539714095118873,0.9067702197788389,1
Mean habitus,60,33,65.3,36.94966666666667,160,0.02666666666666667,0.06417462566444153,0.9128621822789954,1
Mean habitus,60,34,53.1,27.16066666666666,279,0.0465,0.09570353780717991,0.8693730841288497,1
Mean habitus,60,35,66.36666666666666,32.97716666666667,211,0.035166666666666666,0.06300401606555586,0.9367611285291594,1
Mean habitus,60,36,44.983333333333334,22.591666666666665,348,0.058,0.13617284889184678,0.7829687857948875,1
Mean habitus,60,37,58.85,31.988166666666665,206,0.034333333333333334,0.08138474426220732,0.865248388488649,1
Mean habitus,60,38,55.21666666666667,31.367833333333337,215,0.035833333333333335,0.06749405727919038,0.949645565058474,1
Mean habitus,60,39,67.05,35.44116666666667,139,0.023166666666666665,0.05567106408916755,0.9649289716566489,1
Mean habitus,60,40,43.21666666666667,30.444833333333335,218,0.036333333333333336,0.06425484068815067,0.7644163784357316,1
Mean habitus,60,41,48.75,31.845166666666668,189,0.0315,0.05960269092277876,0.8847724643834158,1
Mean habitus,60,42,54.083333333333336,33.4545,178,0.029666666666666668,0.0918167129600195,0.8406553568736753,1
Mean habitus,60,43,62.85,38.515166666666666,112,0.018666666666666668,0.04728376385036774,0.870691050173107,1
Mean habitus,60,44,62.81666666666667,34.69333333333333,181,0.030166666666666668,0.056101407593827896,0.9192354275132784,1
Mean habitus,60,45,54.53333333333333,36.471666666666664,121,0.020166666666666666,0.050476817203339595,0.8820237378204208,1
Mean habitus,60,46,68.35,37.65483333333333,121,0.020166666666666666,0.034927806548496226,0.97451494629803,1
Mean habitus,60,47,72.0,37.18083333333333,162,0.027,0.0678011988011988,0.902371112656763,1
Mean habitus,60,48,51.13333333333333,30.49983333333333,222,0.037,0.08037681905911385,0.7822075637713272,1
Mean habitus,60,49,54.13333333333333,31.85583333333333,210,0.035,0.07322305550298448,0.8973902595726762,1
Mean habitus,60,50,71.6,40.2085,175,0.029166666666666667,0.07039212511915333,0.9426757482149609,1
Mean habitus,60,51,78.85,40.04866666666667,164,0.027333333333333334,0.044873995138643145,0.9724364803550608,1
Mean habitus,60,52,54.25,31.415833333333335,167,0.027833333333333335,0.05440863727587866,0.8544881348754919,1
Mean habitus,60,53,49.666666666666664,35.33866666666666,145,0.024166666666666666,0.06123018679915233,0.8514242923684086,1
Mean habitus,60,54,66.55,35.22366666666667,159,0.0265,0.05445607652904808,0.9556262286796893,1
Mean habitus,60,55,66.46666666666667,32.35416666666667,212,0.035333333333333335,0.07212722737729042,0.9875007134894739,1
Mean habitus,60,56,50.36666666666667,28.09333333333333,239,0.03983333333333333,0.07761645312476972,0.8847150405736951,1
Mean habitus,60,57,58.333333333333336,32.576166666666666,180,0.03,0.06460323211282604,0.8980423539748826,1
Mean habitus,60,58,66.68333333333334,34.04066666666667,159,0.0265,0.05752290230934953,0.9557907807970264,1
Mean habitus,60,59,44.4,20.515,315,0.0525,0.12140499208324068,0.8208544811582075,1
Mean habitus,60,60,50.516666666666666,31.655000000000005,195,0.0325,0.07145791209277427,0.8650680893342526,1
Mean habitus,60,61,48.31666666666667,31.360500000000002,221,0.036833333333333336,0.09193571090075152,0.7594516858753522,1
Mean habitus,60,62,68.65,37.726,133,0.022166666666666668,0.06359500100434422,0.9280237678537531,1
Mean habitus,60,63,56.05,34.386166666666675,172,0.028666666666666667,0.06316064319575779,0.8397903904651678,1
Mean habitus,60,64,62.65,37.450833333333335,168,0.028,0.05925807859473009,0.8390427934712718,1
Mean habitus,60,65,59.46666666666667,34.82316666666667,174,0.029,0.08029670754796527,0.8453079213684532,1
Mean habitus,60,66,51.71666666666667,32.224333333333334,164,0.027333333333333334,0.04918890049924533,0.8536005796845256,1
Mean habitus,60,67,60.18333333333333,36.93583333333334,138,0.023,0.04792615207270381,0.8385776432744124,1
Mean habitus,60,68,60.1,35.7615,170,0.028333333333333332,0.06730102249081477,0.8703372950092838,1
Mean habitus,60,69,55.9,35.377833333333335,180,0.03,0.06566293383996426,0.7962344689640017,1
Mean habitus,60,70,80.18333333333334,41.8945,112,0.018666666666666668,0.05244254096064718,0.9720048771879396,1
Mean habitus,60,71,72.33333333333333,34.83633333333333,230,0.03833333333333333,0.07175374618619595,0.9577916493441395,1
Mean habitus,60,72,72.95,37.50166666666666,160,0.02666666666666667,0.05991616409949357,0.9361002467981364,1
Mean habitus,60,73,55.083333333333336,30.308833333333336,197,0.03283333333333333,0.04778210140530092,0.9528973388758913,1
Mean habitus,60,74,54.3,31.45466666666667,227,0.03783333333333333,0.07233298448739997,0.9049047921796646,1
Mean habitus,60,75,49.88333333333333,25.4105,262,0.043666666666666666,0.0851785565057717,0.9499698301165416,1
Mean habitus,60,76,65.55,37.634499999999996,141,0.0235,0.03794509497600918,0.9536539297316075,1
Mean habitus,60,77,44.983333333333334,24.587999999999997,325,0.05416666666666667,0.10607830170064583,0.6739096974086903,1
Mean habitus,60,78,56.016666666666666,34.162000000000006,167,0.027833333333333335,0.06080839839623278,0.8507772859404525,1
Mean habitus,60,79,60.88333333333333,37.74033333333333,106,0.017666666666666667,0.03991335733232287,0.8773642793542799,1
Mean habitus,60,80,48.36666666666667,31.690833333333334,166,0.027666666666666666,0.06592409053998544,0.8874005153658258,1
Mean habitus,60,81,72.41666666666667,38.6365,151,0.025166666666666667,0.04450957959664858,0.9385903191109409,1
Mean habitus,60,82,48.35,32.10166666666667,176,0.029333333333333333,0.05038692265588818,0.7921293805514871,1
Mean habitus,60,83,68.16666666666667,34.750166666666665,218,0.036333333333333336,0.06693011392536681,0.9023290923476225,1
Mean habitus,60,84,75.6,37.79783333333333,169,0.028166666666666666,0.06566475426123103,0.937672488918,1
Mean habitus,60,85,65.6,37.148,137,0.022833333333333334,0.062460372470672904,0.8749779456270601,1
Mean habitus,60,86,61.21666666666667,35.152,158,0.026333333333333334,0.054649361396701825,0.9029278833463981,1
Mean habitus,60,87,51.03333333333333,27.62366666666667,230,0.03833333333333333,0.06298057164510368,0.951833348403249,1
Mean habitus,60,88,71.08333333333333,36.474000000000004,133,0.022166666666666668,0.05308411353020113,0.958445513948203,1
Mean habitus,60,89,41.516666666666666,31.706500000000002,195,0.0325,0.08342100784277993,0.7535991554474436,1
Mean habitus,60,90,60.2,34.159499999999994,208,0.034666666666666665,0.07305381313082428,0.8942722549950729,1
Mean habitus,60,91,63.15,36.61666666666667,163,0.027166666666666665,0.05329111303484057,0.9177032738344891,1
Mean habitus,60,92,48.35,31.540333333333333,171,0.0285,0.06844969300775927,0.9017312352888399,1
Mean habitus,60,93,54.233333333333334,29.81166666666666,172,0.028666666666666667,0.07255913023703518,0.9576608071373818,1
Mean habitus,60,94,54.516666666666666,30.3615,153,0.0255,0.051599252795446686,0.8981754622372009,1
Mean habitus,60,95,48.1,30.49783333333333,226,0.03766666666666667,0.0776299452140201,0.7601849012574685,1
Mean habitus,60,96,61.416666666666664,34.84316666666667,121,0.020166666666666666,0.03945097171016171,0.9297434559747024,1
Mean habitus,60,97,57.833333333333336,34.10633333333334,140,0.023333333333333334,0.06425863971324443,0.9339779767668749,1
Mean habitus,60,98,67.31666666666666,35.407,169,0.028166666666666666,0.043475386589856224,0.9800534897394556,1
Mean habitus,60,99,72.75,37.12383333333333,142,0.023666666666666666,0.05167563795199277,0.9672441463299947,1
Mean habitus,60,100,59.416666666666664,32.54083333333333,241,0.04016666666666667,0.09147962012579831,0.8475284236254222,1
Random,60,1,3.6333333333333333,3.5674999999999994,1775,0.29583333333333334,0.4904034760615905,0.06944806478836968,1
Random,60,2,2.25,3.654833333333333,1749,0.2915,0.5023666996385399,0.04312751382604323,1
Random,60,3,4.533333333333333,3.8246666666666673,1687,0.2811666666666667,0.5005291090704003,0.07516287434423477,1
Random,60,4,4.2,3.3791666666666664,1813,0.30216666666666664,0.49387649193988836,0.09107357731221978,1
Random,60,5,3.25,3.824666666666667,1698,0.283,0.4946025971753998,0.0944031584743659,1
Random,60,6,3.183333333333333,3.6790000000000003,1702,0.2836666666666667,0.4975917196095769,0.06674039181509343,1
Random,60,7,3.85,3.5740000000000003,1729,0.2881666666666667,0.4780668611659253,0.07849875027506606,1
Random,60,8,3.9833333333333334,3.703166666666667,1662,0.277,0.5077816806174009,0.06757451449935141,1
Random,60,9,3.4166666666666665,3.5580000000000003,1797,0.2995,0.509930269371733,0.0835183103933104,1
Random,60,10,2.6666666666666665,4.073,1571,0.2618333333333333,0.4749362365974714,0.06376904284425484,1
Random,60,11,3.7666666666666666,3.546833333333333,1741,0.2901666666666667,0.489953946096919,0.09567368468877757,1
Random,60,12,4.233333333333333,3.8945000000000003,1629,0.2715,0.48534912972593264,0.08750676873753667,1
Random,60,13,3.3833333333333333,3.983,1623,0.2705,0.4956647544637627,0.08577509352632896,1
Random,60,14,4.383333333333334,3.7031666666666663,1710,0.285,0.504602780745171,0.0742630564736728,1
Random,60,15,2.966666666666667,3.734833333333333,1722,0.287,0.5050040831606044,0.06496090338969594,1
Random,60,16,3.4,3.661166666666666,1733,0.28883333333333333,0.4941649551457882,0.06601504780709586,1
Random,60,17,4.066666666666666,3.4676666666666667,1795,0.2991666666666667,0.506209362359761,0.08081631013751757,1
Random,60,18,3.433333333333333,3.760333333333333,1699,0.2831666666666667,0.4969900516278748,0.05461299935189422,1
Random,60,19,3.2,3.9558333333333335,1610,0.2683333333333333,0.4901806376720666,0.08193999563388107,1
Random,60,20,4.55,3.7345000000000006,1671,0.2785,0.49936560196493496,0.08836507282715272,1
Random,60,21,4.083333333333333,3.763666666666667,1682,0.2803333333333333,0.4925292180896294,0.09389162666833505,1
Random,60,22,3.15,4.137833333333333,1600,0.26666666666666666,0.486781941438862,0.07664916734937936,1
Random,60,23,4.7,3.732166666666666,1685,0.2808333333333333,0.4998229818349168,0.08150871027326471,1
Random,60,24,3.283333333333333,3.816666666666667,1653,0.2755,0.4936340360817415,0.07771176576348873,1
Random,60,25,4.316666666666666,3.8314999999999997,1631,0.2718333333333333,0.4748223275327213,0.09255514572503086,1
Random,60,26,3.6333333333333333,3.8038333333333334,1682,0.2803333333333333,0.47865125721231505,0.08855171238091213,1
Random,60,27,5.05,3.9123333333333337,1654,0.27566666666666667,0.488576059019999,0.11575322435185399,1
Random,60,28,3.55,3.5343333333333335,1718,0.28633333333333333,0.48585228198200653,0.06997837323868754,1
Random,60,29,3.45,3.5084999999999993,1774,0.2956666666666667,0.4941573807240164,0.0739248144107479,1
Random,60,30,3.9166666666666665,3.5341666666666676,1767,0.2945,0.5063466150873106,0.07829838581411806,1
Random,60,31,4.216666666666667,3.781166666666666,1723,0.2871666666666667,0.510555111733921,0.08510808278209678,1
Random,60,32,3.7666666666666666,3.9616666666666664,1604,0.2673333333333333,0.4902293186814314,0.09758976554061691,1
Random,60,33,3.45,3.799,1705,0.2841666666666667,0.4934541500349712,0.07922152092642015,1
Random,60,34,3.4833333333333334,3.6485000000000003,1715,0.28583333333333333,0.49478063691716834,0.07966372099692533,1
Random,60,35,3.45,3.6921666666666666,1686,0.281,0.48614144817744903,0.0782505815440598,1
Random,60,36,4.45,3.581666666666667,1694,0.2823333333333333,0.4827024380083532,0.09200300781837575,1
Random,60,37,2.966666666666667,3.8745,1645,0.27416666666666667,0.5062362009971484,0.06074195406550472,1
Random,60,38,5.366666666666666,4.0120000000000005,1584,0.264,0.49417152669367076,0.10487590030829361,1
Random,60,39,4.266666666666667,3.7114999999999996,1713,0.2855,0.4805268041195341,0.08334990049501872,1
Random,60,40,3.1333333333333333,3.543833333333333,1778,0.29633333333333334,0.4916253550993131,0.07371896934422173,1
Random,60,41,4.783333333333333,3.9755000000000003,1641,0.2735,0.4963025715909265,0.10052028957360377,1
Random,60,42,4.116666666666666,3.702,1722,0.287,0.4850994646080921,0.11227922605334886,1
Random,60,43,4.016666666666667,3.569166666666667,1697,0.2828333333333333,0.49559647760571174,0.08263801069042197,1
Random,60,44,3.716666666666667,3.4603333333333337,1812,0.302,0.4966635758495848,0.07735811734045009,1
Random,60,45,4.05,3.4856666666666665,1773,0.2955,0.49596910987431164,0.08393422756476893,1
Random,60,46,4.216666666666667,3.8269999999999995,1640,0.2733333333333333,0.4977363469809463,0.09416547479071034,1
Random,60,47,3.4166666666666665,3.8008333333333337,1699,0.2831666666666667,0.48626227059990673,0.06748760277955948,1
Random,60,48,3.95,3.703666666666667,1718,0.28633333333333333,0.4991877543364848,0.08164846708358621,1
Random,60,49,4.4,3.639166666666666,1760,0.29333333333333333,0.4824527600199838,0.0907650285979805,1
Random,60,50,3.35,3.6791666666666667,1736,0.28933333333333333,0.4761630334327823,0.08116035953497253,1
Random,60,51,3.9833333333333334,3.9999999999999996,1614,0.269,0.4811619975858649,0.09833657410605294,1
Random,60,52,4.016666666666667,3.5901666666666667,1710,0.285,0.4844459004181189,0.08583039793335592,1
Random,60,53,4.7,3.9593333333333334,1601,0.2668333333333333,0.4888065833738816,0.08826851678680571,1
Random,60,54,3.35,3.9251666666666667,1590,0.265,0.47993881117231507,0.0657639607944903,1
Random,60,55,4.283333333333333,3.766000000000001,1625,0.2708333333333333,0.4939177029521034,0.09398074921724549,1
Random,60,56,4.45,3.730333333333333,1669,0.2781666666666667,0.48622184059490714,0.09329877980549336,1
Random,60,57,3.7333333333333334,3.9191666666666665,1632,0.272,0.4878414067687318,0.08345790204641217,1
Random,60,58,3.683333333333333,3.5181666666666667,1726,0.2876666666666667,0.4995855224985383,0.08233738772129427,1
Random,60,59,2.9166666666666665,4.131,1597,0.26616666666666666,0.4914609527425566,0.06436203294755925,1
Random,60,60,3.7333333333333334,3.6701666666666672,1734,0.289,0.4798160203249888,0.07319504703251394,1
Random,60,61,3.5,3.5571666666666664,1768,0.2946666666666667,0.4944818833184322,0.08541566446881764,1
Random,60,62,3.816666666666667,3.5759999999999996,1780,0.2966666666666667,0.5043636378594859,0.09028732065785808,1
Random,60,63,5.033333333333333,3.795666666666666,1625,0.2708333333333333,0.4868785184111075,0.08295521462367515,1
Random,60,64,3.183333333333333,3.5536666666666665,1763,0.29383333333333334,0.510880540443021,0.07503109263171183,1
Random,60,65,3.5166666666666666,3.5836666666666663,1724,0.28733333333333333,0.48732967649789205,0.07867475613967402,1
Random,60,66,3.95,3.6736666666666666,1684,0.2806666666666667,0.5044255371058349,0.07811967621770982,1
Random,60,67,4.233333333333333,3.5373333333333337,1716,0.286,0.47743148094419574,0.0884432418897017,1
Random,60,68,3.8666666666666667,3.7171666666666665,1729,0.2881666666666667,0.4971079797207726,0.09179337298582822,1
Random,60,69,3.9166666666666665,3.576000000000001,1690,0.2816666666666667,0.5003362545994667,0.08796989627072747,1
Random,60,70,4.05,3.7111666666666667,1703,0.2838333333333333,0.5049735938178038,0.07850807088729013,1
Random,60,71,3.466666666666667,3.4401666666666664,1800,0.3,0.4998708729345656,0.08550007082127825,1
Random,60,72,3.433333333333333,3.624166666666667,1760,0.29333333333333333,0.49408715471005715,0.08589504715071748,1
Random,60,73,3.9166666666666665,3.6065000000000005,1743,0.2905,0.49918791267855545,0.06875396679032766,1
Random,60,74,3.8666666666666667,3.7443333333333335,1738,0.2896666666666667,0.4825878005561824,0.07962358641642528,1
Random,60,75,3.75,3.717333333333333,1666,0.2776666666666667,0.49233062951787715,0.09310695466010784,1
Random,60,76,3.1,3.8270000000000004,1623,0.2705,0.47222739603030034,0.062461386585956256,1
Random,60,77,4.133333333333334,3.7196666666666665,1672,0.2786666666666667,0.5146207331487641,0.07001842005447084,1
Random,60,78,3.55,3.688833333333333,1720,0.2866666666666667,0.5059547051200978,0.08426098504838914,1
Random,60,79,3.3,3.654833333333333,1703,0.2838333333333333,0.5038047026778141,0.0770319382916132,1
Random,60,80,3.85,3.647333333333334,1753,0.2921666666666667,0.49126135737342586,0.08473867943488686,1
Random,60,81,3.3666666666666667,3.620333333333333,1713,0.2855,0.4771457732521735,0.06387021966768568,1
Random,60,82,4.033333333333333,3.718,1739,0.28983333333333333,0.5017660948338323,0.07640926653433228,1
Random,60,83,4.7,3.9360000000000004,1618,0.26966666666666667,0.4915152741892058,0.09597430374158959,1
Random,60,84,3.966666666666667,3.5755,1788,0.298,0.48614114939406705,0.0775883884003023,1
Random,60,85,3.45,4.072500000000001,1618,0.26966666666666667,0.4855602093432456,0.07534724992369736,1
Random,60,86,3.5166666666666666,3.8590000000000004,1641,0.2735,0.48587895343463766,0.061122944866629524,1
Random,60,87,4.316666666666666,3.8745,1639,0.27316666666666667,0.4795231681283565,0.0755180362774286,1
Random,60,88,3.3333333333333335,3.644833333333334,1666,0.2776666666666667,0.5042559909081102,0.079941412360143,1
Random,60,89,2.9166666666666665,3.990500000000001,1606,0.26766666666666666,0.49526272532866145,0.05545876537749602,1
Random,60,90,3.9166666666666665,3.7996666666666665,1675,0.2791666666666667,0.5017619116779988,0.07738901260791824,1
Random,60,91,4.2,4.066166666666666,1602,0.267,0.5019390150581328,0.09260860191007249,1
Random,60,92,4.033333333333333,3.5965000000000003,1706,0.2843333333333333,0.47867606859318984,0.07984514759875395,1
Random,60,93,3.0,3.9413333333333327,1638,0.273,0.4837127853598564,0.06969688764967402,1
Random,60,94,4.4,3.7768333333333333,1648,0.27466666666666667,0.48164068982025215,0.0890214605865449,1
Random,60,95,4.35,3.7585,1700,0.2833333333333333,0.48900886100156016,0.08319299676259605,1
Random,60,96,3.8333333333333335,3.572833333333333,1711,0.2851666666666667,0.5074715905054005,0.07599595021421646,1
Random,60,97,3.683333333333333,3.792166666666667,1661,0.2768333333333333,0.5063664235257934,0.07671146513818812,1
Random,60,98,3.033333333333333,3.584833333333334,1779,0.2965,0.4835819513560684,0.06201544020222509,1
Random,60,99,4.066666666666666,3.874333333333333,1641,0.2735,0.49567907122631866,0.08559677478772536,1
Random,60,100,4.166666666666667,3.5855,1727,0.28783333333333333,0.5018512120491213,0.07618166969196626,1
Naive,60,1,71.43333333333334,39.96266666666667,135,0.0225,0.05554109894377776,0.8610735464382803,1
Naive,60,2,59.35,34.9345,175,0.029166666666666667,0.05958424090638373,0.8967263250232572,1
Naive,60,3,58.55,37.42366666666667,157,0.026166666666666668,0.06117452798693778,0.8194607932189205,1
Naive,60,4,44.03333333333333,31.773499999999995,170,0.028333333333333332,0.07350224196590094,0.8004114213191887,1
Naive,60,5,68.06666666666666,39.718833333333336,94,0.015666666666666666,0.05822145453524765,0.8837776504754213,1
Naive,60,6,64.48333333333333,34.355999999999995,149,0.024833333333333332,0.0537924005224033,0.9489078793802468,1
Naive,60,7,68.31666666666666,37.691,136,0.02266666666666667,0.048245405833845206,0.8883265644900108,1
Naive,60,8,59.11666666666667,30.852666666666675,199,0.033166666666666664,0.06531732964380343,0.9132480446329407,1
Naive,60,9,69.16666666666667,35.568999999999996,119,0.019833333333333335,0.06060182462881115,0.958491235170331,1
Naive,60,10,56.06666666666667,34.39033333333333,233,0.03883333333333333,0.10178958259867825,0.7523685103419571,1
Naive,60,11,59.36666666666667,31.137166666666673,187,0.031166666666666665,0.07616211221089314,0.908991905928335,1
Naive,60,12,57.61666666666667,30.774833333333337,148,0.024666666666666667,0.06122344050383978,0.9519597582862981,1
Naive,60,13,60.4,32.551500000000004,212,0.035333333333333335,0.08247641939137099,0.9140783425446369,1
Naive,60,14,57.65,34.87916666666667,152,0.025333333333333333,0.059753392278705374,0.8601372233039896,1
Naive,60,15,54.56666666666667,35.4495,143,0.023833333333333335,0.04821202277083866,0.8134483582666362,1
Naive,60,16,69.51666666666667,37.367000000000004,137,0.022833333333333334,0.043846588297781756,0.945069563066229,1
Naive,60,17,66.93333333333334,35.68516666666667,153,0.0255,0.06396871156035151,0.9272907568244257,1
Naive,60,18,61.61666666666667,30.5955,252,0.042,0.0674273838434234,0.9365349072703116,1
Naive,60,19,59.03333333333333,32.242,179,0.029833333333333333,0.06240195351944397,0.9643639145217971,1
Naive,60,20,57.45,38.782666666666664,123,0.0205,0.049820728600901025,0.8344390827526964,1
Naive,60,21,71.28333333333333,36.43750000000001,203,0.03383333333333333,0.06140078580497588,0.9052437513466924,1
Naive,60,22,74.5,39.825500000000005,104,0.017333333333333333,0.047511174943033384,0.9817931962797624,1
Naive,60,23,71.35,37.18416666666666,164,0.027333333333333334,0.05643231756607056,0.917709339181486,1
Naive,60,24,60.28333333333333,37.841166666666666,112,0.018666666666666668,0.046399707310233636,0.8885092719808898,1
Naive,60,25,66.35,36.544,112,0.018666666666666668,0.04915984817151146,0.9128976739206951,1
Naive,60,26,65.66666666666667,35.86749999999999,123,0.0205,0.04342311193152236,0.9465453590484124,1
Naive,60,27,46.416666666666664,32.18266666666666,178,0.029666666666666668,0.07766471304231759,0.8006049174984741,1
Naive,60,28,59.666666666666664,36.37383333333333,124,0.020666666666666667,0.0496625981347629,0.9200189411029565,1
Naive,60,29,66.51666666666667,35.879666666666665,125,0.020833333333333332,0.037127913912396684,0.9301903702215706,1
Naive,60,30,76.01666666666667,36.955666666666666,109,0.018166666666666668,0.04689734888355579,1.0,1
Naive,60,31,56.03333333333333,36.94883333333333,164,0.027333333333333334,0.049627299340663684,0.8110595027271691,1
Naive,60,32,69.05,36.52216666666667,113,0.018833333333333334,0.05980631509642005,0.943106083477672,1
Naive,60,33,62.21666666666667,30.680666666666667,216,0.036,0.08618001595193714,0.8805307849808496,1
Naive,60,34,75.18333333333334,39.03366666666667,118,0.019666666666666666,0.05631314715090001,0.9624402563774872,1
Naive,60,35,69.21666666666667,36.277166666666666,170,0.028333333333333332,0.0691728402740998,0.9579585784658753,1
Naive,60,36,69.6,33.44166666666666,201,0.0335,0.08388723318651982,0.9372637655736825,1
Naive,60,37,59.6,28.400999999999996,207,0.0345,0.08226116192083603,0.8361078552208525,1
Naive,60,38,59.28333333333333,33.39,215,0.035833333333333335,0.0736276035979934,0.9118680840436777,1
Naive,60,39,68.73333333333333,39.17666666666666,120,0.02,0.0561967444439139,0.92004440409593,1
Naive,60,40,66.96666666666667,37.77133333333333,119,0.019833333333333335,0.04729734556201984,0.920093369918644,1
Naive,60,41,71.53333333333333,37.397166666666664,169,0.028166666666666666,0.0632277673720348,0.9189220285644667,1
Naive,60,42,57.86666666666667,32.91516666666667,150,0.025,0.05144773293343274,0.8854714773931287,1
Naive,60,43,63.96666666666667,31.781333333333333,219,0.0365,0.07920715991495993,0.9441525584247056,1
Naive,60,44,57.61666666666667,32.583666666666666,223,0.03716666666666667,0.061304972246890285,0.9372373650153283,1
Naive,60,45,55.28333333333333,25.4235,303,0.0505,0.09411756981360941,0.9665432827759737,1
Naive,60,46,72.73333333333333,39.6215,155,0.025833333333333333,0.04524662312668677,0.934223064152692,1
Naive,60,47,66.51666666666667,34.65883333333334,235,0.03916666666666667,0.09016841594886003,0.8607961544555551,1
Naive,60,48,66.91666666666667,36.00433333333333,119,0.019833333333333335,0.05145848094616569,0.9638867644765308,1
Naive,60,49,54.8,26.793333333333337,271,0.04516666666666667,0.09258081180063302,0.9231381201619077,1
Naive,60,50,48.6,34.39883333333333,142,0.023666666666666666,0.048560405951513036,0.8327803700156703,1
Naive,60,51,60.516666666666666,32.777666666666676,190,0.03166666666666667,0.06516735550279588,0.9187254427887059,1
Naive,60,52,60.11666666666667,32.932166666666674,148,0.024666666666666667,0.06315556750119702,0.9158760290610011,1
Naive,60,53,58.15,34.785833333333336,177,0.0295,0.06749465111812751,0.8394645251262901,1
Naive,60,54,61.55,30.43166666666667,225,0.0375,0.06829275103303699,0.9576195692219482,1
Naive,60,55,60.4,34.441,125,0.020833333333333332,0.047411479275139244,0.9309644988686039,1
Naive,60,56,57.96666666666667,35.114000000000004,106,0.017666666666666667,0.06092761548796032,0.8990874465543134,1
Naive,60,57,58.0,33.6455,150,0.025,0.06658201499381175,0.9142281373339093,1
Naive,60,58,52.18333333333333,30.217000000000002,158,0.026333333333333334,0.06461783599814348,0.9514724164510737,1
Naive,60,59,52.61666666666667,33.25750000000001,185,0.030833333333333334,0.05654806032575899,0.7996423793735118,1
Naive,60,60,70.7,40.42183333333333,109,0.018166666666666668,0.055092696712154846,0.9404680528246969,1
Naive,60,61,70.86666666666666,35.6335,138,0.023,0.05070576871103023,0.9677278606210381,1
Naive,60,62,60.416666666666664,29.168999999999997,201,0.0335,0.07193137610776702,0.9589812081860997,1
Naive,60,63,56.733333333333334,33.338499999999996,151,0.025166666666666667,0.06735600281472721,0.9244939128273482,1
Naive,60,64,72.71666666666667,40.02633333333333,138,0.023,0.06927493253736834,0.9011870525987434,1
Naive,60,65,59.03333333333333,31.772166666666664,223,0.03716666666666667,0.07174315622469174,0.8272287082848557,1
Naive,60,66,57.15,32.62766666666667,156,0.026,0.07850059204735768,0.8459826844683247,1
Naive,60,67,71.43333333333334,36.597,149,0.024833333333333332,0.051793811443249654,0.9519090479709997,1
Naive,60,68,53.166666666666664,33.608666666666664,153,0.0255,0.04917437464340077,0.830683781189095,1
Naive,60,69,49.86666666666667,30.06816666666667,204,0.034,0.0858723407876239,0.7537857030195201,1
Naive,60,70,73.43333333333334,39.894,130,0.021666666666666667,0.039894350836214294,0.9516492091005982,1
Naive,60,71,48.11666666666667,24.72533333333334,257,0.042833333333333334,0.10515120383490371,0.8219841687400125,1
Naive,60,72,55.35,35.88516666666666,134,0.022333333333333334,0.04515116556495868,0.8362047233153127,1
Naive,60,73,52.583333333333336,31.730333333333334,173,0.028833333333333332,0.06160599368425457,0.8538466442441375,1
Naive,60,74,52.38333333333333,37.2115,140,0.023333333333333334,0.051604143038925666,0.765240575219728,1
Naive,60,75,65.46666666666667,35.142833333333336,126,0.021,0.07615161559566244,0.9222685796695926,1
Naive,60,76,60.15,27.16916666666667,227,0.03783333333333333,0.09308337816131186,0.8765564343505708,1
Naive,60,77,54.733333333333334,37.47716666666666,120,0.02,0.04745111157693697,0.8241769752627562,1
Naive,60,78,53.9,30.295666666666666,188,0.03133333333333333,0.07642331581310252,0.8461737882997962,1
Naive,60,79,58.3,29.458000000000002,201,0.0335,0.06831020132780492,0.9346774411249741,1
Naive,60,80,62.15,33.8715,163,0.027166666666666665,0.057654229723663054,0.9224861508461506,1
Naive,60,81,58.9,33.595,196,0.03266666666666666,0.06101867565634433,0.8883987931960398,1
Naive,60,82,49.56666666666667,32.537,150,0.025,0.051329628836375464,0.8381848589339287,1
Naive,60,83,68.0,35.971333333333334,136,0.02266666666666667,0.05432190798416066,0.9654780772637147,1
Naive,60,84,67.88333333333334,36.234500000000004,137,0.022833333333333334,0.06054635035261171,0.9420765574652461,1
Naive,60,85,72.06666666666666,38.57816666666667,167,0.027833333333333335,0.05630494866557762,0.9473662163009577,1
Naive,60,86,74.91666666666667,35.06316666666666,166,0.027666666666666666,0.07203841170488652,0.991919278145789,1
Naive,60,87,64.61666666666666,33.265666666666675,195,0.0325,0.07193082545868729,0.882253280678297,1
Naive,60,88,70.55,38.72416666666667,105,0.0175,0.03274294550306982,0.942939415302562,1
Naive,60,89,47.03333333333333,31.471,204,0.034,0.06535147457677234,0.8214212279083861,1
Naive,60,90,70.43333333333334,38.59583333333333,117,0.0195,0.04879236956574569,0.9290685730615736,1
Naive,60,91,55.55,37.51766666666667,124,0.020666666666666667,0.05490783357123317,0.8506696203949335,1
Naive,60,92,54.03333333333333,33.91316666666667,162,0.027,0.07235899497387505,0.8410388079279458,1
Naive,60,93,51.35,33.791333333333334,154,0.025666666666666667,0.04364190348894041,0.7943215268158852,1
Naive,60,94,58.6,37.93566666666666,120,0.02,0.058092658370063104,0.8487690036088105,1
Naive,60,95,55.666666666666664,34.71783333333333,169,0.028166666666666666,0.06411718847295073,0.9208079156082962,1
Naive,60,96,57.36666666666667,27.928,159,0.0265,0.05310201370455036,0.9644356767875663,1
Naive,60,97,61.56666666666667,32.268,162,0.027,0.07248072814935634,0.9488168116092993,1
Naive,60,98,69.0,37.04483333333334,98,0.01633333333333333,0.031692196973352,0.9563150768060709,1
Naive,60,99,62.95,30.961333333333332,217,0.036166666666666666,0.08495350528972759,0.9138507668587486,1
Naive,60,100,49.8,27.7255,232,0.03866666666666667,0.10344600631882579,0.8323786044549407,1
Two-frame Naive,60,1,66.83333333333333,34.581,170,0.028333333333333332,0.056542626250203384,0.8122823372345639,1
Two-frame Naive,60,2,74.98333333333333,39.1,152,0.025333333333333333,0.03704180046988179,0.9570241788177805,1
Two-frame Naive,60,3,66.45,39.608,86,0.014333333333333333,0.025899267399267414,0.8780216686921174,1
Two-frame Naive,60,4,67.11666666666666,37.17266666666667,129,0.0215,0.04727224800344138,0.9144439650856655,1
Two-frame Naive,60,5,64.78333333333333,37.80883333333333,126,0.021,0.04109187648239373,0.8719460188304708,1
Two-frame Naive,60,6,63.516666666666666,35.2385,139,0.023166666666666665,0.03773109978795966,0.9316161080664399,1
Two-frame Naive,60,7,46.266666666666666,24.225166666666674,267,0.0445,0.07866855811982372,0.7636815284892781,1
Two-frame Naive,60,8,63.833333333333336,39.22916666666667,94,0.015666666666666666,0.02771204124282944,0.9011329031488613,1
Two-frame Naive,60,9,56.4,36.73183333333334,117,0.0195,0.02672646648564941,0.8395017420199141,1
Two-frame Naive,60,10,69.15,38.88616666666667,118,0.019666666666666666,0.03308671117321793,0.9281687793792293,1
Two-frame Naive,60,11,59.45,36.1805,114,0.019,0.032136787924718975,0.9251835033965814,1
Two-frame Naive,60,12,65.05,35.11866666666667,129,0.0215,0.03779407032805787,0.9279391566365637,1
Two-frame Naive,60,13,59.416666666666664,30.650666666666663,188,0.03133333333333333,0.050276254636083866,0.8424324237651691,1
Two-frame Naive,60,14,75.73333333333333,40.87866666666666,92,0.015333333333333332,0.029808120448297223,0.9566975247441876,1
Two-frame Naive,60,15,69.58333333333333,37.131166666666665,164,0.027333333333333334,0.040182913916567975,0.8988208437085142,1
Two-frame Naive,60,16,73.55,39.90716666666667,103,0.017166666666666667,0.03370891421702782,0.9158466025861538,1
Two-frame Naive,60,17,61.5,32.839000000000006,178,0.029666666666666668,0.03997876956685259,0.9331117964030847,1
Two-frame Naive,60,18,62.71666666666667,35.58083333333333,142,0.023666666666666666,0.035263516655758054,0.9735254797848754,1
Two-frame Naive,60,19,62.36666666666667,37.41616666666667,104,0.017333333333333333,0.032599845324098486,0.9150702269299827,1
Two-frame Naive,60,20,60.583333333333336,39.421166666666664,75,0.0125,0.024669350099386405,0.8907687175631279,1
Two-frame Naive,60,21,73.48333333333333,42.07916666666667,89,0.014833333333333334,0.03103127442199452,0.9039751395574896,1
Two-frame Naive,60,22,81.68333333333334,43.04233333333334,66,0.011,0.025414335490984687,0.9787136893477392,1
Two-frame Naive,60,23,76.01666666666667,41.79633333333333,101,0.016833333333333332,0.037739349680366026,0.9459852615962759,1
Two-frame Naive,60,24,62.0,37.6775,106,0.017666666666666667,0.025952545155993444,0.921365592202099,1
Two-frame Naive,60,25,71.56666666666666,38.70766666666666,99,0.0165,0.03372889634781117,0.9208333333333335,1
Two-frame Naive,60,26,72.36666666666666,38.03866666666667,132,0.022,0.039117642567605096,0.960300321917396,1
Two-frame Naive,60,27,71.5,39.19233333333334,92,0.015333333333333332,0.039549446884736696,0.9416792394521927,1
Two-frame Naive,60,28,63.13333333333333,37.348166666666664,107,0.017833333333333333,0.035754641297844995,0.9224388654964399,1
Two-frame Naive,60,29,62.85,37.436499999999995,96,0.016,0.025730994152046806,0.931460358836386,1
Two-frame Naive,60,30,75.15,37.813833333333335,115,0.019166666666666665,0.03488620389565626,0.9806558392587805,1
Two-frame Naive,60,31,73.0,45.10533333333333,75,0.0125,0.029488064846198293,0.8669329623562118,1
Two-frame Naive,60,32,75.3,41.17866666666668,78,0.013,0.02976296375621714,0.9456054214284769,1
Two-frame Naive,60,33,63.833333333333336,36.255500000000005,116,0.019333333333333334,0.03695498735892826,0.9227242963692455,1
Two-frame Naive,60,34,73.68333333333334,38.842666666666666,159,0.0265,0.06316511353173683,0.8786705266513126,1
Two-frame Naive,60,35,76.03333333333333,39.3025,84,0.014,0.034196663899043515,0.981678017312067,1
Two-frame Naive,60,36,59.86666666666667,36.42033333333334,117,0.0195,0.0385927801445043,0.8559375098755785,1
Two-frame Naive,60,37,69.15,36.939,94,0.015666666666666666,0.02729443130305201,0.9728338423299611,1
Two-frame Naive,60,38,62.21666666666667,36.10266666666667,138,0.023,0.03909434569589198,0.9079340738038792,1
Two-frame Naive,60,39,60.46666666666667,29.20866666666667,204,0.034,0.07339661760781915,0.7811895369869698,1
Two-frame Naive,60,40,65.76666666666667,37.584833333333336,113,0.018833333333333334,0.032799455256141564,0.9568684060129672,1
Two-frame Naive,60,41,73.93333333333334,37.565,142,0.023666666666666666,0.04084578986056819,0.9482026128624154,1
Two-frame Naive,60,42,59.11666666666667,32.96416666666667,174,0.029,0.047642417803474786,0.8599271693313308,1
Two-frame Naive,60,43,75.15,42.927,84,0.014,0.0457300870539787,0.706408057013219,1
Two-frame Naive,60,44,50.0,27.988833333333332,213,0.0355,0.0649360853519378,0.7933325615112067,1
Two-frame Naive,60,45,73.13333333333334,40.21999999999999,94,0.015666666666666666,0.02894564622450681,0.9664138507365548,1
Two-frame Naive,60,46,64.33333333333333,36.11383333333333,133,0.022166666666666668,0.039281364844788495,0.9167193692660737,1
Two-frame Naive,60,47,81.45,43.32116666666667,72,0.012,0.0335269401003174,0.9726098628209505,1
Two-frame Naive,60,48,75.11666666666666,40.951166666666666,58,0.009666666666666667,0.03047554138071381,0.9706908299089758,1
Two-frame Naive,60,49,77.05,41.43266666666668,71,0.011833333333333333,0.0285327006664735,0.9515776110312347,1
Two-frame Naive,60,50,63.733333333333334,37.7075,130,0.021666666666666667,0.046774797088258734,0.9171233173559591,1
Two-frame Naive,60,51,70.23333333333333,34.590666666666664,172,0.028666666666666667,0.06964846331829092,0.7451743576373441,1
Two-frame Naive,60,52,65.78333333333333,37.108999999999995,129,0.0215,0.03602054356585232,0.8948732256868165,1
Two-frame Naive,60,53,65.31666666666666,40.11033333333333,93,0.0155,0.031075742940854526,0.8786901257917498,1
Two-frame Naive,60,54,69.01666666666667,40.48416666666667,121,0.020166666666666666,0.03355557019045864,0.8889815597417393,1
Two-frame Naive,60,55,66.13333333333334,39.72116666666666,73,0.012166666666666666,0.026912106977819424,0.91050708718038,1
Two-frame Naive,60,56,62.8,36.456,119,0.019833333333333335,0.03889728472246516,0.9500793987243318,1
Two-frame Naive,60,57,62.71666666666667,41.483666666666664,95,0.015833333333333335,0.0400555228570007,0.8373156495855042,1
Two-frame Naive,60,58,67.65,38.434,96,0.016,0.034314630383221106,0.9028273809874475,1
Two-frame Naive,60,59,59.45,29.415666666666663,236,0.03933333333333333,0.07014357551071454,0.8202772633811648,1
Two-frame Naive,60,60,65.1,37.55233333333333,128,0.021333333333333333,0.037998981450227905,0.8956357510887728,1
Two-frame Naive,60,61,59.516666666666666,35.087833333333336,157,0.026166666666666668,0.04146257140050244,0.9103276270163236,1
Two-frame Naive,60,62,76.23333333333333,41.321999999999996,87,0.0145,0.03334030198980291,0.9681385199370742,1
Two-frame Naive,60,63,57.21666666666667,35.379333333333335,146,0.024333333333333332,0.038562827736458576,0.8982967848923287,1
Two-frame Naive,60,64,71.78333333333333,40.43883333333333,130,0.021666666666666667,0.03154063554813477,0.8757127097848039,1
Two-frame Naive,60,65,73.93333333333334,35.7415,159,0.0265,0.0552808265951752,0.8164951767195144,1
Two-frame Naive,60,66,74.15,41.060500000000005,89,0.014833333333333334,0.03940276900621729,0.9259686947494966,1
Two-frame Naive,60,67,72.03333333333333,39.20366666666667,124,0.020666666666666667,0.03896515573100961,0.9065789807473625,1
Two-frame Naive,60,68,74.4,40.98833333333333,111,0.0185,0.03384308229240627,0.9187255302192782,1
Two-frame Naive,60,69,61.0,35.62766666666667,161,0.026833333333333334,0.04617358318157374,0.8493609729623446,1
Two-frame Naive,60,70,68.56666666666666,39.524166666666666,110,0.018333333333333333,0.036673324902440546,0.9270705191720515,1
Two-frame Naive,60,71,72.11666666666666,40.68416666666667,103,0.017166666666666667,0.03479951740157797,0.9120089563122307,1
Two-frame Naive,60,72,57.38333333333333,29.44633333333333,190,0.03166666666666667,0.06941100874518674,0.8284603779269377,1
Two-frame Naive,60,73,74.48333333333333,40.94083333333333,152,0.025333333333333333,0.0471430530894684,0.907918395888597,1
Two-frame Naive,60,74,69.0,38.8665,132,0.022,0.038555470614854634,0.9090426104635669,1
Two-frame Naive,60,75,61.46666666666667,37.740500000000004,105,0.0175,0.041651815228648796,0.9040100679944043,1
Two-frame Naive,60,76,81.63333333333334,37.798833333333334,167,0.027833333333333335,0.05059007635682911,0.9706807006400927,1
Two-frame Naive,60,77,61.3,34.91333333333334,149,0.024833333333333332,0.04618189562491775,0.9040476906838556,1
Two-frame Naive,60,78,70.38333333333334,36.821,106,0.017666666666666667,0.03541794452701501,0.9617224303751186,1
Two-frame Naive,60,79,59.85,37.647999999999996,108,0.018,0.028885628279191368,0.8949519078316528,1
Two-frame Naive,60,80,69.7,37.364666666666665,98,0.01633333333333333,0.02942204889618684,0.97568284578473,1
Two-frame Naive,60,81,77.26666666666667,41.59783333333334,80,0.013333333333333334,0.028507430213464708,0.9638832813745678,1
Two-frame Naive,60,82,34.9,22.949000000000005,288,0.048,0.08574949381059929,0.6245123518882184,1
Two-frame Naive,60,83,74.21666666666667,36.10666666666666,163,0.027166666666666665,0.039865873065261286,0.9174618993082928,1
Two-frame Naive,60,84,85.75,43.309333333333335,78,0.013,0.0285595209388313,0.9917161624426735,1
Two-frame Naive,60,85,59.483333333333334,28.81299999999999,255,0.0425,0.07642803782058478,0.8984225113623839,1
Two-frame Naive,60,86,60.666666666666664,32.5655,182,0.030333333333333334,0.055563976149919744,0.853570694244787,1
Two-frame Naive,60,87,69.08333333333333,38.82750000000001,126,0.021,0.057373408536964356,0.9190559584717379,1
Two-frame Naive,60,88,68.86666666666666,37.16133333333334,100,0.016666666666666666,0.024485785885235332,0.9676364970107406,1
Two-frame Naive,60,89,51.6,31.653499999999998,224,0.037333333333333336,0.0558049376117252,0.8678450994585525,1
Two-frame Naive,60,90,63.416666666666664,38.5415,115,0.019166666666666665,0.03131342449563448,0.8764014107885256,1
Two-frame Naive,60,91,77.1,41.69016666666667,98,0.01633333333333333,0.037142446250530876,0.8814993574934924,1
Two-frame Naive,60,92,57.483333333333334,32.24,148,0.024666666666666667,0.048163560204667305,0.9425695373961076,1
Two-frame Naive,60,93,70.03333333333333,39.157,88,0.014666666666666666,0.030358093029508648,0.9597085342849879,1
Two-frame Naive,60,94,60.93333333333333,37.358000000000004,117,0.0195,0.037152245611819124,0.8891215657761649,1
Two-frame Naive,60,95,70.56666666666666,34.00816666666667,203,0.03383333333333333,0.05321341141429489,0.9819171863633601,1
Two-frame Naive,60,96,67.35,34.57433333333333,115,0.019166666666666665,0.02949626602643846,0.9782656695156695,1
Two-frame Naive,60,97,63.9,36.7665,143,0.023833333333333335,0.03219698370640527,0.8954556548410336,1
Two-frame Naive,60,98,69.23333333333333,35.83316666666666,115,0.019166666666666665,0.03366423060106172,0.955807257679147,1
Two-frame Naive,60,99,69.61666666666666,37.0575,150,0.025,0.0517849939130506,0.7018263254457191,1
Two-frame Naive,60,100,83.36666666666666,40.907833333333336,92,0.015333333333333332,0.04740724881759365,0.9828809977239583,1
Decision-aware,60,1,66.21666666666667,40.37566666666667,69,0.0115,0.025715608465608483,0.8452120017062648,1
Decision-aware,60,2,80.23333333333333,42.0285,72,0.012,0.053879327277753075,0.9676831382165144,1
Decision-aware,60,3,54.333333333333336,30.6525,135,0.0225,0.06679033167209211,0.8608863534604453,1
Decision-aware,60,4,68.9,31.880166666666664,177,0.0295,0.07460361278791267,0.8424724645668324,1
Decision-aware,60,5,63.5,35.962666666666664,115,0.019166666666666665,0.04474694972970836,0.8989968625496618,1
Decision-aware,60,6,67.28333333333333,38.65783333333333,78,0.013,0.03944184806253773,0.9460972087616025,1
Decision-aware,60,7,73.58333333333333,39.65133333333333,96,0.016,0.034707443917458614,0.9848543138614522,1
Decision-aware,60,8,79.25,44.42333333333333,46,0.007666666666666666,0.03123326386257422,0.9326757901078561,1
Decision-aware,60,9,72.58333333333333,41.17983333333333,77,0.012833333333333334,0.03913196785066114,0.8842672664459701,1
Decision-aware,60,10,73.13333333333334,40.177833333333325,69,0.0115,0.03861593263518617,0.9397731367743444,1
Decision-aware,60,11,71.95,40.24383333333333,88,0.014666666666666666,0.04043373336128289,0.9146149935519271,1
Decision-aware,60,12,71.11666666666666,38.62466666666667,79,0.013166666666666667,0.028520551654264068,0.9718519577152132,1
Decision-aware,60,13,74.33333333333333,38.66333333333334,91,0.015166666666666667,0.049950401149490294,0.9286109808883111,1
Decision-aware,60,14,70.65,37.20166666666667,96,0.016,0.04048033244438235,0.9816982635457854,1
Decision-aware,60,15,70.43333333333334,41.022,84,0.014,0.030095457231701626,0.8952640522026255,1
Decision-aware,60,16,69.81666666666666,40.71533333333333,69,0.0115,0.03321503591353865,0.8896602714562951,1
Decision-aware,60,17,60.3,31.67183333333334,185,0.030833333333333334,0.06922611360519665,0.8823480373813194,1
Decision-aware,60,18,68.9,38.14633333333333,76,0.012666666666666666,0.046648649881408516,0.9413340310862277,1
Decision-aware,60,19,69.03333333333333,37.256499999999996,83,0.013833333333333333,0.03637772457798591,0.9754604673423289,1
Decision-aware,60,20,68.25,40.30916666666666,61,0.010166666666666666,0.03703250500255947,0.9123838664634685,1
Decision-aware,60,21,76.71666666666667,39.39666666666667,76,0.012666666666666666,0.03213721948549536,0.9762153137760708,1
Decision-aware,60,22,69.43333333333334,40.1675,67,0.011166666666666667,0.030216830870279158,0.9392907139785565,1
Decision-aware,60,23,84.9,44.326333333333324,53,0.008833333333333334,0.039795683790757694,0.9553550267578996,1
Decision-aware,60,24,66.31666666666666,38.98583333333333,71,0.011833333333333333,0.029799033023170978,0.8699191668515088,1
Decision-aware,60,25,79.78333333333333,40.0575,71,0.011833333333333333,0.040448131561924686,0.9979667446081067,1
Decision-aware,60,26,67.38333333333334,34.39266666666667,137,0.022833333333333334,0.05465758885340167,0.8174062869824081,1
Decision-aware,60,27,71.06666666666666,38.512,74,0.012333333333333333,0.03618843417119281,0.9811552632869855,1
Decision-aware,60,28,66.6,40.05983333333333,72,0.012,0.03562751042061388,0.9246643460443729,1
Decision-aware,60,29,75.8,38.63133333333334,73,0.012166666666666666,0.03858834464169534,0.9725530423359106,1
Decision-aware,60,30,76.48333333333333,40.31016666666666,58,0.009666666666666667,0.03322848932676521,0.9887239388930181,1
Decision-aware,60,31,74.58333333333333,38.66916666666667,79,0.013166666666666667,0.03126146720336702,0.9882659837535296,1
Decision-aware,60,32,81.55,42.87466666666667,60,0.01,0.029978716685613253,0.9738428772666016,1
Decision-aware,60,33,62.233333333333334,32.72083333333333,170,0.028333333333333332,0.047491249634824914,0.9421241514920162,1
Decision-aware,60,34,76.08333333333333,43.28616666666666,63,0.0105,0.028543415269277353,0.900564964515664,1
Decision-aware,60,35,68.96666666666667,41.65216666666666,71,0.011833333333333333,0.031065552427867713,0.8988514258828196,1
Decision-aware,60,36,67.35,36.63066666666666,124,0.020666666666666667,0.06655544770804334,0.9397885045665263,1
Decision-aware,60,37,74.41666666666667,42.36583333333334,58,0.009666666666666667,0.03537561505941469,0.9222374915647176,1
Decision-aware,60,38,64.4,38.95283333333334,79,0.013166666666666667,0.05530544928943137,0.854644410622723,1
Decision-aware,60,39,82.43333333333334,43.40966666666667,44,0.007333333333333333,0.037833382454072126,0.9796982724216023,1
Decision-aware,60,40,78.56666666666666,41.368833333333335,62,0.010333333333333333,0.04727103069344449,0.9799064011768954,1
Decision-aware,60,41,64.86666666666666,40.357166666666664,87,0.0145,0.02582480035928313,0.8936944058160409,1
Decision-aware,60,42,69.76666666666667,39.88333333333334,94,0.015666666666666666,0.03159393451775938,0.8968474564683213,1
Decision-aware,60,43,70.53333333333333,41.665166666666664,66,0.011,0.03219627068333966,0.9001630423942621,1
Decision-aware,60,44,84.06666666666666,43.25383333333333,69,0.0115,0.03770790001824486,0.9504402880809013,1
Decision-aware,60,45,78.01666666666667,43.74999999999999,65,0.010833333333333334,0.042288060190683895,0.9397253567503365,1
Decision-aware,60,46,59.233333333333334,36.044666666666664,114,0.019,0.03927027914614122,0.8845678603388794,1
Decision-aware,60,47,79.66666666666667,41.364333333333335,66,0.011,0.03718837803320564,0.9553601748561913,1
Decision-aware,60,48,62.266666666666666,39.53633333333334,67,0.011166666666666667,0.06269768942059584,0.8720610896895179,1
Decision-aware,60,49,73.06666666666666,41.068000000000005,55,0.009166666666666667,0.030109706840264455,0.9454925395302176,1
Decision-aware,60,50,68.93333333333334,42.157333333333334,69,0.0115,0.04042902053246882,0.85559818683254,1
Decision-aware,60,51,72.85,38.729833333333325,99,0.0165,0.0355375644017205,0.9358376725740251,1
Decision-aware,60,52,69.33333333333333,41.37350000000001,81,0.0135,0.04267605574502127,0.9315667834944799,1
Decision-aware,60,53,62.55,38.346833333333336,84,0.014,0.040867819600578226,0.8983541276746444,1
Decision-aware,60,54,77.01666666666667,42.665166666666664,71,0.011833333333333333,0.035074901011851,0.9143426879895312,1
Decision-aware,60,55,66.4,41.82149999999999,52,0.008666666666666666,0.03975934697486423,0.9356559871215737,1
Decision-aware,60,56,56.233333333333334,36.593999999999994,98,0.01633333333333333,0.05531823572340814,0.8244238046835922,1
Decision-aware,60,57,62.46666666666667,36.617333333333335,137,0.022833333333333334,0.061925083637398924,0.820630656266961,1
Decision-aware,60,58,57.833333333333336,36.531,80,0.013333333333333334,0.03993623426382048,0.893992211811285,1
Decision-aware,60,59,71.26666666666667,38.75050000000001,90,0.015,0.04483397190293743,0.9586560734824173,1
Decision-aware,60,60,45.016666666666666,34.61566666666667,132,0.022,0.04296857676168022,0.8160749380143169,1
Decision-aware,60,61,66.18333333333334,37.6035,72,0.012,0.0426313628899836,0.943170566797369,1
Decision-aware,60,62,56.166666666666664,27.264499999999998,209,0.034833333333333334,0.06531755956589284,0.8553122755531833,1
Decision-aware,60,63,69.65,41.022333333333336,82,0.013666666666666667,0.03937494002058089,0.8999005207437782,1
Decision-aware,60,64,82.28333333333333,42.96133333333334,42,0.007,0.061175779967159276,0.9470486970073045,1
Decision-aware,60,65,60.8,32.985666666666674,146,0.024333333333333332,0.06179151616680663,0.8032083222606788,1
Decision-aware,60,66,56.93333333333333,33.631,100,0.016666666666666666,0.059843166344981234,0.6915904997886876,1
Decision-aware,60,67,75.55,40.60666666666667,63,0.0105,0.03587860661505984,0.9300743667351372,1
Decision-aware,60,68,59.2,38.21666666666666,86,0.014333333333333333,0.04049475460682359,0.8973639584969223,1
Decision-aware,60,69,63.233333333333334,43.07533333333334,73,0.012166666666666666,0.03861729707230129,0.807174706875853,1
Decision-aware,60,70,78.35,42.507333333333335,78,0.013,0.03268588491700131,0.9437586649199989,1
Decision-aware,60,71,77.18333333333334,41.64866666666667,79,0.013166666666666667,0.03425715458597233,0.9440483624605107,1
Decision-aware,60,72,68.93333333333334,40.131166666666665,62,0.010333333333333333,0.033977513227513245,0.8863940230832547,1
Decision-aware,60,73,76.91666666666667,38.39416666666666,145,0.024166666666666666,0.04913055497214734,0.8149146081955756,1
Decision-aware,60,74,73.08333333333333,38.894000000000005,90,0.015,0.04133004726143177,0.9499084807729308,1
Decision-aware,60,75,64.2,40.64633333333333,66,0.011,0.04412471264367816,0.8923967900991817,1
Decision-aware,60,76,70.93333333333334,42.83550000000001,57,0.0095,0.02466397241261127,0.9128971560852333,1
Decision-aware,60,77,83.68333333333334,43.44700000000001,43,0.007166666666666667,0.04546933256061047,0.9688979737284363,1
Decision-aware,60,78,73.15,38.64383333333333,84,0.014,0.047309131545338445,0.9913726264688802,1
Decision-aware,60,79,66.78333333333333,39.86066666666667,80,0.013333333333333334,0.040809374533512466,0.9155686144798552,1
Decision-aware,60,80,64.41666666666667,38.55133333333333,62,0.010333333333333333,0.03131946725050175,0.9812087472028568,1
Decision-aware,60,81,79.28333333333333,42.184000000000005,55,0.009166666666666667,0.02915826989102853,0.9988205557414319,1
Decision-aware,60,82,62.016666666666666,38.88733333333333,83,0.013833333333333333,0.03833522322396754,0.8872198389228446,1
Decision-aware,60,83,75.1,40.42916666666666,84,0.014,0.045059616975554745,0.9499703249596491,1
Decision-aware,60,84,67.45,38.04966666666666,74,0.012333333333333333,0.04862559751870098,0.9470306005730544,1
Decision-aware,60,85,68.48333333333333,38.22683333333333,105,0.0175,0.039835491422800975,0.9244671387891011,1
Decision-aware,60,86,76.68333333333334,40.59583333333333,85,0.014166666666666666,0.047250909330880005,0.9186220273099279,1
Decision-aware,60,87,55.983333333333334,34.8405,144,0.024,0.05911032230859818,0.8185808000104021,1
Decision-aware,60,88,69.1,38.4365,104,0.017333333333333333,0.05081376375304412,0.9205235769623117,1
Decision-aware,60,89,56.55,35.630833333333335,116,0.019333333333333334,0.05069011844045397,0.8850705639712867,1
Decision-aware,60,90,70.48333333333333,39.13766666666666,86,0.014333333333333333,0.03822230624453857,0.9493185972078304,1
Decision-aware,60,91,73.68333333333334,40.82233333333333,90,0.015,0.0531274248417343,0.8718039458627531,1
Decision-aware,60,92,58.61666666666667,31.42450000000001,120,0.02,0.08467751804690649,0.8713080181818994,1
Decision-aware,60,93,70.63333333333334,37.22116666666666,71,0.011833333333333333,0.040872409883493645,0.9762160823503365,1
Decision-aware,60,94,53.43333333333333,39.455999999999996,90,0.015,0.03933632192284741,0.7693230754489095,1
Decision-aware,60,95,55.31666666666667,29.272666666666666,178,0.029666666666666668,0.0677166040699539,0.8803719494794352,1
Decision-aware,60,96,72.13333333333334,37.086666666666666,71,0.011833333333333333,0.029991038675191296,0.9784628746862118,1
Decision-aware,60,97,71.75,41.97783333333333,84,0.014,0.051961788375827794,0.917538371192844,1
Decision-aware,60,98,66.45,42.3305,66,0.011,0.036577470422298024,0.9445064593728217,1
Decision-aware,60,99,68.06666666666666,39.16266666666667,84,0.014,0.042387230503486674,0.9233395974862152,1
Decision-aware,60,100,71.76666666666667,39.854666666666674,75,0.0125,0.04586612918237238,0.9394219237609472,1
Unsure,60,1,6.0,6.654166666666668,1191,0.1985,0.008625714928212033,0.2688545267348045,1
Unsure,60,2,4.266666666666667,5.355499999999999,1275,0.2125,0.007704809713391301,0.22196962455113506,1
Unsure,60,3,6.3,8.628166666666665,912,0.152,0.00795881097975838,0.27047827831168925,1
Unsure,60,4,4.9,5.701333333333333,1157,0.19283333333333333,0.012236324429908216,0.25584240180528217,1
Unsure,60,5,6.183333333333334,5.853,1168,0.19466666666666665,0.00988430909999314,0.3265071414064172,1
Unsure,60,6,7.05,7.481166666666666,955,0.15916666666666668,0.012588967034878915,0.33876381054852084,1
Unsure,60,7,8.766666666666667,7.156333333333333,1029,0.1715,0.006949589606631546,0.40078820013040295,1
Unsure,60,8,5.316666666666666,4.755333333333334,1309,0.21816666666666668,0.010032870630006576,0.2757370726497179,1
Unsure,60,9,7.15,5.5216666666666665,1210,0.20166666666666666,0.009621143305668755,0.3601365689534511,1
Unsure,60,10,7.65,6.447166666666666,1117,0.18616666666666667,0.007087222489383891,0.3613623825445426,1
Unsure,60,11,5.1,5.0835,1231,0.20516666666666666,0.011635741447428459,0.24565323156129087,1
Unsure,60,12,8.7,5.355666666666666,1178,0.19633333333333333,0.01077594437767901,0.42435681623309235,1
Unsure,60,13,4.15,8.2115,987,0.1645,0.007520237592563084,0.21446360518367183,1
Unsure,60,14,5.933333333333334,4.630833333333333,1339,0.22316666666666668,0.008228317515312767,0.30938412061183584,1
Unsure,60,15,5.65,7.714166666666666,955,0.15916666666666668,0.007949452060188461,0.2949643005150547,1
Unsure,60,16,8.9,6.283333333333334,1097,0.18283333333333332,0.008550396038204913,0.43617415399115395,1
Unsure,60,17,6.283333333333333,6.423666666666667,1100,0.18333333333333332,0.008277699734642175,0.28037432325248807,1
Unsure,60,18,7.233333333333333,7.5445,986,0.16433333333333333,0.0070409550067007535,0.29257785003061393,1
Unsure,60,19,4.033333333333333,5.7955,1191,0.1985,0.009608202626565669,0.21165061966557794,1
Unsure,60,20,7.933333333333334,6.069166666666666,1109,0.18483333333333332,0.007439981165873812,0.39298483595000777,1
Unsure,60,21,3.75,6.3261666666666665,1071,0.1785,0.007198143132471437,0.1900284008217445,1
Unsure,60,22,11.583333333333334,11.837166666666665,720,0.12,0.006215744045163658,0.45421494989045474,1
Unsure,60,23,8.15,6.749833333333333,1052,0.17533333333333334,0.009149087815450317,0.3916585667556035,1
Unsure,60,24,13.733333333333333,7.379,1084,0.18066666666666667,0.008598109368604088,0.4915526734124185,1
Unsure,60,25,9.316666666666666,5.936166666666667,1175,0.19583333333333333,0.00898433865388088,0.44937901954485293,1
Unsure,60,26,9.716666666666667,6.792166666666667,1013,0.16883333333333334,0.008336324352775376,0.40008215826880295,1
Unsure,60,27,8.3,5.413833333333333,1204,0.20066666666666666,0.007357549699142145,0.38557089005712225,1
Unsure,60,28,8.2,6.416333333333334,1019,0.16983333333333334,0.0073172208472514965,0.36431031059551927,1
Unsure,60,29,7.6,6.358,1093,0.18216666666666667,0.006478845570518802,0.35733821940222127,1
Unsure,60,30,4.35,6.1465000000000005,1124,0.18733333333333332,0.007247479327461606,0.21388889125150737,1
Unsure,60,31,10.65,6.6738333333333335,1052,0.17533333333333334,0.008887904182739697,0.42110176665316035,1
Unsure,60,32,6.6,6.4286666666666665,1057,0.17616666666666667,0.007332370094395591,0.3387466127387102,1
Unsure,60,33,7.2,5.686000000000002,1127,0.18783333333333332,0.010752718711288179,0.3884911441879183,1
Unsure,60,34,5.183333333333334,5.6605,1173,0.1955,0.00801792639091354,0.25607850024645695,1
Unsure,60,35,7.1,7.390666666666667,1063,0.17716666666666667,0.01021062499452512,0.26191982737639247,1
Unsure,60,36,6.066666666666666,6.130666666666667,1090,0.18166666666666667,0.009409416476757386,0.322733622187309,1
Unsure,60,37,5.7,5.108833333333333,1253,0.20883333333333334,0.007646808407187316,0.29875688817127927,1
Unsure,60,38,7.616666666666666,5.794166666666667,1138,0.18966666666666668,0.010031455341474609,0.3560290385830499,1
Unsure,60,39,8.45,5.628333333333334,1157,0.19283333333333333,0.006983861269838093,0.4317398148562157,1
Unsure,60,40,4.5,6.122833333333334,1101,0.1835,0.009889507376496466,0.22955623474580308,1
Unsure,60,41,9.333333333333334,5.420833333333333,1191,0.1985,0.009872545632007812,0.4282316240313238,1
Unsure,60,42,10.166666666666666,6.722666666666666,1079,0.17983333333333335,0.00954754500053106,0.39598697064193566,1
Unsure,60,43,9.866666666666667,7.466666666666668,998,0.16633333333333333,0.00631629057274587,0.37488825080302884,1
Unsure,60,44,8.216666666666667,5.7476666666666665,1195,0.19916666666666666,0.007658077104065037,0.40412477587124235,1
Unsure,60,45,7.25,7.035666666666668,1023,0.1705,0.007431937434059771,0.36817201144257117,1
Unsure,60,46,8.15,8.701166666666667,889,0.14816666666666667,0.008668700546750162,0.3847934906241124,1
Unsure,60,47,5.983333333333333,8.784833333333335,916,0.15266666666666667,0.007572503414194231,0.3311792755007016,1
Unsure,60,48,6.8,6.071833333333333,1073,0.17883333333333334,0.007444542827152744,0.356528488595362,1
Unsure,60,49,6.15,5.396166666666667,1250,0.20833333333333334,0.008561985341043953,0.3038867285255089,1
Unsure,60,50,7.066666666666666,6.368,1126,0.18766666666666668,0.008470362722724455,0.3104690352782626,1
Unsure,60,51,5.066666666666666,5.997666666666667,1141,0.19016666666666668,0.005885270458787458,0.26525593127635394,1
Unsure,60,52,4.5,4.987333333333333,1275,0.2125,0.00791841237402768,0.2264179392206998,1
Unsure,60,53,5.7,6.5305,1112,0.18533333333333332,0.009109583232104857,0.28361009254053404,1
Unsure,60,54,5.8,8.892666666666667,890,0.14833333333333334,0.009186741085454921,0.26761905577687267,1
Unsure,60,55,6.6,4.775833333333334,1284,0.214,0.009186811480395992,0.33044430136793707,1
Unsure,60,56,3.65,5.5245,1218,0.203,0.013068044844511904,0.1618909512800299,1
Unsure,60,57,6.383333333333334,6.347833333333333,1124,0.18733333333333332,0.012528168803465562,0.30952243433418564,1
Unsure,60,58,6.7,5.001166666666667,1235,0.20583333333333334,0.013294997798131127,0.29531449906066987,1
Unsure,60,59,5.783333333333333,5.114833333333333,1272,0.212,0.008998833949334902,0.31779577716250995,1
Unsure,60,60,5.083333333333333,5.179000000000001,1238,0.20633333333333334,0.010421103625236502,0.2613172057311578,1
Unsure,60,61,6.033333333333333,6.521666666666667,1056,0.176,0.00930985751497655,0.3119911813642071,1
Unsure,60,62,6.4,6.130166666666665,1168,0.19466666666666665,0.006218915635378099,0.3226756521757475,1
Unsure,60,63,7.033333333333333,6.0843333333333325,1188,0.198,0.008189058658500191,0.36402996644029845,1
Unsure,60,64,7.966666666666667,7.991499999999999,957,0.1595,0.007260288334141048,0.296298234083385,1
Unsure,60,65,9.366666666666667,6.956166666666668,971,0.16183333333333333,0.009328172418315234,0.4141391424319113,1
Unsure,60,66,3.2666666666666666,5.326666666666666,1270,0.21166666666666667,0.009055995175650979,0.15790454340208682,1
Unsure,60,67,6.966666666666667,5.932166666666668,1145,0.19083333333333333,0.009659325165140436,0.29603088773676445,1
Unsure,60,68,5.116666666666666,6.5925,1086,0.181,0.009817115709201255,0.27277413739486356,1
Unsure,60,69,6.483333333333333,7.812,964,0.16066666666666668,0.008724650549094192,0.3291290279069269,1
Unsure,60,70,7.266666666666667,5.808333333333334,1128,0.188,0.006539028916777433,0.35887830596916764,1
Unsure,60,71,6.516666666666667,5.640666666666666,1189,0.19816666666666666,0.008105604546543674,0.3376801766361853,1
Unsure,60,72,5.2,5.658833333333335,1191,0.1985,0.0070396847603637815,0.2840518586895694,1
Unsure,60,73,8.883333333333333,5.795333333333333,1177,0.19616666666666666,0.01005557095163629,0.40013258875088703,1
Unsure,60,74,5.9,5.406499999999999,1162,0.19366666666666665,0.008868496978295178,0.3079071743897259,1
Unsure,60,75,6.816666666666666,6.277333333333332,1100,0.18333333333333332,0.009193286209213381,0.32174516848032886,1
Unsure,60,76,6.95,5.7955,1174,0.19566666666666666,0.006408242160292332,0.3159784764804011,1
Unsure,60,77,7.516666666666667,7.028666666666667,993,0.1655,0.007820708863542952,0.3701303626717697,1
Unsure,60,78,6.866666666666666,6.088000000000001,1104,0.184,0.009150795826235372,0.3376106227235376,1
Unsure,60,79,14.616666666666667,8.116666666666667,931,0.15516666666666667,0.008213471448713958,0.4813489678861557,1
Unsure,60,80,7.55,6.758666666666666,1085,0.18083333333333335,0.007281751936648948,0.3462943469495047,1
Unsure,60,81,6.1,5.377166666666667,1216,0.20266666666666666,0.010214550794745087,0.31747963667220414,1
Unsure,60,82,8.333333333333334,5.951833333333334,1180,0.19666666666666666,0.012109065265988608,0.35837152637151287,1
Unsure,60,83,5.066666666666666,5.366500000000001,1190,0.19833333333333333,0.009397743518780257,0.2546887961392325,1
Unsure,60,84,9.033333333333333,5.8614999999999995,1169,0.19483333333333333,0.008232771915853011,0.44439155437351846,1
Unsure,60,85,5.466666666666667,6.724666666666666,1066,0.17766666666666667,0.011721971628253924,0.2749143519418263,1
Unsure,60,86,5.033333333333333,5.383333333333333,1189,0.19816666666666666,0.006760969324386568,0.24530970033665553,1
Unsure,60,87,5.133333333333334,5.2236666666666665,1238,0.20633333333333334,0.008621404947386642,0.24476580601940115,1
Unsure,60,88,9.05,6.738999999999999,1039,0.17316666666666666,0.0092600694629371,0.3732796907857352,1
Unsure,60,89,5.116666666666666,5.351666666666667,1222,0.20366666666666666,0.008106142882313885,0.24908953221580535,1
Unsure,60,90,6.033333333333333,5.999833333333333,1111,0.18516666666666667,0.008240130005432606,0.3178200948914721,1
Unsure,60,91,5.716666666666667,5.97,1094,0.18233333333333332,0.010142218718668612,0.29457804276134475,1
Unsure,60,92,11.033333333333333,7.508666666666666,1006,0.16766666666666666,0.009169073217389868,0.5248273358032512,1
Unsure,60,93,6.666666666666667,5.302333333333333,1259,0.20983333333333334,0.01138263018654806,0.3057181899642318,1
Unsure,60,94,4.133333333333334,6.177833333333333,1183,0.19716666666666666,0.008011194120999338,0.19826948245419215,1
Unsure,60,95,8.433333333333334,6.070166666666665,1129,0.18816666666666668,0.007805531573873235,0.41514491532733044,1
Unsure,60,96,10.183333333333334,5.617333333333334,1246,0.20766666666666667,0.008188302683312484,0.4035924712596387,1
Unsure,60,97,5.1,7.209666666666668,972,0.162,0.009778121018598126,0.2668760882955471,1
Unsure,60,98,8.733333333333333,5.6305,1167,0.1945,0.0076854363766999225,0.40307181816693893,1
Unsure,60,99,6.7,5.23,1284,0.214,0.009672118825981483,0.30375295168533945,1
Unsure,60,100,6.683333333333334,7.252000000000001,1074,0.179,0.009255398680509168,0.3145494318255248,1
Switch,60,1,3.0166666666666666,2.9313333333333333,2216,0.36933333333333335,0.6205931585687455,0.06183984344975056,1
Switch,60,2,3.1333333333333333,3.2868333333333326,2010,0.335,0.6457767094121771,0.06597299206063689,1
Switch,60,3,3.1,2.7995,2272,0.37866666666666665,0.6144726862870129,0.047486339673124565,1
Switch,60,4,3.1166666666666667,3.000166666666667,2143,0.3571666666666667,0.6083074156451767,0.07008766968325791,1
Switch,60,5,2.216666666666667,3.247,1975,0.32916666666666666,0.6519833777353088,0.04913543836337954,1
Switch,60,6,4.483333333333333,3.1435000000000004,2006,0.3343333333333333,0.6413490308453795,0.07056040878704876,1
Switch,60,7,3.8666666666666667,3.0501666666666667,2079,0.3465,0.6234301364566472,0.0550473358035879,1
Switch,60,8,3.3,3.5375,1902,0.317,0.6282330312165305,0.04703777782158115,1
Switch,60,9,2.716666666666667,3.010666666666666,2161,0.3601666666666667,0.6283448065206112,0.04546435383670285,1
Switch,60,10,2.75,3.0869999999999997,2068,0.3446666666666667,0.6453065470371803,0.05361541816456676,1
Switch,60,11,2.966666666666667,2.9891666666666663,2144,0.35733333333333334,0.6289729761477802,0.06890134303833993,1
Switch,60,12,3.0833333333333335,2.9810000000000003,2091,0.3485,0.6279871726401745,0.041947182719241534,1
Switch,60,13,3.05,3.0035,2113,0.3521666666666667,0.6449007311418733,0.05723424795019221,1
Switch,60,14,2.9,3.1013333333333333,2058,0.343,0.6348319297273148,0.05208888233656035,1
Switch,60,15,2.5,3.0260000000000002,2139,0.3565,0.6233117641658503,0.06418137317905119,1
Switch,60,16,3.1333333333333333,3.185,2062,0.3436666666666667,0.6420517313768717,0.04810644714206207,1
Switch,60,17,2.3666666666666667,3.0875,2077,0.3461666666666667,0.6308708093204816,0.051008999528736367,1
Switch,60,18,3.3833333333333333,2.8401666666666667,2233,0.37216666666666665,0.5867378999549914,0.09575406803179719,1
Switch,60,19,2.5,2.769166666666667,2289,0.3815,0.577702005551992,0.06094825345792838,1
Switch,60,20,3.6333333333333333,3.1061666666666663,2053,0.3421666666666667,0.6337381436986544,0.06551462794084613,1
Switch,60,21,2.9833333333333334,3.2675000000000005,1967,0.3278333333333333,0.6393234130104851,0.058089534734271565,1
Switch,60,22,2.816666666666667,3.0461666666666662,2108,0.35133333333333333,0.6575805340258024,0.06841283544456919,1
Switch,60,23,3.3666666666666667,3.088333333333334,2039,0.3398333333333333,0.6139979533218262,0.0732190042213262,1
Switch,60,24,2.966666666666667,3.0,2062,0.3436666666666667,0.645561522718711,0.05256095762881669,1
Switch,60,25,3.7333333333333334,3.1203333333333334,2055,0.3425,0.6550610668032542,0.08704848208858953,1
Switch,60,26,2.85,2.952833333333333,2108,0.35133333333333333,0.647011031596125,0.03391864055563745,1
Switch,60,27,2.6166666666666667,2.9415000000000004,2157,0.3595,0.6043813758999201,0.05761376948458698,1
Switch,60,28,3.3333333333333335,3.0538333333333334,2057,0.3428333333333333,0.6498789388991163,0.0665334315237566,1
Switch,60,29,2.433333333333333,2.9435000000000002,2105,0.35083333333333333,0.6499204004467417,0.05971586284086284,1
Switch,60,30,2.35,2.973666666666667,2131,0.3551666666666667,0.6178991996378406,0.033333818482559896,1
Switch,60,31,2.6166666666666667,3.1065000000000005,2102,0.35033333333333333,0.6204589963068283,0.05993425384098758,1
Switch,60,32,2.7,3.211333333333333,2003,0.3338333333333333,0.6636614640117172,0.05978904182245815,1
Switch,60,33,2.8833333333333333,3.037166666666667,2069,0.3448333333333333,0.6105620902304932,0.07023459147491654,1
Switch,60,34,3.1166666666666667,3.0111666666666665,2083,0.3471666666666667,0.596492425268351,0.06520585113400432,1
Switch,60,35,3.5,3.18,2013,0.3355,0.6327586038215806,0.07312119460919769,1
Switch,60,36,2.8833333333333333,2.8866666666666663,2185,0.3641666666666667,0.6140535666265405,0.07202320703119934,1
Switch,60,37,2.9833333333333334,2.9911666666666665,2077,0.3461666666666667,0.6480840513093353,0.060704448583453155,1
Switch,60,38,2.3333333333333335,3.126833333333333,2042,0.3403333333333333,0.6393382090800617,0.04447505925447102,1
Switch,60,39,3.15,3.134499999999999,2055,0.3425,0.6298706581175435,0.0647024722316316,1
Switch,60,40,2.966666666666667,3.2473333333333336,1957,0.32616666666666666,0.6640838149666525,0.06312469661218931,1
Switch,60,41,3.3333333333333335,2.9900000000000007,2133,0.3555,0.6234685718178395,0.05140697632634636,1
Switch,60,42,3.5166666666666666,2.860333333333333,2226,0.371,0.6040480560268665,0.06710892633711989,1
Switch,60,43,2.5833333333333335,3.083833333333333,2080,0.3466666666666667,0.6618009167030405,0.04926084300116807,1
Switch,60,44,2.6333333333333333,3.007833333333333,2058,0.343,0.6479430172854387,0.04565690401216716,1
Switch,60,45,2.95,3.208333333333333,2020,0.33666666666666667,0.6633303160090839,0.06723034177238982,1
Switch,60,46,3.1333333333333333,2.823166666666667,2176,0.3626666666666667,0.6101553623747555,0.07766924932366107,1
Switch,60,47,3.8333333333333335,3.1023333333333327,2031,0.3385,0.6661661297828487,0.047119358754420665,1
Switch,60,48,3.033333333333333,2.966833333333334,2103,0.3505,0.6304725729142038,0.06936382405203916,1
Switch,60,49,3.066666666666667,2.877166666666666,2180,0.36333333333333334,0.6187378283537192,0.06399305203653029,1
Switch,60,50,3.15,3.003833333333333,2106,0.351,0.5953333507759069,0.05896518490196979,1
Switch,60,51,3.8,3.0403333333333338,2091,0.3485,0.6499509816007528,0.04736738722806834,1
Switch,60,52,2.3833333333333333,3.0476666666666663,2084,0.3473333333333333,0.6325503675929994,0.05089547807427063,1
Switch,60,53,3.5,3.3638333333333335,1907,0.31783333333333336,0.6659299945378401,0.06558999995532504,1
Switch,60,54,3.4833333333333334,3.1260000000000003,2070,0.345,0.6508913338018419,0.060094263751384484,1
Switch,60,55,2.6166666666666667,2.9745000000000004,2060,0.3433333333333333,0.6047423252201822,0.06353382119829488,1
Switch,60,56,2.466666666666667,3.121166666666667,2025,0.3375,0.645148666608041,0.05029812831630595,1
Switch,60,57,3.6333333333333333,3.046333333333333,2118,0.353,0.6026130982388606,0.05180987749755417,1
Switch,60,58,3.5,3.3364999999999996,1963,0.32716666666666666,0.6413932210369748,0.08012625990567165,1
Switch,60,59,3.55,2.8865000000000003,2148,0.358,0.5870084736896719,0.057517957450485366,1
Switch,60,60,3.05,2.9023333333333334,2132,0.35533333333333333,0.6387065213435228,0.04974272660031173,1
Switch,60,61,2.6,3.070500000000001,2077,0.3461666666666667,0.6247452640225584,0.052320009425272575,1
Switch,60,62,2.716666666666667,3.223166666666667,2005,0.33416666666666667,0.6485081833711996,0.071294710191769,1
Switch,60,63,3.466666666666667,2.967166666666667,2100,0.35,0.6397925877629409,0.05367074202600518,1
Switch,60,64,3.283333333333333,2.980666666666667,2095,0.3491666666666667,0.6305995701757332,0.056411973221436124,1
Switch,60,65,2.6333333333333333,2.926833333333333,2176,0.3626666666666667,0.6025618002644337,0.07344036782504275,1
Switch,60,66,2.75,2.896333333333333,2134,0.3556666666666667,0.6170589495470101,0.04861688456309199,1
Switch,60,67,3.6,3.0035000000000003,2078,0.3463333333333333,0.6822331494823588,0.060510681988875555,1
Switch,60,68,3.6,3.1395000000000004,2013,0.3355,0.6376367556871617,0.07103732892407345,1
Switch,60,69,3.183333333333333,3.0776666666666666,2068,0.3446666666666667,0.6353095471826022,0.04221967161010255,1
Switch,60,70,3.3666666666666667,3.132666666666667,2047,0.3411666666666667,0.6168611151999097,0.0655312725630063,1
Switch,60,71,3.0166666666666666,3.1366666666666663,1990,0.33166666666666667,0.6804566785391185,0.05032236671336819,1
Switch,60,72,2.7666666666666666,3.1289999999999996,2061,0.3435,0.6349988062206233,0.05693642177968803,1
Switch,60,73,4.25,3.122833333333333,2045,0.3408333333333333,0.6374522781195305,0.06855773596020713,1
Switch,60,74,2.9833333333333334,3.0425,2116,0.3526666666666667,0.6218862535485694,0.04279919170961188,1
Switch,60,75,2.816666666666667,2.989833333333333,2146,0.3576666666666667,0.6300021164052836,0.061660397064808824,1
Switch,60,76,3.4,3.0296666666666665,2118,0.353,0.6292067916480818,0.0543213954354193,1
Switch,60,77,3.2,2.8591666666666664,2166,0.361,0.6196540720207646,0.0788008774134935,1
Switch,60,78,2.9166666666666665,2.881333333333334,2199,0.3665,0.6180004797268509,0.05880867935241,1
Switch,60,79,3.4,2.8398333333333334,2210,0.36833333333333335,0.5997889895833264,0.0408442013782571,1
Switch,60,80,2.966666666666667,3.1378333333333326,2057,0.3428333333333333,0.6224927088912603,0.06998628679047846,1
Switch,60,81,3.533333333333333,3.229833333333334,1988,0.3313333333333333,0.6500803244787174,0.06366748435802144,1
Switch,60,82,3.25,3.0371666666666663,2048,0.3413333333333333,0.6551041322140886,0.06030983392451961,1
Switch,60,83,2.8333333333333335,2.8964999999999996,2185,0.3641666666666667,0.621012372751856,0.07290398415566675,1
Switch,60,84,3.65,3.066,2102,0.35033333333333333,0.6389511575395234,0.05515448570218285,1
Switch,60,85,2.3666666666666667,2.958333333333333,2141,0.35683333333333334,0.6238030729044828,0.051726028601028595,1
Switch,60,86,2.3833333333333333,3.0861666666666667,2097,0.3495,0.6368669316002014,0.041923810122339526,1
Switch,60,87,2.6333333333333333,3.2558333333333334,2004,0.334,0.6648438226163225,0.05524673127471283,1
Switch,60,88,3.2,3.0543333333333327,2086,0.3476666666666667,0.6094729723412895,0.07093680420886302,1
Switch,60,89,2.95,3.0265,2089,0.3481666666666667,0.593593923581108,0.07041343620459248,1
Switch,60,90,3.3666666666666667,3.0523333333333333,2069,0.3448333333333333,0.6351634864726321,0.07242572242572241,1
Switch,60,91,3.7,3.0885000000000002,2024,0.3373333333333333,0.658924458957913,0.04545091276606846,1
Switch,60,92,2.9833333333333334,3.4034999999999997,1988,0.3313333333333333,0.6113766136686807,0.07143232720438603,1
Switch,60,93,3.066666666666667,3.1526666666666667,2018,0.3363333333333333,0.6822047326835949,0.05619885797323877,1
Switch,60,94,3.716666666666667,2.759333333333333,2238,0.373,0.6118766156495071,0.0873218550386911,1
Switch,60,95,4.533333333333333,3.0203333333333338,2081,0.3468333333333333,0.6110101990821363,0.07911846439429311,1
Switch,60,96,3.25,3.135166666666667,2101,0.3501666666666667,0.613286537129586,0.04862952738210175,1
Switch,60,97,2.8333333333333335,3.024833333333333,2109,0.3515,0.6181471848011071,0.05572860081954509,1
Switch,60,98,3.466666666666667,3.151,2026,0.33766666666666667,0.6350439619081611,0.05935758673452732,1
Switch,60,99,3.75,3.2848333333333333,1998,0.333,0.6591645198110885,0.05989513803962248,1
Switch,60,100,3.216666666666667,3.187833333333333,1996,0.33266666666666667,0.6932789996369891,0.07533497280336245,1
Per-entity habitus,80,1,42.375,25.215249999999997,615,0.076875,0.07792743161752505,0.7399062549507247,1
Per-entity habitus,80,2,55.825,36.380375,241,0.030125,0.054460936318445036,0.8246478372519533,1
Per-entity habitus,80,3,62.0125,34.885374999999996,233,0.029125,0.04191368987797346,0.8988306906670862,1
Per-entity habitus,80,4,20.55,10.232249999999999,1233,0.154125,0.14746027162029235,0.7170579221648877,1
Per-entity habitus,80,5,62.725,33.667,245,0.030625,0.04815175912634672,0.9580068887922367,1
Per-entity habitus,80,6,34.1,15.30875,832,0.104,0.11331918842633566,0.834380743231973,1
Per-entity habitus,80,7,55.5625,28.623,439,0.054875,0.06414222542088951,0.9010215774116055,1
Per-entity habitus,80,8,57.7,29.036749999999998,430,0.05375,0.0646565168943031,0.8836655500780843,1
Per-entity habitus,80,9,53.975,31.5095,242,0.03025,0.04874715509419457,0.9072606360332891,1
Per-entity habitus,80,10,34.35,13.189749999999998,963,0.120375,0.1402624982728239,0.8398739016654801,1
Per-entity habitus,80,11,62.15,32.52275,307,0.038375,0.05555615103546959,0.8890872088370498,1
Per-entity habitus,80,12,41.1875,20.440875000000002,762,0.09525,0.1034446399704028,0.8377792712469446,1
Per-entity habitus,80,13,47.175,22.138750000000005,655,0.081875,0.09465504466918218,0.8964746962232706,1
Per-entity habitus,80,14,55.825,33.32749999999999,246,0.03075,0.05709137912885052,0.8825930483026063,1
Per-entity habitus,80,15,10.3125,9.72625,1338,0.16725,0.1661227917792352,0.3489753385887693,1
Per-entity habitus,80,16,59.9375,34.355,274,0.03425,0.0549433462083024,0.929977848869085,1
Per-entity habitus,80,17,35.475,12.457624999999998,1091,0.136375,0.1417650204067645,0.9673352418714808,1
Per-entity habitus,80,18,57.875,34.056124999999994,249,0.031125,0.040284983291651484,0.9086087021543203,1
Per-entity habitus,80,19,47.8125,28.2995,319,0.039875,0.05046770336534018,0.8953184589925268,1
Per-entity habitus,80,20,52.675,20.316374999999997,761,0.095125,0.10501212140044869,0.9475745355825312,1
Per-entity habitus,80,21,54.95,35.593625,256,0.032,0.050081614349678574,0.8170125403903643,1
Per-entity habitus,80,22,13.4375,8.378124999999999,1416,0.177,0.160614701605384,0.5618203688195569,1
Per-entity habitus,80,23,34.725,16.988749999999996,810,0.10125,0.10456890091383024,0.8194069807124793,1
Per-entity habitus,80,24,49.775,32.15375,236,0.0295,0.0486632833145991,0.7863071649830423,1
Per-entity habitus,80,25,37.875,22.813875,461,0.057625,0.08434489141455825,0.7743626031028986,1
Per-entity habitus,80,26,49.1625,27.974374999999995,495,0.061875,0.08287019631464253,0.7694356192800633,1
Per-entity habitus,80,27,56.4625,34.59875,294,0.03675,0.053432118161237045,0.8443319277821943,1
Per-entity habitus,80,28,9.55,8.667874999999999,1447,0.180875,0.17512130205229176,0.3552080304581326,1
Per-entity habitus,80,29,19.1125,9.816749999999999,1218,0.15225,0.15252897691027437,0.7257545242894542,1
Per-entity habitus,80,30,37.075,15.806374999999997,871,0.108875,0.12054528373462398,0.8147806463822478,1
Per-entity habitus,80,31,28.675,11.736749999999997,1091,0.136375,0.14112654986617063,0.8490885997638026,1
Per-entity habitus,80,32,59.95,34.059625,238,0.02975,0.05478246227681687,0.9325345641217782,1
Per-entity habitus,80,33,20.0375,10.050500000000001,1270,0.15875,0.15018489061132392,0.6971599767500172,1
Per-entity habitus,80,34,50.3125,20.578000000000003,709,0.088625,0.10663974223418006,0.9330870464818821,1
Per-entity habitus,80,35,60.15,34.17100000000001,269,0.033625,0.048326002806251635,0.9216014735998559,1
Per-entity habitus,80,36,36.775,20.062500000000004,664,0.083,0.0869317776649508,0.7782876476057556,1
Per-entity habitus,80,37,69.975,35.42125,280,0.035,0.04711245879945802,0.9308330150128888,1
Per-entity habitus,80,38,37.5875,14.220125000000003,971,0.121375,0.12557186739300907,0.8780898641023469,1
Per-entity habitus,80,39,57.575,28.772999999999996,439,0.054875,0.07113781918548645,0.8835290403414542,1
Per-entity habitus,80,40,11.3875,9.233625,1377,0.172125,0.17785967381880924,0.3888808178505922,1
Per-entity habitus,80,41,54.05,29.664875000000002,359,0.044875,0.05777833536761613,0.8929876674620869,1
Per-entity habitus,80,42,32.4125,13.171999999999999,942,0.11775,0.12879066117036447,0.8632178645756822,1
Per-entity habitus,80,43,52.1,29.61975,393,0.049125,0.061963263185441105,0.8326420357652973,1
Per-entity habitus,80,44,59.0,32.860375000000005,232,0.029,0.04933721651747968,0.9050515866821403,1
Per-entity habitus,80,45,33.8875,13.307875000000001,938,0.11725,0.13247643029929873,0.896946322544314,1
Per-entity habitus,80,46,17.3875,8.605875000000001,1381,0.172625,0.17144252562190293,0.6086570596508263,1
Per-entity habitus,80,47,42.3375,21.943624999999997,522,0.06525,0.08046271192919996,0.8703803960246093,1
Per-entity habitus,80,48,57.325,33.303,225,0.028125,0.045703541400811426,0.9198138105528958,1
Per-entity habitus,80,49,56.1375,32.47375,246,0.03075,0.04288417366038158,0.8894601743944701,1
Per-entity habitus,80,50,29.9875,12.684499999999998,981,0.122625,0.13024930518476474,0.9082942986072222,1
Per-entity habitus,80,51,59.2,29.598,436,0.0545,0.07697502177927124,0.9291993099931052,1
Per-entity habitus,80,52,33.9625,13.397875,967,0.120875,0.12557151374270561,0.8572195864628608,1
Per-entity habitus,80,53,60.3375,34.652,245,0.030625,0.050112757626534714,0.8960825460186991,1
Per-entity habitus,80,54,14.6125,9.4425,1345,0.168125,0.16903011499064335,0.5324865395582601,1
Per-entity habitus,80,55,56.0625,36.444750000000006,239,0.029875,0.04349570533559438,0.8351844189179856,1
Per-entity habitus,80,56,51.3,32.6555,252,0.0315,0.050599960547614134,0.8684931353765583,1
Per-entity habitus,80,57,26.2,10.5615,1134,0.14175,0.14530200953222505,0.8827827087644007,1
Per-entity habitus,80,58,47.8625,25.298875000000006,410,0.05125,0.08585145537037259,0.8935424040963854,1
Per-entity habitus,80,59,40.8625,14.933,933,0.116625,0.11701300979907861,0.9623094036181487,1
Per-entity habitus,80,60,11.35,8.9085,1260,0.1575,0.1667281397677558,0.4224375266495281,1
Per-entity habitus,80,61,50.0625,34.110625,255,0.031875,0.04792033983296716,0.8069627307567971,1
Per-entity habitus,80,62,30.125,12.336875,949,0.118625,0.13656988682292737,0.8739582609522978,1
Per-entity habitus,80,63,56.825,35.12575,265,0.033125,0.04488959890836961,0.8613509955184788,1
Per-entity habitus,80,64,49.4625,33.905125,277,0.034625,0.058006918253348985,0.8203895933184852,1
Per-entity habitus,80,65,39.625,21.380375,654,0.08175,0.08711919892285108,0.7802581078591991,1
Per-entity habitus,80,66,54.775,28.347124999999995,403,0.050375,0.06605640356764132,0.8925740639565893,1
Per-entity habitus,80,67,70.05,38.11175,248,0.031,0.05288878542061903,0.9278435628152796,1
Per-entity habitus,80,68,37.225,19.215999999999998,657,0.082125,0.08898567384887306,0.8882082113752652,1
Per-entity habitus,80,69,46.85,22.673875,641,0.080125,0.09464598790096197,0.869600225195132,1
Per-entity habitus,80,70,52.125,23.921375,501,0.062625,0.0771215582448839,0.9164036756228444,1
Per-entity habitus,80,71,53.7625,25.481749999999998,565,0.070625,0.0875360241039335,0.8571005258469198,1
Per-entity habitus,80,72,55.425,31.487624999999998,350,0.04375,0.06468884403108052,0.8954860625873803,1
Per-entity habitus,80,73,39.6125,28.899375000000006,319,0.039875,0.04973012264682646,0.7764030940416714,1
Per-entity habitus,80,74,37.6125,14.425874999999998,898,0.11225,0.12146281413895149,0.9288127838938414,1
Per-entity habitus,80,75,25.0625,9.814875,1299,0.162375,0.15126781191247698,0.8919571434692701,1
Per-entity habitus,80,76,32.5875,15.108125,874,0.10925,0.12007340261284595,0.8498225458297382,1
Per-entity habitus,80,77,50.7875,28.034249999999997,456,0.057,0.0777115704440067,0.8703938913858321,1
Per-entity habitus,80,78,54.6125,31.347125000000002,279,0.034875,0.05090594587093323,0.905536475556624,1
Per-entity habitus,80,79,58.025,32.742375,264,0.033,0.06290923322853455,0.9291548793204667,1
Per-entity habitus,80,80,58.5375,33.05025,262,0.03275,0.04168596234481237,0.8953690075176057,1
Per-entity habitus,80,81,46.8125,23.33025,636,0.0795,0.09382039794485982,0.8609309522622931,1
Per-entity habitus,80,82,45.1125,24.142625,501,0.062625,0.07197174743743695,0.8184944138066976,1
Per-entity habitus,80,83,66.9625,35.302,276,0.0345,0.05709120497868389,0.911572444325313,1
Per-entity habitus,80,84,60.7625,33.988,305,0.038125,0.06709431996879381,0.9169283590575057,1
Per-entity habitus,80,85,51.4875,33.604625,220,0.0275,0.0433770688085135,0.8046654624498066,1
Per-entity habitus,80,86,54.6625,32.534749999999995,289,0.036125,0.05096529047336291,0.8893353022073571,1
Per-entity habitus,80,87,58.4875,32.60900000000001,335,0.041875,0.05973499935323091,0.8815021524406659,1
Per-entity habitus,80,88,31.05,12.586999999999998,919,0.114875,0.12436309236964549,0.9165693249097716,1
Per-entity habitus,80,89,42.0125,22.978624999999997,656,0.082,0.08594034981175945,0.7733618440181795,1
Per-entity habitus,80,90,47.85,21.142625,746,0.09325,0.09696425420143014,0.891788629483641,1
Per-entity habitus,80,91,45.4125,25.294124999999998,461,0.057625,0.07725754028567104,0.8193860475385633,1
Per-entity habitus,80,92,54.2125,29.116374999999998,368,0.046,0.06589351714350207,0.9383642400941008,1
Per-entity habitus,80,93,52.3,29.994375000000005,288,0.036,0.05605325644097683,0.9316824211236423,1
Per-entity habitus,80,94,63.9625,34.944250000000004,207,0.025875,0.051575226549669145,0.9653279797405732,1
Per-entity habitus,80,95,47.5125,22.404374999999995,603,0.075375,0.096322007586466,0.8469774107411163,1
Per-entity habitus,80,96,40.0875,17.197125,757,0.094625,0.12150239067265632,0.868547647876262,1
Per-entity habitus,80,97,14.2125,8.662624999999998,1357,0.169625,0.15755759958866963,0.5708642627777918,1
Per-entity habitus,80,98,63.9625,27.85475,446,0.05575,0.06668789288592654,0.9650776058516366,1
Per-entity habitus,80,99,60.0875,32.844750000000005,210,0.02625,0.03641930174875049,0.956150342108487,1
Per-entity habitus,80,100,63.675,35.452375,276,0.0345,0.05784094722880154,0.9113775156982695,1
Mean habitus,80,1,49.1625,28.824875000000002,391,0.048875,0.08509812747447132,0.8524062359786301,1
Mean habitus,80,2,59.575,31.593375,303,0.037875,0.05473686370750885,0.8922715964825475,1
Mean habitus,80,3,53.8,33.028625000000005,272,0.034,0.04847693999629387,0.8536340782991827,1
Mean habitus,80,4,40.775,23.878874999999997,504,0.063,0.09087720426370671,0.8296373982423189,1
Mean habitus,80,5,43.95,25.652624999999997,409,0.051125,0.05919056063804249,0.8976198241461149,1
Mean habitus,80,6,60.7,32.50487499999999,311,0.038875,0.04817851157814529,0.9142120133894428,1
Mean habitus,80,7,47.85,33.616625000000006,255,0.031875,0.05916700764715888,0.7939108194798223,1
Mean habitus,80,8,32.825,21.901749999999996,627,0.078375,0.10990595306432813,0.6618507545095047,1
Mean habitus,80,9,55.9875,33.695125000000004,268,0.0335,0.05087646669308133,0.9240422544037628,1
Mean habitus,80,10,46.6375,25.039375,367,0.045875,0.06957512697549735,0.8938376366360362,1
Mean habitus,80,11,38.575,22.225624999999994,570,0.07125,0.09921315742595034,0.8216635019454215,1
Mean habitus,80,12,37.0,22.256375,620,0.0775,0.10469989189214435,0.7355875914835639,1
Mean habitus,80,13,40.2125,25.214875000000003,494,0.06175,0.0806737702977237,0.8104328078590555,1
Mean habitus,80,14,59.3375,34.392875000000004,225,0.028125,0.05311418289308418,0.897158458505251,1
Mean habitus,80,15,52.1625,24.649999999999995,409,0.051125,0.08737211906633105,0.9581515966456822,1
Mean habitus,80,16,52.1,32.89375,349,0.043625,0.07070703871131828,0.8261190961568442,1
Mean habitus,80,17,37.7,28.746499999999997,327,0.040875,0.06883246800634905,0.7212184721833833,1
Mean habitus,80,18,61.6125,30.825750000000006,334,0.04175,0.07809622034580618,0.9290994230121965,1
Mean habitus,80,19,48.4,26.322125,491,0.061375,0.09392907107737679,0.8194516015010518,1
Mean habitus,80,20,51.025,29.104375000000005,318,0.03975,0.061875721370502304,0.9233440667889654,1
Mean habitus,80,21,44.6,33.432625,282,0.03525,0.06629660727429464,0.7762054185656183,1
Mean habitus,80,22,49.0875,28.006250000000005,422,0.05275,0.06635257181363644,0.8709866915786394,1
Mean habitus,80,23,43.0,31.7775,253,0.031625,0.057071855079293875,0.7976447016717134,1
Mean habitus,80,24,51.5875,30.338874999999998,249,0.031125,0.03819975473602005,0.8553994183040153,1
Mean habitus,80,25,45.8125,27.99375,363,0.045375,0.0666821165381753,0.8610529658852638,1
Mean habitus,80,26,54.975,29.850375,409,0.051125,0.06300234669660018,0.861829589959909,1
Mean habitus,80,27,49.0875,25.985625,479,0.059875,0.07604571208393504,0.8779236403984179,1
Mean habitus,80,28,52.125,26.935625,432,0.054,0.07219051456106612,0.8781702516739773,1
Mean habitus,80,29,36.8375,13.6765,916,0.1145,0.18401641832766294,0.8357888774697553,1
Mean habitus,80,30,44.825,22.62174999999999,521,0.065125,0.12539700761838277,0.9413744097346368,1
Mean habitus,80,31,54.0625,30.825875000000007,326,0.04075,0.060746043445862534,0.8638474978203646,1
Mean habitus,80,32,48.975,29.398249999999997,378,0.04725,0.08103920458223614,0.8235479963127059,1
Mean habitus,80,33,40.875,23.230500000000003,480,0.06,0.08579668915805076,0.8344008853340673,1
Mean habitus,80,34,56.975,32.333375,255,0.031875,0.05191952705938275,0.935048460290267,1
Mean habitus,80,35,45.05,28.076375,311,0.038875,0.0497856072448625,0.7966736043359369,1
Mean habitus,80,36,49.15,27.135625,441,0.055125,0.08642204709601004,0.7831441018531142,1
Mean habitus,80,37,55.225,26.825625,625,0.078125,0.1159280743381494,0.8756901858846872,1
Mean habitus,80,38,37.1375,19.48375,570,0.07125,0.11284086981392356,0.8272790769441072,1
Mean habitus,80,39,48.1375,27.912999999999997,406,0.05075,0.0767406536068827,0.8920506577831212,1
Mean habitus,80,40,48.4,31.285,286,0.03575,0.05611335566458134,0.7830307203081222,1
Mean habitus,80,41,52.3375,28.17825,387,0.048375,0.0787065367147895,0.879172580928443,1
Mean habitus,80,42,47.775,26.755499999999998,473,0.059125,0.08202025680234723,0.8711735731537249,1
Mean habitus,80,43,41.35,23.720125000000003,592,0.074,0.10186454251005296,0.8458763102904644,1
Mean habitus,80,44,56.8,28.317375000000006,337,0.042125,0.06906494453309411,0.9153814074111795,1
Mean habitus,80,45,44.6,20.927374999999998,497,0.062125,0.09179493301369869,0.863509665422451,1
Mean habitus,80,46,66.1875,38.058125,237,0.029625,0.050233185725587506,0.8865605868158439,1
Mean habitus,80,47,44.95,24.823124999999994,546,0.06825,0.10420048357856163,0.9142382305851171,1
Mean habitus,80,48,65.05,33.7805,242,0.03025,0.061125432844013075,0.9918056309716992,1
Mean habitus,80,49,53.375,31.734250000000003,305,0.038125,0.06208815841579,0.8771698512543036,1
Mean habitus,80,50,58.9625,29.25925,422,0.05275,0.07910052205367833,0.9348730121842882,1
Mean habitus,80,51,51.9875,32.369375,330,0.04125,0.06586322581463222,0.8367257880879986,1
Mean habitus,80,52,47.7,28.259749999999993,359,0.044875,0.07717586129965798,0.8576936592567137,1
Mean habitus,80,53,54.4875,31.490875000000006,274,0.03425,0.05785081257350315,0.9121626483433591,1
Mean habitus,80,54,36.0875,22.761750000000003,530,0.06625,0.09670749672199364,0.7811915870384485,1
Mean habitus,80,55,71.9125,38.691875,156,0.0195,0.05194224080925237,0.9466609978128652,1
Mean habitus,80,56,35.6125,25.42887500000001,345,0.043125,0.05994006296452117,0.7436885311536577,1
Mean habitus,80,57,41.5125,26.904875,457,0.057125,0.0799978186120433,0.7573291785204569,1
Mean habitus,80,58,44.325,23.790374999999997,468,0.0585,0.09806464527541918,0.8574312098647153,1
Mean habitus,80,59,42.3125,18.807125,761,0.095125,0.13567684043367967,0.8911032174149289,1
Mean habitus,80,60,48.325,28.195749999999993,364,0.0455,0.07197710217936669,0.8682642287397314,1
Mean habitus,80,61,53.475,31.044124999999994,315,0.039375,0.0617365339986672,0.8354170454797707,1
Mean habitus,80,62,54.6125,29.378874999999997,330,0.04125,0.08310487075813043,0.8748017187909332,1
Mean habitus,80,63,51.0875,23.039500000000004,655,0.081875,0.11238251957284745,0.9288645935375845,1
Mean habitus,80,64,45.3625,26.805125000000007,378,0.04725,0.068274485424363,0.8644840884731616,1
Mean habitus,80,65,43.1,21.635625,510,0.06375,0.09781807547207068,0.8630694701839996,1
Mean habitus,80,66,52.8,31.754875000000002,307,0.038375,0.05571758012393119,0.9132742915635003,1
Mean habitus,80,67,41.5375,28.933625000000003,351,0.043875,0.06549328551846942,0.8211804428133653,1
Mean habitus,80,68,42.475,27.547124999999998,384,0.048,0.086894645409558,0.7809202833060394,1
Mean habitus,80,69,39.6125,19.64025,641,0.080125,0.11708060321833576,0.8951772525768125,1
Mean habitus,80,70,55.7875,29.888374999999996,417,0.052125,0.08097267562228261,0.9271242120468477,1
Mean habitus,80,71,45.175,27.654375,408,0.051,0.06845452500285443,0.8128742651233395,1
Mean habitus,80,72,46.25,25.6065,526,0.06575,0.10283808385451434,0.8780929153219734,1
Mean habitus,80,73,40.9375,26.362,399,0.049875,0.07195741861093698,0.8502916281687316,1
Mean habitus,80,74,50.0,25.202625,472,0.059,0.09410339444344697,0.9304863585614698,1
Mean habitus,80,75,49.4125,26.310249999999996,378,0.04725,0.06919693354699055,0.9284956545737941,1
Mean habitus,80,76,43.95,26.942124999999997,445,0.055625,0.06878198416931508,0.764498830110946,1
Mean habitus,80,77,50.0625,27.091000000000005,394,0.04925,0.08006454597326641,0.896974978553029,1
Mean habitus,80,78,41.5125,24.13625,518,0.06475,0.09759189959778965,0.827516765001233,1
Mean habitus,80,79,38.9125,27.901999999999994,373,0.046625,0.0745822279447225,0.7345074744907439,1
Mean habitus,80,80,43.775,25.311499999999995,462,0.05775,0.08546677083789406,0.8114870953265065,1
Mean habitus,80,81,47.6125,26.929500000000004,414,0.05175,0.08496703658610207,0.8843859915032144,1
Mean habitus,80,82,46.85,27.658875,326,0.04075,0.060139386927095265,0.8537967441022623,1
Mean habitus,80,83,45.05,26.780125,471,0.058875,0.09047132921468934,0.8187386422265138,1
Mean habitus,80,84,54.2375,30.282250000000005,315,0.039375,0.05523844233443837,0.9541664699894271,1
Mean habitus,80,85,59.1875,32.27975,258,0.03225,0.06169170729796383,0.880304773908653,1
Mean habitus,80,86,53.1,29.589499999999997,376,0.047,0.07008720634582359,0.9055760854491861,1
Mean habitus,80,87,41.3625,26.74625,437,0.054625,0.07592732144061826,0.8283600228281858,1
Mean habitus,80,88,44.125,31.6225,315,0.039375,0.057836346210584394,0.7440949972063463,1
Mean habitus,80,89,48.6625,27.818374999999996,349,0.043625,0.06064987693157436,0.884780711146387,1
Mean habitus,80,90,46.3875,25.695249999999998,488,0.061,0.103901309686668,0.858150813972309,1
Mean habitus,80,91,41.7375,25.964625000000005,453,0.056625,0.07891382160380295,0.8441237418732547,1
Mean habitus,80,92,40.225,23.5375,474,0.05925,0.08718407733239385,0.8333270059537254,1
Mean habitus,80,93,54.3,29.254875,351,0.043875,0.0654488574030429,0.8872002844194086,1
Mean habitus,80,94,40.2875,27.85075,373,0.046625,0.06426382533548286,0.7582158281833935,1
Mean habitus,80,95,42.475,23.674124999999993,562,0.07025,0.10192488931368145,0.774250139807806,1
Mean habitus,80,96,50.0875,29.708375000000004,353,0.044125,0.06585274616704008,0.8689256911432196,1
Mean habitus,80,97,27.5,11.499875000000001,912,0.114,0.17536033831306658,0.8396776662671896,1
Mean habitus,80,98,68.2875,34.193875,338,0.04225,0.05714827653675672,0.9413557482075176,1
Mean habitus,80,99,49.4875,29.556375000000003,348,0.0435,0.0649608326322611,0.8817203922192715,1
Mean habitus,80,100,44.1625,22.015749999999997,672,0.084,0.10686178499518473,0.9081769511430634,1
Random,80,1,2.525,2.6445,3157,0.394625,0.5004162189943084,0.06037062277677602,1
Random,80,2,3.65,2.6733749999999996,3016,0.377,0.4949588598008323,0.07948108976572177,1
Random,80,3,2.4625,2.526125,3282,0.41025,0.47336015895964983,0.06920362038202595,1
Random,80,4,2.8875,2.6572500000000003,3202,0.40025,0.4805705790921001,0.07522175536881419,1
Random,80,5,2.625,2.7565,3070,0.38375,0.4936329662594301,0.061400983132794275,1
Random,80,6,2.9625,2.6102499999999997,3100,0.3875,0.4668888812554614,0.06747048347184217,1
Random,80,7,3.0375,2.737,2999,0.374875,0.48725648312274494,0.07249995688221307,1
Random,80,8,2.5625,2.6374999999999993,3185,0.398125,0.47626153168692703,0.0702261640148637,1
Random,80,9,2.8,2.56125,3215,0.401875,0.48376247969721026,0.07773072209653091,1
Random,80,10,2.6625,2.6745000000000005,3141,0.392625,0.47573023331852854,0.06618967216713381,1
Random,80,11,2.4875,2.646625,3131,0.391375,0.47787225938418326,0.06055352250882856,1
Random,80,12,2.8125,2.6800000000000006,3163,0.395375,0.4998866150975087,0.07395924487449254,1
Random,80,13,2.6625,2.7663750000000005,3076,0.3845,0.47991934268328323,0.049537044464188086,1
Random,80,14,3.225,2.65925,3129,0.391125,0.5057882798749278,0.06463559976959746,1
Random,80,15,2.3375,2.5140000000000002,3295,0.411875,0.4611237335554844,0.06438611021331608,1
Random,80,16,3.5875,2.6847499999999993,3095,0.386875,0.48453867962628505,0.0835942648875527,1
Random,80,17,2.575,2.5968749999999994,3270,0.40875,0.471477940437499,0.06665008344768406,1
Random,80,18,3.1375,2.79375,3053,0.381625,0.49636662011435057,0.058978015805797965,1
Random,80,19,2.6,2.749000000000001,3100,0.3875,0.47828891895501735,0.05972529717015011,1
Random,80,20,3.0375,2.5662500000000006,3198,0.39975,0.48237771657495704,0.07396633847533615,1
Random,80,21,2.3875,2.5633749999999997,3219,0.402375,0.47641190859808374,0.05452435942325647,1
Random,80,22,2.6875,2.7255000000000003,3062,0.38275,0.4878548134373925,0.06392940095745402,1
Random,80,23,3.625,2.7195,2997,0.374625,0.5008281695739831,0.08132598271146249,1
Random,80,24,2.875,2.653,3123,0.390375,0.46466159100999826,0.07089782970297676,1
Random,80,25,2.8625,2.7041250000000003,3089,0.386125,0.4867350016349473,0.06762041995952178,1
Random,80,26,2.7625,2.6708750000000006,3109,0.388625,0.4902315840342869,0.06830264998869454,1
Random,80,27,2.6,2.7332500000000004,3113,0.389125,0.5005753285208596,0.06554080750046307,1
Random,80,28,2.175,2.7027500000000004,3107,0.388375,0.504318171926757,0.045020884956546714,1
Random,80,29,2.625,2.564625,3217,0.402125,0.4936660644006471,0.058283069806870105,1
Random,80,30,2.4,2.6563749999999997,3127,0.390875,0.4808059396967738,0.06125782381103588,1
Random,80,31,3.0,2.711625,3136,0.392,0.4822965127941774,0.07173843592767741,1
Random,80,32,3.1,2.5640000000000005,3253,0.406625,0.4961002985452144,0.05659630187774116,1
Random,80,33,2.1375,2.5403749999999996,3273,0.409125,0.49504193061037705,0.050871276395173436,1
Random,80,34,2.9125,2.7225000000000006,3116,0.3895,0.48655648663642603,0.06720929397399986,1
Random,80,35,2.6125,2.733,3069,0.383625,0.4876237091154328,0.06986994494153936,1
Random,80,36,2.6875,2.711875,3102,0.38775,0.50044541343518,0.055486156000861875,1
Random,80,37,3.175,2.62225,3143,0.392875,0.4886642181812168,0.08251987848108204,1
Random,80,38,2.725,2.62525,3154,0.39425,0.5026749551210276,0.048047093837535006,1
Random,80,39,2.3625,2.73925,3123,0.390375,0.4676478451875322,0.05108081230130379,1
Random,80,40,2.675,2.6222499999999997,3198,0.39975,0.48645583164324757,0.05461266486130616,1
Random,80,41,2.25,2.596,3200,0.4,0.49470676752159926,0.05063530219780219,1
Random,80,42,2.825,2.64375,3128,0.391,0.4892702486630666,0.0710384899650573,1
Random,80,43,2.4375,2.635624999999999,3201,0.400125,0.49689547111611676,0.04358391627582583,1
Random,80,44,2.45,2.566,3236,0.4045,0.48790433518983584,0.06563627677791764,1
Random,80,45,3.0,2.6195000000000004,3172,0.3965,0.4876108208994268,0.06945840692889842,1
Random,80,46,3.125,2.6754999999999995,3140,0.3925,0.49869371786582983,0.07599940119435088,1
Random,80,47,2.925,2.606875,3142,0.39275,0.49301570344254453,0.07096621999002031,1
Random,80,48,2.6,2.698125,3123,0.390375,0.49253933480779283,0.060244378603217276,1
Random,80,49,2.55,2.6285000000000003,3172,0.3965,0.48538228934523453,0.055831146729947025,1
Random,80,50,2.3375,2.6115,3171,0.396375,0.4974758415144705,0.05814591271731364,1
Random,80,51,2.775,2.6851250000000007,3080,0.385,0.49474760197472273,0.0668871444495477,1
Random,80,52,2.7125,2.7196249999999997,3050,0.38125,0.4921487420409415,0.06303043485367402,1
Random,80,53,2.6125,2.6053750000000004,3158,0.39475,0.49486880951208534,0.0565635419147416,1
Random,80,54,2.5625,2.6138749999999997,3139,0.392375,0.49618048565618667,0.0658358134920635,1
Random,80,55,2.3,2.7132500000000004,3130,0.39125,0.49902753318282933,0.04273588618983355,1
Random,80,56,2.425,2.682625,3140,0.3925,0.4936622910682301,0.0654723271654386,1
Random,80,57,2.425,2.7013750000000005,3142,0.39275,0.48755110812354074,0.05824750412985706,1
Random,80,58,2.725,2.6165000000000003,3200,0.4,0.48282192815164215,0.059503112376753674,1
Random,80,59,2.9,2.6447499999999993,3143,0.392875,0.49391844769505433,0.06803654474610357,1
Random,80,60,2.875,2.6278749999999995,3162,0.39525,0.4809434103408911,0.0681621462687639,1
Random,80,61,2.825,2.517375,3223,0.402875,0.4921197248628474,0.07199666270196876,1
Random,80,62,2.925,2.592625,3211,0.401375,0.4925714507276547,0.0685689831002331,1
Random,80,63,2.0375,2.621125,3139,0.392375,0.5023982179075995,0.04691031701141994,1
Random,80,64,2.5,2.7880000000000003,3044,0.3805,0.4885267255168512,0.05631259875745169,1
Random,80,65,2.2875,2.8532500000000005,2964,0.3705,0.4938983274834371,0.053127121040723965,1
Random,80,66,2.5375,2.6537500000000005,3098,0.38725,0.4848398071562374,0.06285330952736559,1
Random,80,67,2.3875,2.5634999999999994,3243,0.405375,0.49169089079074346,0.06842743347338935,1
Random,80,68,2.75,2.6930000000000005,3095,0.386875,0.4737787905042111,0.061279828487645814,1
Random,80,69,2.3375,2.5993749999999993,3210,0.40125,0.4861629737126771,0.04689529784585899,1
Random,80,70,2.35,2.6975,3086,0.38575,0.4819947495384417,0.04826984800330388,1
Random,80,71,2.4,2.566375,3187,0.398375,0.4963776453133373,0.05964213122833478,1
Random,80,72,2.5875,2.6991249999999996,3133,0.391625,0.4837742077445864,0.049979644269988695,1
Random,80,73,2.8,2.663125,3068,0.3835,0.493705160509051,0.07336354413560295,1
Random,80,74,2.7875,2.6157500000000002,3195,0.399375,0.4974036595337256,0.06180608478209097,1
Random,80,75,2.8,2.705,3184,0.398,0.4829371828236102,0.062031139013429694,1
Random,80,76,2.8,2.6813750000000005,3108,0.3885,0.4828380660532207,0.07960745650828434,1
Random,80,77,2.8,2.750625,3077,0.384625,0.49009353646174986,0.07069637470372762,1
Random,80,78,3.2,2.7705,3088,0.386,0.478782735147795,0.08435662677535742,1
Random,80,79,2.75,2.7205,3121,0.390125,0.4980023961318058,0.06016216896857797,1
Random,80,80,2.3125,2.628625,3185,0.398125,0.49191726057959656,0.06677519886159591,1
Random,80,81,2.7875,2.712625000000001,3086,0.38575,0.4927116985650003,0.06576032024475202,1
Random,80,82,2.0125,2.576375,3250,0.40625,0.49389590407584955,0.04771119505494505,1
Random,80,83,3.15,2.6606249999999996,3144,0.393,0.4970782517178941,0.06273648099257198,1
Random,80,84,2.4625,2.6842499999999996,3029,0.378625,0.48631279509712866,0.05738566841720445,1
Random,80,85,2.6125,2.7608750000000004,3045,0.380625,0.49552838414275363,0.053287016561010356,1
Random,80,86,2.5875,2.499125,3309,0.413625,0.4816606389454904,0.06779383042782809,1
Random,80,87,2.4125,2.569125,3227,0.403375,0.4984996370234304,0.05166735123536594,1
Random,80,88,3.1875,2.799,2960,0.37,0.4903132599110782,0.06671942357738729,1
Random,80,89,2.475,2.7543750000000005,3070,0.38375,0.4872182007319051,0.058839006925307226,1
Random,80,90,2.9375,2.658375,3169,0.396125,0.4929288093989718,0.06396414938606435,1
Random,80,91,2.575,2.6765,3133,0.391625,0.49506383265624715,0.05958203507448863,1
Random,80,92,2.4875,2.612125,3184,0.398,0.47995443672593685,0.06748095273104947,1
Random,80,93,2.425,2.6759999999999997,3169,0.396125,0.47925931283178186,0.05073501532866857,1
Random,80,94,2.675,2.6657500000000005,3097,0.387125,0.48942033944870367,0.06251251124606387,1
Random,80,95,2.7875,2.547875,3246,0.40575,0.4973233580164409,0.07719556538877359,1
Random,80,96,3.7,2.54,3259,0.407375,0.4873988319294454,0.09915377151377959,1
Random,80,97,2.7125,2.6653749999999996,3084,0.3855,0.4926885846335059,0.07086548250296314,1
Random,80,98,2.55,2.594875,3176,0.397,0.4878067476840473,0.0592291366614122,1
Random,80,99,2.55,2.6923749999999997,3155,0.394375,0.4976979379283648,0.05565329353738796,1
Random,80,100,2.8125,2.799875,3000,0.375,0.49279287500287805,0.06193786161743238,1
Naive,80,1,45.7875,26.660625,478,0.05975,0.08501571485436948,0.8187839689154653,1
Naive,80,2,48.2875,24.22275,560,0.07,0.09842650928291805,0.9249520533699898,1
Naive,80,3,43.675,27.665625,298,0.03725,0.06452728714943082,0.862504210301054,1
Naive,80,4,42.05,25.173250000000003,539,0.067375,0.09130544940147693,0.7604405056720573,1
Naive,80,5,46.2625,29.447749999999996,319,0.039875,0.0817826067891009,0.8627949944790272,1
Naive,80,6,50.975,30.052125,432,0.054,0.09534265699203458,0.7532867469779221,1
Naive,80,7,54.05,32.78637500000001,294,0.03675,0.0649813371738886,0.8336536694324568,1
Naive,80,8,35.3375,27.825874999999996,385,0.048125,0.0782994110692095,0.7127703136461011,1
Naive,80,9,44.9375,29.0825,346,0.04325,0.06501089049763834,0.8322048031355012,1
Naive,80,10,41.6125,21.301374999999997,541,0.067625,0.11608695237925223,0.8099416737903866,1
Naive,80,11,38.3375,18.009375000000002,778,0.09725,0.12551046372542154,0.8896978255332278,1
Naive,80,12,45.7125,28.214375,396,0.0495,0.0795095243746528,0.803358613287626,1
Naive,80,13,47.675,29.910250000000005,333,0.041625,0.0574203177674349,0.8482699393223427,1
Naive,80,14,49.35,29.062375000000003,418,0.05225,0.08804117051220255,0.8562094186993553,1
Naive,80,15,48.925,23.749625000000005,509,0.063625,0.0923631071236641,0.9259769562223384,1
Naive,80,16,46.9375,27.56075,364,0.0455,0.078403331835448,0.8383035840428963,1
Naive,80,17,36.3125,26.524625,456,0.057,0.10237419341374807,0.6959802282808099,1
Naive,80,18,56.6,29.681375,286,0.03575,0.054135705092168716,0.9462019153645391,1
Naive,80,19,42.9875,18.458875,702,0.08775,0.127561422357229,0.8993183184049458,1
Naive,80,20,60.35,35.005,264,0.033,0.06195875339596735,0.8291900457267285,1
Naive,80,21,54.275,33.22375,212,0.0265,0.05169966516132008,0.8549756839948943,1
Naive,80,22,45.7625,21.990249999999996,651,0.081375,0.11806407195547694,0.8822661839940537,1
Naive,80,23,60.4375,31.598625000000002,342,0.04275,0.08075306313281143,0.8882172227474279,1
Naive,80,24,51.2625,28.484999999999996,304,0.038,0.0652107245484246,0.8937121654489404,1
Naive,80,25,57.3375,31.008249999999997,382,0.04775,0.07556398264379109,0.8893305903802977,1
Naive,80,26,52.3125,30.229499999999998,453,0.056625,0.09007135015005567,0.7865098750910129,1
Naive,80,27,51.0625,26.000749999999996,327,0.040875,0.07279667179308486,0.9186916236084954,1
Naive,80,28,46.65,29.2055,323,0.040375,0.047907483564238997,0.8391748897715361,1
Naive,80,29,41.1375,18.456500000000002,713,0.089125,0.14317320228520017,0.8264939754119279,1
Naive,80,30,46.675,25.69875,509,0.063625,0.1041387582110265,0.8297483442537958,1
Naive,80,31,53.6125,27.732625000000006,414,0.05175,0.06795133150662903,0.9128166733716221,1
Naive,80,32,55.4375,32.709500000000006,238,0.02975,0.05789534900071497,0.9170918749056967,1
Naive,80,33,53.3375,30.917625000000008,408,0.051,0.07795998279162165,0.8479576075871351,1
Naive,80,34,38.525,21.331375,617,0.077125,0.12254082397993601,0.7183539985190543,1
Naive,80,35,43.6375,25.521749999999994,417,0.052125,0.09427772117475505,0.8526105338438488,1
Naive,80,36,42.3875,28.197124999999996,353,0.044125,0.06033091874340453,0.756384500847046,1
Naive,80,37,57.0375,34.32475,182,0.02275,0.04271339485461069,0.891152626245742,1
Naive,80,38,59.8875,35.095375000000004,269,0.033625,0.0620684646072334,0.8676215328293931,1
Naive,80,39,51.95,31.980625,347,0.043375,0.06950539467456349,0.7990978005276703,1
Naive,80,40,39.675,20.563625000000002,494,0.06175,0.0931666768286801,0.8946916710076527,1
Naive,80,41,32.4875,22.578125000000004,495,0.061875,0.08342417044945702,0.7427230789553183,1
Naive,80,42,47.2875,24.422375,454,0.05675,0.08525191952062,0.9255517387515093,1
Naive,80,43,34.95,26.431749999999997,374,0.04675,0.07872451331437015,0.7212238111343465,1
Naive,80,44,48.9125,29.020999999999994,271,0.033875,0.06050213155420431,0.8495899040778726,1
Naive,80,45,56.35,30.676125,364,0.0455,0.08028354865467442,0.9196164678531547,1
Naive,80,46,57.7875,33.936499999999995,272,0.034,0.06415958008240365,0.8848241935648729,1
Naive,80,47,54.675,32.938500000000005,315,0.039375,0.060560470384431346,0.8322324106867264,1
Naive,80,48,46.1125,29.984125000000002,358,0.04475,0.07102431774146449,0.7805326788958997,1
Naive,80,49,52.2125,29.083250000000003,271,0.033875,0.06359975377831002,0.9044407614669225,1
Naive,80,50,54.95,30.336125000000003,402,0.05025,0.07477344332178797,0.8503063452917331,1
Naive,80,51,41.875,25.4045,428,0.0535,0.07291568256254023,0.8624118521165872,1
Naive,80,52,44.825,26.007624999999997,403,0.050375,0.08173433471849006,0.8440433618972631,1
Naive,80,53,41.1875,29.284125,278,0.03475,0.06039675902647787,0.8430777150008775,1
Naive,80,54,50.3875,25.317499999999995,487,0.060875,0.08941993336818424,0.8136200902525342,1
Naive,80,55,63.5375,34.790124999999996,263,0.032875,0.06771983124568559,0.8899436381142216,1
Naive,80,56,46.4375,29.136500000000005,340,0.0425,0.05816204351916983,0.8310270579833399,1
Naive,80,57,39.9375,27.216499999999996,296,0.037,0.062286032841732085,0.8024287170921319,1
Naive,80,58,51.0625,27.88425,397,0.049625,0.08253663788450849,0.900355646566479,1
Naive,80,59,29.1375,29.441374999999997,307,0.038375,0.058206966995115454,0.623785188875604,1
Naive,80,60,27.475,25.76475,392,0.049,0.09197310442542701,0.622486632154131,1
Naive,80,61,39.275,24.851875,468,0.0585,0.09199116487672633,0.7898767778567015,1
Naive,80,62,48.95,29.561,392,0.049,0.0750951132333505,0.8272576953325718,1
Naive,80,63,47.875,26.109124999999995,496,0.062,0.1002135095938114,0.8562540753554806,1
Naive,80,64,60.6375,36.252374999999994,184,0.023,0.04435210620986549,0.8855351372557878,1
Naive,80,65,48.2,29.789124999999995,311,0.038875,0.0735181797896759,0.8935238792829937,1
Naive,80,66,48.175,25.807375,409,0.051125,0.08704351053223845,0.9070037414868365,1
Naive,80,67,40.35,18.1765,805,0.100625,0.13227773265068501,0.8103833824613341,1
Naive,80,68,55.7875,32.74625,268,0.0335,0.06549242112044096,0.8928787455195797,1
Naive,80,69,32.925,25.05875,491,0.061375,0.08422334840372293,0.6257763619803918,1
Naive,80,70,50.8625,29.120875000000005,347,0.043375,0.0843761261975841,0.8962759119100125,1
Naive,80,71,48.9,32.416125,403,0.050375,0.08180373037601991,0.7337319577671553,1
Naive,80,72,48.85,31.056249999999995,244,0.0305,0.06216814071804509,0.8371759644040608,1
Naive,80,73,32.3375,26.424874999999997,418,0.05225,0.07436905065828926,0.6959289083132626,1
Naive,80,74,61.65,32.16625,304,0.038,0.08163572072050504,0.9641000017585706,1
Naive,80,75,54.3125,26.574750000000005,365,0.045625,0.08385206815562288,0.9476013502645287,1
Naive,80,76,59.3625,31.48175,266,0.03325,0.06167892731630965,0.9003416632957549,1
Naive,80,77,51.8375,28.987250000000003,443,0.055375,0.08148598350688604,0.8701076582182068,1
Naive,80,78,48.175,29.317375000000002,323,0.040375,0.06791581421182297,0.8425160021759621,1
Naive,80,79,67.45,35.08575,270,0.03375,0.06971057602093572,0.9328131749506599,1
Naive,80,80,40.3375,23.873250000000002,482,0.06025,0.07725462576768453,0.8272456246830456,1
Naive,80,81,47.3,30.095125000000003,311,0.038875,0.06926523461706616,0.824444375601907,1
Naive,80,82,44.75,25.466125,483,0.060375,0.07816226914661066,0.8280376547303436,1
Naive,80,83,44.325,28.588999999999995,357,0.044625,0.07092520809636962,0.8201494059935095,1
Naive,80,84,52.1,26.700374999999998,499,0.062375,0.09475186872656877,0.91060878850499,1
Naive,80,85,51.3,30.266375000000007,310,0.03875,0.08333077680586526,0.8750724884239958,1
Naive,80,86,66.0625,32.959875000000004,284,0.0355,0.06871110411031928,0.9573124359344745,1
Naive,80,87,48.45,28.769500000000004,407,0.050875,0.07506360996429669,0.832470458666317,1
Naive,80,88,43.6,25.68375,379,0.047375,0.07205555819825986,0.8834625457903276,1
Naive,80,89,53.0375,29.656999999999996,374,0.04675,0.08979485871532544,0.8406705664990255,1
Naive,80,90,53.85,31.339499999999997,239,0.029875,0.05511994859636861,0.8964181587426353,1
Naive,80,91,46.8375,29.888500000000004,406,0.05075,0.08553894806778464,0.7986207472788761,1
Naive,80,92,45.05,25.957624999999997,366,0.04575,0.07439938639109445,0.8628621984917961,1
Naive,80,93,40.575,27.25375,396,0.0495,0.07535014169491182,0.8085514663200735,1
Naive,80,94,43.9,29.194750000000003,295,0.036875,0.06569979291196396,0.8314621005506044,1
Naive,80,95,38.7125,30.623250000000002,346,0.04325,0.07283333082659613,0.6342806528655875,1
Naive,80,96,51.2,24.99375,515,0.064375,0.10307870196414769,0.8812920118592504,1
Naive,80,97,58.5125,33.54875,259,0.032375,0.07453128326450695,0.8956158328108517,1
Naive,80,98,49.7875,24.696749999999998,437,0.054625,0.08091067005638744,0.9145113665505489,1
Naive,80,99,48.7,24.319374999999994,586,0.07325,0.1073538411404278,0.8933474861169067,1
Naive,80,100,34.5875,29.025375,382,0.04775,0.07769344392781036,0.6734253083115013,1
Two-frame Naive,80,1,55.475,32.4315,369,0.046125,0.05800846039335423,0.8541863339330458,1
Two-frame Naive,80,2,67.0,36.738375,183,0.022875,0.03121389563710265,0.937883401794239,1
Two-frame Naive,80,3,52.1625,33.585499999999996,216,0.027,0.031131099298422303,0.8493835128436034,1
Two-frame Naive,80,4,60.9375,36.304,196,0.0245,0.03756046587565166,0.8811230660939542,1
Two-frame Naive,80,5,52.725,31.434250000000002,292,0.0365,0.04429678355795324,0.8952359993226894,1
Two-frame Naive,80,6,55.35,33.5445,227,0.028375,0.034780925175601655,0.9187782271864846,1
Two-frame Naive,80,7,49.825,33.198249999999994,259,0.032375,0.043988543549901234,0.8070553965341336,1
Two-frame Naive,80,8,48.95,29.813749999999995,287,0.035875,0.04188669387634777,0.8587254921126319,1
Two-frame Naive,80,9,68.9,36.6495,195,0.024375,0.03362373253951723,0.9585299606874683,1
Two-frame Naive,80,10,60.3,35.764625,234,0.02925,0.03458440662834903,0.92752135897314,1
Two-frame Naive,80,11,48.7875,29.955,332,0.0415,0.050616004894398846,0.8423728640091145,1
Two-frame Naive,80,12,58.45,28.201624999999993,342,0.04275,0.05623005081360073,0.9206343077700765,1
Two-frame Naive,80,13,60.3125,31.144375,280,0.035,0.04483348568564239,0.9365390099498713,1
Two-frame Naive,80,14,64.5125,34.342124999999996,265,0.033125,0.04624851003427637,0.9205510682120785,1
Two-frame Naive,80,15,51.325,32.640249999999995,289,0.036125,0.040764572763390045,0.8817584118204452,1
Two-frame Naive,80,16,63.7125,37.12712500000001,205,0.025625,0.03204905087294589,0.9091771040555973,1
Two-frame Naive,80,17,53.7,34.619625,229,0.028625,0.04408284645439291,0.768333163625327,1
Two-frame Naive,80,18,63.525,35.128125,220,0.0275,0.04045630233236969,0.9592560569862275,1
Two-frame Naive,80,19,59.2625,33.06399999999999,268,0.0335,0.04768618545918397,0.8897109176545828,1
Two-frame Naive,80,20,64.075,33.772124999999996,311,0.038875,0.0418102880493668,0.9350182284801767,1
Two-frame Naive,80,21,60.1375,35.41675,142,0.01775,0.0312679129784393,0.8825144614607451,1
Two-frame Naive,80,22,66.0625,35.433125,206,0.02575,0.033064518453782395,0.9532074757648378,1
Two-frame Naive,80,23,67.1125,36.1805,209,0.026125,0.027933007555710133,0.9341101059498722,1
Two-frame Naive,80,24,49.675,31.873874999999998,266,0.03325,0.033535353876983344,0.8209785960536745,1
Two-frame Naive,80,25,71.4375,35.5025,238,0.02975,0.049524070109487256,0.9532399819456157,1
Two-frame Naive,80,26,65.5625,35.230125,199,0.024875,0.037436930562952817,0.9556528982310223,1
Two-frame Naive,80,27,54.0375,32.1365,192,0.024,0.027832789193306312,0.9121723697913712,1
Two-frame Naive,80,28,49.6375,23.751999999999995,373,0.046625,0.07113528850939392,0.7769875858322092,1
Two-frame Naive,80,29,65.4125,35.893625,201,0.025125,0.03160801278181162,0.9268764128972122,1
Two-frame Naive,80,30,57.3,31.295125000000002,339,0.042375,0.054249097803811416,0.9378757871059781,1
Two-frame Naive,80,31,38.7,23.447499999999994,400,0.05,0.0726730440865265,0.7114827458063075,1
Two-frame Naive,80,32,77.8625,39.378750000000004,164,0.0205,0.031506268481178344,0.9459200352000412,1
Two-frame Naive,80,33,49.95,24.433874999999997,462,0.05775,0.0788021597084383,0.7633818762152684,1
Two-frame Naive,80,34,49.8625,31.2975,237,0.029625,0.032797819486077365,0.8971185941093083,1
Two-frame Naive,80,35,54.4,26.123125,419,0.052375,0.07807018377334346,0.77517627709524,1
Two-frame Naive,80,36,58.125,33.221624999999996,229,0.028625,0.03699624124898479,0.8990965177006383,1
Two-frame Naive,80,37,54.8125,37.713875,174,0.02175,0.027800719323455382,0.7987338815710961,1
Two-frame Naive,80,38,60.4125,36.710750000000004,246,0.03075,0.04072708192009055,0.8482460223636823,1
Two-frame Naive,80,39,54.7875,31.383000000000003,261,0.032625,0.053026578446736854,0.8860438872576897,1
Two-frame Naive,80,40,68.425,36.018125,188,0.0235,0.0375857869433859,0.9253204809264085,1
Two-frame Naive,80,41,46.65,26.099500000000003,448,0.056,0.06440355032632415,0.7307882125781708,1
Two-frame Naive,80,42,39.575,28.054875000000003,323,0.040375,0.03812530029161463,0.7506768464741762,1
Two-frame Naive,80,43,57.1375,31.814624999999996,329,0.041125,0.048324169739803934,0.9048290177702778,1
Two-frame Naive,80,44,51.4,32.49675,202,0.02525,0.026197891252020097,0.8076686666859979,1
Two-frame Naive,80,45,54.2,30.801999999999992,278,0.03475,0.043354464929600205,0.939180513686531,1
Two-frame Naive,80,46,58.2625,29.941499999999998,382,0.04775,0.06479143625057163,0.843971576379678,1
Two-frame Naive,80,47,44.4,23.092125,441,0.055125,0.06504372158641097,0.8690788955523953,1
Two-frame Naive,80,48,69.7875,35.904375,241,0.030125,0.044595482481185736,0.9694522928510031,1
Two-frame Naive,80,49,59.3625,36.33112500000001,163,0.020375,0.0311917544697865,0.9056796810866607,1
Two-frame Naive,80,50,57.6,30.109624999999998,301,0.037625,0.04374220338980529,0.9460821339895492,1
Two-frame Naive,80,51,50.6125,26.637375000000002,404,0.0505,0.0664222506340389,0.8920373388805473,1
Two-frame Naive,80,52,55.6375,33.449,209,0.026125,0.03165768501936228,0.8632254201450802,1
Two-frame Naive,80,53,51.2875,31.823124999999994,249,0.031125,0.041334602041524685,0.879370969060379,1
Two-frame Naive,80,54,64.65,35.69675,178,0.02225,0.029754325253251328,0.9375828985618518,1
Two-frame Naive,80,55,50.575,34.939125,201,0.025125,0.027882732096147996,0.8689394708080427,1
Two-frame Naive,80,56,55.7875,35.358125,176,0.022,0.03542743491502214,0.8272068835700155,1
Two-frame Naive,80,57,52.3625,33.678625000000004,216,0.027,0.03432013722803196,0.8632560373634275,1
Two-frame Naive,80,58,54.3625,35.18525,214,0.02675,0.03639112078376846,0.870479570558131,1
Two-frame Naive,80,59,67.225,37.79837499999999,190,0.02375,0.03538210266900282,0.9266002244883144,1
Two-frame Naive,80,60,52.15,32.93087499999999,207,0.025875,0.0369759699006281,0.8740128301264155,1
Two-frame Naive,80,61,52.4875,32.86925,236,0.0295,0.03265630579001875,0.8187085940524093,1
Two-frame Naive,80,62,57.125,34.322625,195,0.024375,0.03159460176290394,0.8524335726885968,1
Two-frame Naive,80,63,54.5,33.149625,224,0.028,0.03487406371570658,0.8956257785226654,1
Two-frame Naive,80,64,46.775,36.989875,220,0.0275,0.035312230078604304,0.7512539481913821,1
Two-frame Naive,80,65,48.3625,27.715874999999997,309,0.038625,0.04688325749022683,0.8777749955326156,1
Two-frame Naive,80,66,65.975,36.72537499999999,250,0.03125,0.04857584871505456,0.834640922354579,1
Two-frame Naive,80,67,52.2625,29.314125,390,0.04875,0.04547953898893159,0.8829848161254661,1
Two-frame Naive,80,68,47.675,35.21125,187,0.023375,0.032898024415136826,0.835931977095024,1
Two-frame Naive,80,69,57.6875,37.69225,162,0.02025,0.031288487886127196,0.8835892886442066,1
Two-frame Naive,80,70,61.975,33.568999999999996,272,0.034,0.04859134957404621,0.8839602664475924,1
Two-frame Naive,80,71,60.9,36.225249999999996,216,0.027,0.03061830056711858,0.9130127313532868,1
Two-frame Naive,80,72,54.7875,33.784,227,0.028375,0.03636785190941422,0.8933995303641933,1
Two-frame Naive,80,73,46.0375,31.757250000000003,208,0.026,0.03616481181287646,0.8700437196493596,1
Two-frame Naive,80,74,55.3875,33.12775,224,0.028,0.03793443437057685,0.8702104672607721,1
Two-frame Naive,80,75,48.6625,31.007624999999997,218,0.02725,0.03693745155564788,0.8688587532262296,1
Two-frame Naive,80,76,62.0875,36.353,196,0.0245,0.028992392619552866,0.8743746969473125,1
Two-frame Naive,80,77,47.2875,34.025,237,0.029625,0.04688907957734463,0.7781413799073879,1
Two-frame Naive,80,78,24.5125,14.960500000000003,714,0.08925,0.11160718061518957,0.5982813570164623,1
Two-frame Naive,80,79,49.4875,29.175500000000003,362,0.04525,0.05095301021152699,0.8194208010092663,1
Two-frame Naive,80,80,56.2125,32.13362500000001,292,0.0365,0.05193972512144614,0.8755033181440355,1
Two-frame Naive,80,81,53.5625,22.250999999999998,499,0.062375,0.07219170870086476,0.9570885980029532,1
Two-frame Naive,80,82,47.025,29.221625,290,0.03625,0.04060373290975442,0.9001018020398568,1
Two-frame Naive,80,83,57.475,32.615,295,0.036875,0.043688514234149455,0.9022001769658289,1
Two-frame Naive,80,84,71.3125,37.311625,231,0.028875,0.03697346361597659,0.9662119333143699,1
Two-frame Naive,80,85,64.6,36.141000000000005,189,0.023625,0.029698656672640614,0.9271512073616883,1
Two-frame Naive,80,86,62.9625,31.494375,281,0.035125,0.046074024903526176,0.8972797164189071,1
Two-frame Naive,80,87,49.0125,21.8645,553,0.069125,0.08715124093126303,0.6796112860276542,1
Two-frame Naive,80,88,35.5875,15.748624999999999,653,0.081625,0.09805333441021821,0.7394871367329036,1
Two-frame Naive,80,89,57.375,33.751875,195,0.024375,0.04061650285721985,0.9015721630209566,1
Two-frame Naive,80,90,53.525,32.70525,238,0.02975,0.03319128205169486,0.932320813339549,1
Two-frame Naive,80,91,72.375,35.872125000000004,246,0.03075,0.051677565737213424,0.9205102538666583,1
Two-frame Naive,80,92,52.5,30.97825,325,0.040625,0.04388568257055403,0.8488055407746934,1
Two-frame Naive,80,93,55.4125,30.170624999999994,266,0.03325,0.04789620080409555,0.8819393978928887,1
Two-frame Naive,80,94,58.6375,29.659249999999997,352,0.044,0.05660224830972984,0.9467220359797599,1
Two-frame Naive,80,95,54.1875,29.978500000000004,288,0.036,0.04636233490682155,0.9128935067252533,1
Two-frame Naive,80,96,68.975,31.859624999999998,333,0.041625,0.04466701018057548,0.9748061317583788,1
Two-frame Naive,80,97,51.4875,31.551875000000006,271,0.033875,0.047247140044882945,0.8371198201804988,1
Two-frame Naive,80,98,22.8375,19.317625,597,0.074625,0.08809737740983596,0.5031016823166564,1
Two-frame Naive,80,99,64.45,38.1425,211,0.026375,0.03124272777793053,0.8811989555221729,1
Two-frame Naive,80,100,54.1625,34.236124999999994,276,0.0345,0.03718931364473571,0.8335593972804476,1
Decision-aware,80,1,65.2875,37.799499999999995,176,0.022,0.05180481353863281,0.9436488635426363,1
Decision-aware,80,2,57.5,35.64775,189,0.023625,0.04759954435875141,0.8776950920119155,1
Decision-aware,80,3,51.9,33.913374999999995,198,0.02475,0.04892471358292545,0.8354540532215339,1
Decision-aware,80,4,57.4875,36.27875,194,0.02425,0.05422235987481448,0.8545514290209455,1
Decision-aware,80,5,55.4125,33.1385,206,0.02575,0.058289003738905124,0.8972744909899533,1
Decision-aware,80,6,68.675,36.775375000000004,149,0.018625,0.029465029045170107,0.987187289644335,1
Decision-aware,80,7,58.2625,35.295125,206,0.02575,0.049334831115993405,0.8487625533187563,1
Decision-aware,80,8,68.3875,39.822874999999996,115,0.014375,0.05468515058081403,0.9256182999466116,1
Decision-aware,80,9,59.525,37.08375,141,0.017625,0.049028226238752554,0.866125666638173,1
Decision-aware,80,10,67.0125,35.8015,197,0.024625,0.03734118773778539,0.9677205487207339,1
Decision-aware,80,11,63.375,37.964375,172,0.0215,0.04435355335002913,0.8857884404601389,1
Decision-aware,80,12,64.325,31.545749999999995,301,0.037625,0.06621803676457808,0.9250252810127616,1
Decision-aware,80,13,60.6375,37.31862499999999,146,0.01825,0.04284557150920014,0.8751877546360614,1
Decision-aware,80,14,54.0375,34.36275,230,0.02875,0.04936287888255988,0.8864495117474969,1
Decision-aware,80,15,50.9375,33.62825,190,0.02375,0.041890888864573074,0.9187021882717172,1
Decision-aware,80,16,61.475,29.592375,269,0.033625,0.06668212994141369,0.8852658358934192,1
Decision-aware,80,17,58.0625,38.57375,132,0.0165,0.03981106581106581,0.7787883178605808,1
Decision-aware,80,18,75.85,41.034,105,0.013125,0.05157817526470777,0.963450472001256,1
Decision-aware,80,19,50.75,29.554375,265,0.033125,0.060207615422245196,0.8503026492369289,1
Decision-aware,80,20,58.8375,33.733000000000004,191,0.023875,0.057875450090532035,0.9047688140188329,1
Decision-aware,80,21,69.55,40.650875000000006,95,0.011875,0.0383276388736915,0.903136596236125,1
Decision-aware,80,22,75.075,40.4185,165,0.020625,0.04084177202122021,0.9366983800655347,1
Decision-aware,80,23,51.5625,33.704875,183,0.022875,0.044019866224721024,0.8409706235462308,1
Decision-aware,80,24,62.35,36.331375,157,0.019625,0.043679889150283875,0.9090750203221116,1
Decision-aware,80,25,61.25,32.52825,245,0.030625,0.07044836484261795,0.9158043648169703,1
Decision-aware,80,26,64.9875,35.84125,192,0.024,0.04653565453708474,0.9463942331309292,1
Decision-aware,80,27,63.15,36.556625000000004,119,0.014875,0.04823932687748477,0.9191507944332766,1
Decision-aware,80,28,61.225,29.97175,251,0.031375,0.06739612760025976,0.8911493935258047,1
Decision-aware,80,29,70.4375,37.125,164,0.0205,0.05886471121129738,0.9647884518929812,1
Decision-aware,80,30,45.5375,23.497999999999998,338,0.04225,0.079231334133248,0.8023496185633834,1
Decision-aware,80,31,42.9875,28.349750000000004,264,0.033,0.05561879979879259,0.8844275532159653,1
Decision-aware,80,32,60.025,34.305,143,0.017875,0.04755642484589853,0.9251792699101221,1
Decision-aware,80,33,52.4375,27.91525,336,0.042,0.06207932322112243,0.8340295442600378,1
Decision-aware,80,34,62.6125,38.21925,149,0.018625,0.0351775939831028,0.8856817815919182,1
Decision-aware,80,35,57.675,34.85337500000001,215,0.026875,0.045295308642460765,0.8710191102637873,1
Decision-aware,80,36,58.4375,35.098,155,0.019375,0.043954178520625886,0.9041061532250108,1
Decision-aware,80,37,53.175,32.87650000000001,151,0.018875,0.04466056817372607,0.9088451281874363,1
Decision-aware,80,38,65.875,33.970499999999994,233,0.029125,0.0638536675898291,0.8569800101937503,1
Decision-aware,80,39,63.9625,35.2455,147,0.018375,0.0407635416192973,0.9355514319997008,1
Decision-aware,80,40,51.375,31.611,161,0.020125,0.05050163228739952,0.8815895457540772,1
Decision-aware,80,41,64.9625,38.126000000000005,167,0.020875,0.029742329667588507,0.8859863033869114,1
Decision-aware,80,42,60.9875,32.486999999999995,234,0.02925,0.05958260338226393,0.930369923162335,1
Decision-aware,80,43,48.2,33.59462499999999,222,0.02775,0.04269548386060688,0.8008348927679234,1
Decision-aware,80,44,63.3875,38.509874999999994,118,0.01475,0.03992699167970065,0.8927177083376208,1
Decision-aware,80,45,68.3375,37.515125,139,0.017375,0.050920471522233134,0.9516993887927624,1
Decision-aware,80,46,58.5875,33.581625,203,0.025375,0.062169781008014534,0.902129739165747,1
Decision-aware,80,47,61.6,39.35025,128,0.016,0.04230205853890064,0.8406721364754514,1
Decision-aware,80,48,65.85,38.372249999999994,121,0.015125,0.04318739586889742,0.9268471278735084,1
Decision-aware,80,49,59.4625,36.880875,119,0.014875,0.03373220577997466,0.9047725437689481,1
Decision-aware,80,50,60.8375,34.9455,180,0.0225,0.056027926166945276,0.8734115620934885,1
Decision-aware,80,51,55.3,36.262,200,0.025,0.04310008545881755,0.8083947443046767,1
Decision-aware,80,52,62.3125,34.528125,193,0.024125,0.05908876552545938,0.9111467100437064,1
Decision-aware,80,53,53.3125,33.236375,176,0.022,0.054430734320208014,0.8631844621233012,1
Decision-aware,80,54,63.4,33.338750000000005,211,0.026375,0.0432082623274866,0.9540257472500073,1
Decision-aware,80,55,66.2125,36.6645,142,0.01775,0.0364337040735067,0.9516756853060488,1
Decision-aware,80,56,57.5875,33.266125,193,0.024125,0.044190894834536414,0.8775374960078081,1
Decision-aware,80,57,59.4,36.177375000000005,119,0.014875,0.04402447552447552,0.9145140954817105,1
Decision-aware,80,58,59.875,34.39025,172,0.0215,0.051218717497742254,0.9209069947652324,1
Decision-aware,80,59,61.8375,34.8555,155,0.019375,0.03636351103456367,0.9766123775510265,1
Decision-aware,80,60,61.0375,34.563625,162,0.02025,0.05166981296960835,0.892558957699514,1
Decision-aware,80,61,53.525,31.645250000000004,199,0.024875,0.040896292469047885,0.8663795445531296,1
Decision-aware,80,62,52.6375,28.568499999999993,262,0.03275,0.0645372754113737,0.7317091347646688,1
Decision-aware,80,63,63.675,38.852875000000004,108,0.0135,0.051774863527495094,0.8882725166637707,1
Decision-aware,80,64,61.75,36.458,162,0.02025,0.04397087237689943,0.8956087342502524,1
Decision-aware,80,65,57.6125,34.126000000000005,142,0.01775,0.0313937878414852,0.9408235198323643,1
Decision-aware,80,66,63.175,35.7235,154,0.01925,0.05273171552162026,0.9172885733006385,1
Decision-aware,80,67,67.975,39.453500000000005,124,0.0155,0.037666176362192945,0.8813039356435318,1
Decision-aware,80,68,49.25,35.451875,158,0.01975,0.049985834509095,0.827063661099851,1
Decision-aware,80,69,66.9125,37.41287499999999,151,0.018875,0.04747608053397527,0.955621485113498,1
Decision-aware,80,70,60.1625,36.812875,169,0.021125,0.04636531077965986,0.8873281148280274,1
Decision-aware,80,71,69.925,39.070750000000004,109,0.013625,0.04088580028497076,0.9490394928654411,1
Decision-aware,80,72,57.4875,35.55225,189,0.023625,0.04350947827353704,0.8483400072137309,1
Decision-aware,80,73,45.675,30.084250000000008,216,0.027,0.051922002598318376,0.8162673176930941,1
Decision-aware,80,74,48.3,29.81950000000001,254,0.03175,0.07642472218049003,0.8647606590428248,1
Decision-aware,80,75,44.45,30.679249999999996,235,0.029375,0.046672915026533444,0.8002518517977444,1
Decision-aware,80,76,56.125,34.53062500000001,215,0.026875,0.06708173772777375,0.8806575689021521,1
Decision-aware,80,77,66.8125,39.19525,125,0.015625,0.04433366256578616,0.9411949506587195,1
Decision-aware,80,78,57.025,28.200750000000003,292,0.0365,0.06497951601164358,0.9180282779449781,1
Decision-aware,80,79,63.6375,39.699374999999996,148,0.0185,0.0535827787071316,0.8994675613085071,1
Decision-aware,80,80,59.025,36.595375000000004,189,0.023625,0.05459930544709932,0.849671693295749,1
Decision-aware,80,81,65.1375,34.113125,191,0.023875,0.05079927163312166,0.9559435036410147,1
Decision-aware,80,82,48.0,33.276625,170,0.02125,0.041040772539074746,0.8080775823830907,1
Decision-aware,80,83,63.9125,36.930375,176,0.022,0.04082722907293844,0.8697459499965621,1
Decision-aware,80,84,49.8375,24.409125000000003,361,0.045125,0.07499341651436198,0.8701188328081086,1
Decision-aware,80,85,50.7,33.074875,161,0.020125,0.05414017111385532,0.8264069809581363,1
Decision-aware,80,86,66.3125,34.57175,163,0.020375,0.04232483853402491,0.9545630356054309,1
Decision-aware,80,87,50.8125,30.386375,257,0.032125,0.058097109202078744,0.8456877833749348,1
Decision-aware,80,88,49.45,27.255125,335,0.041875,0.08123123070398774,0.7774871799917575,1
Decision-aware,80,89,64.675,37.19825000000001,142,0.01775,0.04821260252914125,0.8935769464015844,1
Decision-aware,80,90,62.5125,36.380374999999994,136,0.017,0.03847578715880835,0.9063953074032801,1
Decision-aware,80,91,47.5375,23.53375,356,0.0445,0.08442076158290313,0.7705030010347457,1
Decision-aware,80,92,60.15,33.673375,185,0.023125,0.04342363621507376,0.8866550006473574,1
Decision-aware,80,93,57.975,36.459125,131,0.016375,0.048008395745023316,0.8741362588479603,1
Decision-aware,80,94,46.7875,32.231,179,0.022375,0.04157693214659158,0.8754688295190023,1
Decision-aware,80,95,59.9125,31.70875,273,0.034125,0.05842460036391176,0.8371990243224191,1
Decision-aware,80,96,71.3875,38.372625,169,0.021125,0.04740697497150521,0.9308847556259432,1
Decision-aware,80,97,62.9125,35.638000000000005,151,0.018875,0.03320293024898287,0.9212321404976247,1
Decision-aware,80,98,59.3625,37.7095,193,0.024125,0.046269505126957114,0.8369778317274648,1
Decision-aware,80,99,56.3375,33.991125,194,0.02425,0.04227086934685155,0.8629600903998901,1
Decision-aware,80,100,60.8625,35.32625000000001,156,0.0195,0.042216421821586775,0.8702541717962143,1
Unsure,80,1,8.3,5.645,1752,0.219,0.007367782695148559,0.3539123632178528,1
Unsure,80,2,6.45,5.083874999999999,1920,0.24,0.005327204965082021,0.3369732878112467,1
Unsure,80,3,3.6125,4.434875,2092,0.2615,0.008431413934586476,0.18605629825820968,1
Unsure,80,4,3.5,6.03375,1727,0.215875,0.008452932613967875,0.1693961294716822,1
Unsure,80,5,7.9375,4.8321250000000004,1897,0.237125,0.007229720342276639,0.3463968958375741,1
Unsure,80,6,7.0875,4.992125,1843,0.230375,0.00829012566153007,0.37099008843641895,1
Unsure,80,7,4.675,5.6225,1772,0.2215,0.007369537774590174,0.22889672644094308,1
Unsure,80,8,4.5875,5.999749999999999,1751,0.218875,0.010393101171761869,0.2195960701777097,1
Unsure,80,9,3.975,5.0923750000000005,1831,0.228875,0.008059303941115908,0.20957928405509252,1
Unsure,80,10,5.5,4.9811250000000005,1873,0.234125,0.006716087960199227,0.29847536511021666,1
Unsure,80,11,8.15,5.533249999999999,1810,0.22625,0.009469722648270687,0.381112532857253,1
Unsure,80,12,5.8,5.3285,1882,0.23525,0.007704263700123697,0.26195769753807513,1
Unsure,80,13,5.0,4.288,2114,0.26425,0.008708550617457244,0.25565933752770925,1
Unsure,80,14,4.675,5.08225,1864,0.233,0.006590657303966304,0.2434029749653698,1
Unsure,80,15,5.8375,4.903125,1918,0.23975,0.008277313885186753,0.295105005802141,1
Unsure,80,16,4.4125,4.726500000000001,1977,0.247125,0.00785625241834295,0.21691511744030473,1
Unsure,80,17,7.725,5.721,1756,0.2195,0.009701245339956855,0.3412969653302559,1
Unsure,80,18,4.5,7.421,1571,0.196375,0.0070055001098973365,0.19794585163075012,1
Unsure,80,19,4.0375,5.121125000000001,1836,0.2295,0.008026888056181103,0.2106335181687265,1
Unsure,80,20,7.2375,4.9105,1917,0.239625,0.007951956744493617,0.3398199406103523,1
Unsure,80,21,3.15,4.544,2028,0.2535,0.0074811551328296385,0.15002817642668648,1
Unsure,80,22,3.9625,4.056875,2135,0.266875,0.006461093850606007,0.20214540411839846,1
Unsure,80,23,4.7,4.335,2059,0.257375,0.006800474137275962,0.24097689651281687,1
Unsure,80,24,4.4625,5.1,1815,0.226875,0.0072516929330870665,0.2218250152874231,1
Unsure,80,25,4.85,5.3877500000000005,1847,0.230875,0.008057754755031702,0.2502718731329244,1
Unsure,80,26,7.175,5.097125,1844,0.2305,0.007694846793155807,0.33617660687525036,1
Unsure,80,27,6.0125,5.149375,1799,0.224875,0.006804150820969678,0.309613958253598,1
Unsure,80,28,5.7,6.053625,1676,0.2095,0.007991422362960248,0.29156752269821407,1
Unsure,80,29,6.4875,4.515375000000001,1930,0.24125,0.005860278071009988,0.32558617949982793,1
Unsure,80,30,8.2,5.730000000000001,1722,0.21525,0.008708688819437819,0.34612785036626265,1
Unsure,80,31,4.425,4.3371249999999995,2079,0.259875,0.009542587276407334,0.2336378323235782,1
Unsure,80,32,6.475,5.483375,1787,0.223375,0.008331895757088262,0.32903810346044865,1
Unsure,80,33,5.775,4.5276250000000005,1961,0.245125,0.01069079991937803,0.28634380885161187,1
Unsure,80,34,3.475,4.753875000000001,1954,0.24425,0.008733711160211799,0.1740532503487225,1
Unsure,80,35,5.7375,5.6194999999999995,1780,0.2225,0.007850185189638828,0.3083138131543968,1
Unsure,80,36,5.75,4.162375,2122,0.26525,0.010014404835127277,0.29560667765508286,1
Unsure,80,37,6.0625,5.235875,1870,0.23375,0.007536657001057082,0.3136118126343215,1
Unsure,80,38,3.3875,5.514625,1876,0.2345,0.00632080182872965,0.1677644917515114,1
Unsure,80,39,4.4375,4.311875,2079,0.259875,0.007847018155577918,0.2308505834256674,1
Unsure,80,40,5.4125,4.66425,1951,0.243875,0.008886483919032177,0.27559358401780415,1
Unsure,80,41,7.65,4.956874999999999,1911,0.238875,0.009110286047027228,0.3523751049624961,1
Unsure,80,42,5.5875,4.745374999999999,1982,0.24775,0.008141361059060414,0.27797901491922383,1
Unsure,80,43,5.1125,4.81325,1876,0.2345,0.008375203952103522,0.23910205454506084,1
Unsure,80,44,6.0625,5.566875,1769,0.221125,0.008582837598393313,0.29689574910513994,1
Unsure,80,45,5.175,5.1472500000000005,1965,0.245625,0.010582873108284421,0.2263543462132239,1
Unsure,80,46,3.8125,6.378125,1737,0.217125,0.008642204853926189,0.18730966611432942,1
Unsure,80,47,5.9,4.819125,1959,0.244875,0.007968707384703953,0.30158261099904116,1
Unsure,80,48,7.3125,6.609500000000001,1620,0.2025,0.007868302918988691,0.29873357466947725,1
Unsure,80,49,4.3125,4.5432500000000005,2117,0.264625,0.00720092598022431,0.22331756475500705,1
Unsure,80,50,4.325,4.690625,2018,0.25225,0.008068656893109346,0.22315736452976798,1
Unsure,80,51,5.6375,5.760750000000001,1755,0.219375,0.00675268782998776,0.2615206560109016,1
Unsure,80,52,4.1625,4.964125,1971,0.246375,0.008298376985158314,0.21480810077983317,1
Unsure,80,53,6.525,5.348125,1744,0.218,0.008954003624016776,0.32635682840787833,1
Unsure,80,54,4.3,5.516125,1835,0.229375,0.0069743417206683585,0.2075858907079756,1
Unsure,80,55,6.525,5.987125,1643,0.205375,0.006503586105113023,0.3168873194691483,1
Unsure,80,56,3.75,5.16875,1937,0.242125,0.01042925925468953,0.17400988187269215,1
Unsure,80,57,6.55,5.409374999999999,1781,0.222625,0.00970408598427029,0.3138939945498521,1
Unsure,80,58,4.8625,4.685499999999999,1976,0.247,0.010052825982083688,0.2534105732939002,1
Unsure,80,59,4.8125,5.187625,1809,0.226125,0.010453349015328522,0.2403092968910764,1
Unsure,80,60,4.45,4.738125,1905,0.238125,0.008536239623252475,0.22669408109941105,1
Unsure,80,61,4.3,4.852,1912,0.239,0.009208654929083137,0.2237118286933412,1
Unsure,80,62,4.7,4.571624999999999,2026,0.25325,0.010129733977216393,0.2538496367580626,1
Unsure,80,63,4.4125,4.529375000000001,2084,0.2605,0.010382660226123129,0.21837924353964114,1
Unsure,80,64,3.6,4.69675,2019,0.252375,0.007246017793038592,0.1783181745247257,1
Unsure,80,65,4.7625,5.1005,1836,0.2295,0.008457056638344531,0.2429109297924709,1
Unsure,80,66,5.9,5.106624999999999,1786,0.22325,0.008464493310559346,0.308971607740657,1
Unsure,80,67,5.5375,5.32475,1810,0.22625,0.006673132443142362,0.28528839838263026,1
Unsure,80,68,6.075,5.4266250000000005,1756,0.2195,0.009060568553939007,0.2873534944117596,1
Unsure,80,69,4.55,5.019,1925,0.240625,0.007290050522299984,0.24433959893866178,1
Unsure,80,70,4.35,6.132125000000001,1722,0.21525,0.006950003779816019,0.21319549622335163,1
Unsure,80,71,5.2375,5.5625,1889,0.236125,0.006473965614421323,0.26206189066606855,1
Unsure,80,72,4.7625,5.436125000000001,1822,0.22775,0.008062842824668313,0.23114689500940172,1
Unsure,80,73,4.3375,5.729624999999999,1830,0.22875,0.007269691966252585,0.21210070973267148,1
Unsure,80,74,5.55,4.904625,1899,0.237375,0.008101281091491015,0.261737260553169,1
Unsure,80,75,6.2125,5.690999999999999,1610,0.20125,0.00775478478381894,0.31741937223166,1
Unsure,80,76,6.4625,4.632,2026,0.25325,0.004746719854600255,0.29314991347705743,1
Unsure,80,77,4.8625,5.580875,1759,0.219875,0.007127309650017887,0.26375175802206274,1
Unsure,80,78,4.2125,4.568625,2051,0.256375,0.008883031822339203,0.20983042585209769,1
Unsure,80,79,4.6875,5.371,1883,0.235375,0.008678439286666298,0.22731456948396897,1
Unsure,80,80,4.075,4.5112499999999995,2041,0.255125,0.0097549965496699,0.20546495518930824,1
Unsure,80,81,7.4125,5.174874999999999,1787,0.223375,0.0067447391381291666,0.33982776222928857,1
Unsure,80,82,7.3625,4.723625,1963,0.245375,0.010302096460653165,0.3507075713812692,1
Unsure,80,83,4.5625,4.8045,2041,0.255125,0.008558039704718093,0.2352680284712944,1
Unsure,80,84,3.3125,4.471875,2032,0.254,0.006510048643604834,0.16564702009012733,1
Unsure,80,85,4.7375,4.635875,2012,0.2515,0.008493907798731102,0.24160670402909012,1
Unsure,80,86,3.8625,5.510749999999999,1791,0.223875,0.008511604668903532,0.18565122363147837,1
Unsure,80,87,7.75,5.980625,1686,0.21075,0.008133401781890827,0.3442075064176714,1
Unsure,80,88,5.125,4.3641250000000005,2027,0.253375,0.007426489524019607,0.27239973083668934,1
Unsure,80,89,5.05,4.885125,1944,0.243,0.009293435467204438,0.2643482077626772,1
Unsure,80,90,4.75,5.429375,1844,0.2305,0.008502526553347538,0.21493580414593083,1
Unsure,80,91,5.9,5.809124999999999,1688,0.211,0.008176693077074236,0.2888416745324521,1
Unsure,80,92,3.6625,4.497375000000001,2097,0.262125,0.008376001030742895,0.18330085726462791,1
Unsure,80,93,2.4875,4.448875,2060,0.2575,0.008194778730210808,0.11338889562235151,1
Unsure,80,94,5.3875,4.546000000000001,2006,0.25075,0.00965958023606922,0.2691185623731685,1
Unsure,80,95,4.9,4.6743749999999995,1990,0.24875,0.01016106704065126,0.26175179938376114,1
Unsure,80,96,3.6875,5.814125000000001,1741,0.217625,0.0069175641553564605,0.18376257247850414,1
Unsure,80,97,6.9125,5.425750000000002,1829,0.228625,0.00628104535011627,0.32862811042066753,1
Unsure,80,98,5.85,5.607750000000001,1793,0.224125,0.007901797423483696,0.2767621912766615,1
Unsure,80,99,6.25,4.55425,1947,0.243375,0.007482593303460131,0.3411505009396423,1
Unsure,80,100,6.925,4.2105,2108,0.2635,0.008384524022556083,0.36660118405587605,1
Switch,80,1,2.95,2.2837499999999995,3654,0.45675,0.5953494209716383,0.0583523742661707,1
Switch,80,2,2.2375,2.2607500000000003,3670,0.45875,0.6154180903775385,0.04485899007038713,1
Switch,80,3,2.6625,2.1334999999999997,3864,0.483,0.6191116987419316,0.047980325077175257,1
Switch,80,4,1.8375,2.2277500000000003,3762,0.47025,0.6159785835870446,0.039741021577321886,1
Switch,80,5,2.175,2.2413750000000006,3709,0.463625,0.6230741610345943,0.05103823260073259,1
Switch,80,6,2.7,2.318375,3664,0.458,0.6002314047759978,0.04681347943702399,1
Switch,80,7,2.3125,2.351625,3573,0.446625,0.6266524386372762,0.03572277062892387,1
Switch,80,8,2.425,2.1972500000000004,3791,0.473875,0.61680082265781,0.038384027876578186,1
Switch,80,9,1.8375,2.221,3774,0.47175,0.6255856367462121,0.03915638691373985,1
Switch,80,10,2.1625,2.280875,3679,0.459875,0.6079295662957305,0.0524450419506534,1
Switch,80,11,2.525,2.35625,3542,0.44275,0.6286068906192189,0.051335675633276255,1
Switch,80,12,2.3,2.2767500000000003,3734,0.46675,0.5882542895042611,0.04224900738881002,1
Switch,80,13,2.225,2.2168750000000004,3752,0.469,0.6111400762184652,0.05336345435610142,1
Switch,80,14,2.6,2.3506249999999995,3599,0.449875,0.6147162410894079,0.04667399194653031,1
Switch,80,15,2.7625,2.456125,3509,0.438625,0.6207725247310271,0.051376487523260295,1
Switch,80,16,2.25,2.164875,3849,0.481125,0.596774341129365,0.03830885542476099,1
Switch,80,17,3.0625,2.281125,3673,0.459125,0.601929817532002,0.04834861634174294,1
Switch,80,18,3.1125,2.2060000000000004,3750,0.46875,0.609975383993414,0.06552747728492697,1
Switch,80,19,2.1875,2.279125,3691,0.461375,0.6215358040351697,0.051096598727210174,1
Switch,80,20,2.0625,2.242125,3711,0.463875,0.6150639615529525,0.04966819563520415,1
Switch,80,21,2.4875,2.254875,3651,0.456375,0.6225499722394932,0.03733118366196926,1
Switch,80,22,2.5125,2.27725,3721,0.465125,0.5846052411000453,0.05276696111980554,1
Switch,80,23,2.2625,2.19825,3810,0.47625,0.588431903788444,0.04474940119435088,1
Switch,80,24,2.2,2.252625,3701,0.462625,0.6164675866721315,0.04270833333333333,1
Switch,80,25,2.0875,2.219125,3778,0.47225,0.605696251394622,0.04955615436120466,1
Switch,80,26,2.5875,2.2944999999999998,3691,0.461375,0.5986950922752807,0.05047963222063454,1
Switch,80,27,2.2125,2.21225,3765,0.470625,0.6130957586888431,0.04709249084249084,1
Switch,80,28,1.975,2.2316249999999997,3718,0.46475,0.6033132470944867,0.050036226028873074,1
Switch,80,29,1.9375,2.304875,3638,0.45475,0.6246543784370395,0.029741077117532554,1
Switch,80,30,2.2625,2.28625,3690,0.46125,0.6026601992390502,0.051384544033537836,1
Switch,80,31,2.0875,2.2685000000000004,3687,0.460875,0.6090054110958628,0.04584270406880701,1
Switch,80,32,2.175,2.2803750000000003,3708,0.4635,0.5889020841812589,0.04563201402355814,1
Switch,80,33,2.175,2.2345,3702,0.46275,0.6057298243213132,0.05726164841780166,1
Switch,80,34,2.025,2.24,3800,0.475,0.5960932030556702,0.031694844435750005,1
Switch,80,35,2.1875,2.20575,3758,0.46975,0.6308067399805617,0.04322649572649572,1
Switch,80,36,2.3625,2.273625,3669,0.458625,0.6249053389785667,0.053535686879340114,1
Switch,80,37,2.3,2.3585000000000003,3583,0.447875,0.6171881304602937,0.03712804352510234,1
Switch,80,38,2.3,2.2231250000000005,3733,0.466625,0.5978956624350836,0.04448662958773252,1
Switch,80,39,2.1125,2.2175,3800,0.475,0.598356734918785,0.05947705507641652,1
Switch,80,40,2.475,2.1265,3840,0.48,0.5948747401378494,0.046740499084249085,1
Switch,80,41,2.0,2.2544999999999997,3714,0.46425,0.5817914317334939,0.031955514511923515,1
Switch,80,42,2.0375,2.290625,3715,0.464375,0.608339624929787,0.03601527074147043,1
Switch,80,43,2.2875,2.219125,3741,0.467625,0.6210809187747123,0.03418990479120122,1
Switch,80,44,1.9125,2.237625,3755,0.469375,0.6079637094747758,0.04790922619047618,1
Switch,80,45,2.25,2.160125,3831,0.478875,0.6185035540102697,0.044396623865470615,1
Switch,80,46,3.0875,2.33975,3619,0.452375,0.6243666982733506,0.05518103934464229,1
Switch,80,47,2.35,2.2291250000000002,3734,0.46675,0.606466793830751,0.0575252504848093,1
Switch,80,48,2.55,2.2904999999999998,3623,0.452875,0.5917322711964311,0.0596556093760041,1
Switch,80,49,2.5125,2.346875,3565,0.445625,0.623679635832639,0.0402690467212526,1
Switch,80,50,2.9125,2.3217499999999998,3701,0.462625,0.6078164990760304,0.038088663518713824,1
Switch,80,51,2.375,2.20825,3761,0.470125,0.5995052286701762,0.044434097356891473,1
Switch,80,52,2.625,2.1546250000000002,3819,0.477375,0.5816222592070807,0.07748853066867772,1
Switch,80,53,2.3375,2.234125,3705,0.463125,0.6128634890470301,0.04394779546433958,1
Switch,80,54,1.8625,2.2772500000000004,3697,0.462125,0.5863461816686457,0.03075595546589708,1
Switch,80,55,2.3,2.235625,3757,0.469625,0.5860278801653517,0.05313718756733463,1
Switch,80,56,2.375,2.211125,3743,0.467875,0.6079830372736992,0.05575732199087462,1
Switch,80,57,2.375,2.2537499999999997,3773,0.471625,0.5978622726246748,0.05717738858363858,1
Switch,80,58,3.0625,2.4255,3456,0.432,0.6166017576780117,0.0653427040552663,1
Switch,80,59,2.15,2.31975,3586,0.44825,0.6146043574734619,0.04731897085757379,1
Switch,80,60,1.95,2.2015,3789,0.473625,0.5996726896696221,0.036430501687854625,1
Switch,80,61,2.275,2.1422499999999998,3836,0.4795,0.60079589230776,0.03983393213898244,1
Switch,80,62,2.1375,2.348,3614,0.45175,0.6162198177960793,0.04887284080298786,1
Switch,80,63,2.3375,2.3011250000000003,3641,0.455125,0.6132470222056646,0.04459346719457013,1
Switch,80,64,2.2125,2.271125,3718,0.46475,0.5988721472079703,0.03372975472240178,1
Switch,80,65,2.4125,2.1885,3817,0.477125,0.6049289332326392,0.05345750960640666,1
Switch,80,66,2.4125,2.25825,3677,0.459625,0.6133202332437702,0.055628140510590195,1
Switch,80,67,2.3,2.236875,3761,0.470125,0.6089817077314713,0.06192972180617724,1
Switch,80,68,2.4,2.1390000000000002,3833,0.479125,0.5978872391338242,0.04178751164770901,1
Switch,80,69,2.4,2.35575,3541,0.442625,0.6147029489560554,0.040883531297134235,1
Switch,80,70,1.8,2.20225,3813,0.476625,0.5707920073980428,0.027361111111111107,1
Switch,80,71,1.95,2.2685,3728,0.466,0.5938947444962032,0.03871173325943062,1
Switch,80,72,2.7,2.2353749999999994,3766,0.47075,0.61359691455777,0.06817544662939398,1
Switch,80,73,2.325,2.278,3653,0.456625,0.6139680958365658,0.04618369606614576,1
Switch,80,74,2.475,2.180375,3811,0.476375,0.6026173385724369,0.055300905449899254,1
Switch,80,75,2.5125,2.183375,3778,0.47225,0.6078665389914832,0.05811392699792467,1
Switch,80,76,2.425,2.257625,3715,0.464375,0.5973466386560143,0.056508127289377284,1
Switch,80,77,2.275,2.275375,3716,0.4645,0.5995365808261349,0.05078884581835432,1
Switch,80,78,2.0625,2.21625,3752,0.469,0.5893251173908332,0.04153772085757379,1
Switch,80,79,2.1,2.2993749999999995,3669,0.458625,0.5960385316205743,0.04002318732823763,1
Switch,80,80,1.875,2.2904999999999998,3688,0.461,0.592592031988615,0.03640014499389499,1
Switch,80,81,2.2,2.192625,3771,0.471375,0.6001085074620851,0.051426686059038995,1
Switch,80,82,2.275,2.2837500000000004,3645,0.455625,0.6210069760250102,0.05294413919413919,1
Switch,80,83,2.3625,2.1740000000000004,3783,0.472875,0.596358511952319,0.040865700615603864,1
Switch,80,84,2.075,2.176875,3791,0.473875,0.6130023968254033,0.04415409753645047,1
Switch,80,85,2.0875,2.265875,3747,0.468375,0.6011618404479661,0.048484710091904026,1
Switch,80,86,2.55,2.2136250000000004,3781,0.472625,0.6046394402389689,0.051010309658727174,1
Switch,80,87,2.35,2.254375,3699,0.462375,0.6052197912689259,0.047869990776337516,1
Switch,80,88,2.125,2.1919999999999997,3730,0.46625,0.5878907650280477,0.034144000886454445,1
Switch,80,89,2.2125,2.2767500000000003,3699,0.462375,0.5795093671945789,0.04949862637362637,1
Switch,80,90,2.9875,2.19275,3750,0.46875,0.6118401573955161,0.06567222326607002,1
Switch,80,91,2.2875,2.213125,3768,0.471,0.6074388435897707,0.04870402167277167,1
Switch,80,92,2.1875,2.283875,3694,0.46175,0.6278814269948565,0.05178528015457194,1
Switch,80,93,2.4125,2.2486249999999997,3670,0.45875,0.6083058370746721,0.05668473301938859,1
Switch,80,94,2.375,2.230875,3756,0.4695,0.5758976239611885,0.053990105826406135,1
Switch,80,95,2.7375,2.296875,3661,0.457625,0.6167287193135609,0.050079759064670396,1
Switch,80,96,1.925,2.173,3826,0.47825,0.609668699936202,0.03862448825684119,1
Switch,80,97,2.475,2.2323749999999998,3751,0.468875,0.6100057196415739,0.05584128826969383,1
Switch,80,98,2.1625,2.289625,3648,0.456,0.5930392430044286,0.05136046245421244,1
Switch,80,99,2.3875,2.236125,3729,0.466125,0.599265669080165,0.040843173639226266,1
Switch,80,100,2.15,2.1950000000000003,3803,0.475375,0.601691671543201,0.046936813186813184,1
